account_id,customer_id,product_id,branch_id,open_date,status
1,3789,1,19,2020-10-17,DORMANT
2,372,1,2,2025-01-05,DORMANT
3,2808,2,6,2019-12-16,ACTIVE
4,156,5,11,2025-06-28,ACTIVE
5,2662,4,4,2022-02-17,ACTIVE
6,465,1,1,2021-10-01,ACTIVE
7,4879,4,11,2020-02-02,ACTIVE
8,4900,4,16,2020-10-07,ACTIVE
9,4316,3,6,2020-02-17,ACTIVE
10,1774,3,11,2019-02-06,ACTIVE
11,117,1,8,2025-02-12,ACTIVE
12,2104,4,20,2020-02-24,DORMANT
13,1375,3,1,2023-01-23,ACTIVE
14,3204,5,14,2025-02-12,ACTIVE
15,4404,5,2,2022-01-06,ACTIVE
16,3547,5,6,2024-06-06,ACTIVE
17,3978,5,9,2024-05-16,ACTIVE
18,4318,4,14,2022-10-29,ACTIVE
19,1197,5,8,2021-03-20,ACTIVE
20,3412,4,3,2021-08-15,ACTIVE
21,797,1,10,2019-11-16,ACTIVE
22,3893,1,18,2020-05-28,ACTIVE
23,151,5,20,2019-11-30,ACTIVE
24,3250,5,9,2021-12-30,ACTIVE
25,112,5,9,2020-12-24,ACTIVE
26,683,1,19,2019-01-08,ACTIVE
27,1162,3,13,2023-09-16,ACTIVE
28,2380,1,1,2024-06-26,ACTIVE
29,4989,5,17,2019-06-13,ACTIVE
30,161,3,4,2021-02-19,ACTIVE
31,1426,3,4,2022-08-11,ACTIVE
32,3662,2,16,2024-10-29,ACTIVE
33,278,4,16,2022-07-22,DORMANT
34,3392,5,15,2021-07-09,ACTIVE
35,1557,4,6,2023-06-29,DORMANT
36,4593,2,5,2024-01-19,ACTIVE
37,1916,4,10,2023-05-10,ACTIVE
38,4751,5,7,2022-01-07,ACTIVE
39,3108,2,7,2020-11-10,ACTIVE
40,303,4,10,2022-06-05,CLOSED
41,4534,1,10,2020-03-13,ACTIVE
42,2774,3,15,2021-08-03,ACTIVE
43,4282,2,6,2022-07-07,ACTIVE
44,3246,1,2,2019-01-10,ACTIVE
45,4769,5,8,2019-06-07,ACTIVE
46,1001,3,20,2022-03-27,ACTIVE
47,3835,2,15,2025-06-25,ACTIVE
48,4007,3,18,2022-05-10,ACTIVE
49,4779,2,5,2019-05-01,ACTIVE
50,1719,2,4,2024-12-26,ACTIVE
51,3831,4,10,2020-11-04,DORMANT
52,3182,3,19,2024-07-20,ACTIVE
53,2883,3,14,2022-07-07,CLOSED
54,999,1,13,2022-12-27,ACTIVE
55,285,5,10,2019-02-13,ACTIVE
56,421,1,6,2021-03-26,ACTIVE
57,2161,4,13,2022-10-10,ACTIVE
58,3066,2,11,2019-04-08,ACTIVE
59,2276,4,15,2024-03-09,DORMANT
60,1495,4,2,2025-04-05,ACTIVE
61,3885,1,15,2020-04-19,ACTIVE
62,4624,2,19,2022-11-16,ACTIVE
63,2544,5,17,2019-01-09,ACTIVE
64,4127,4,20,2023-03-17,ACTIVE
65,4258,5,18,2022-11-13,ACTIVE
66,1842,2,6,2024-02-06,CLOSED
67,4801,2,15,2022-05-18,ACTIVE
68,722,1,17,2020-09-07,ACTIVE
69,1402,3,9,2025-01-08,DORMANT
70,446,1,12,2019-01-10,ACTIVE
71,2792,5,5,2020-07-05,ACTIVE
72,4523,1,14,2021-05-29,ACTIVE
73,3768,2,8,2019-09-25,ACTIVE
74,2552,4,17,2020-03-26,ACTIVE
75,1968,3,9,2022-10-23,ACTIVE
76,3889,2,3,2021-12-18,ACTIVE
77,4817,4,7,2019-10-21,ACTIVE
78,2732,5,12,2021-08-09,ACTIVE
79,2630,5,3,2021-05-18,ACTIVE
80,1965,5,9,2019-04-20,CLOSED
81,1058,1,14,2023-04-15,ACTIVE
82,4832,5,18,2024-11-24,ACTIVE
83,758,5,11,2021-10-09,ACTIVE
84,1796,1,4,2025-06-02,ACTIVE
85,1644,4,8,2024-01-29,ACTIVE
86,4850,2,18,2024-06-11,ACTIVE
87,24,3,13,2021-04-24,ACTIVE
88,1240,5,4,2023-09-04,ACTIVE
89,4151,5,10,2024-10-27,CLOSED
90,3098,5,8,2024-06-30,ACTIVE
91,1305,1,12,2022-06-27,ACTIVE
92,2543,1,19,2019-12-05,ACTIVE
93,3713,1,12,2024-10-05,ACTIVE
94,3956,3,2,2019-05-27,ACTIVE
95,4530,2,8,2021-01-15,ACTIVE
96,4304,5,13,2021-11-06,ACTIVE
97,4229,4,1,2022-04-27,ACTIVE
98,1306,5,3,2025-04-14,DORMANT
99,4465,5,2,2025-01-06,CLOSED
100,3175,5,20,2020-12-14,DORMANT
101,3629,5,8,2025-03-14,ACTIVE
102,782,2,3,2023-05-30,ACTIVE
103,567,4,15,2022-11-19,ACTIVE
104,4623,1,2,2023-11-22,ACTIVE
105,4133,4,17,2019-10-31,ACTIVE
106,4274,5,6,2023-05-01,ACTIVE
107,639,4,1,2024-02-21,ACTIVE
108,3701,5,4,2020-01-15,ACTIVE
109,4168,4,19,2020-11-24,ACTIVE
110,2400,3,7,2023-06-07,ACTIVE
111,2671,4,14,2025-01-01,DORMANT
112,1173,1,14,2019-02-19,CLOSED
113,1721,1,10,2022-12-18,ACTIVE
114,105,4,7,2023-10-22,DORMANT
115,1683,4,16,2024-02-23,ACTIVE
116,4317,2,4,2021-04-27,ACTIVE
117,1850,4,7,2022-04-10,DORMANT
118,863,1,15,2023-02-21,ACTIVE
119,3446,3,17,2022-10-14,DORMANT
120,2566,1,3,2025-02-14,ACTIVE
121,299,2,16,2023-04-02,ACTIVE
122,2909,4,2,2019-08-15,ACTIVE
123,4138,3,7,2023-12-13,ACTIVE
124,771,1,16,2019-08-01,ACTIVE
125,2540,3,9,2020-02-23,ACTIVE
126,1463,5,12,2024-02-19,ACTIVE
127,3855,1,1,2021-07-07,ACTIVE
128,3119,5,14,2021-02-15,ACTIVE
129,2133,3,11,2023-04-03,ACTIVE
130,1710,4,18,2025-03-18,ACTIVE
131,991,4,5,2019-06-25,ACTIVE
132,711,4,15,2022-09-07,ACTIVE
133,4305,5,7,2020-06-18,ACTIVE
134,39,4,14,2022-11-18,ACTIVE
135,1276,2,20,2024-01-04,DORMANT
136,4858,1,8,2023-07-22,ACTIVE
137,1437,1,4,2019-11-20,ACTIVE
138,2994,3,3,2019-03-26,ACTIVE
139,1470,5,12,2021-06-05,ACTIVE
140,2100,1,18,2019-04-22,ACTIVE
141,374,5,15,2021-08-06,ACTIVE
142,4252,3,11,2022-11-22,ACTIVE
143,4026,4,11,2019-02-21,ACTIVE
144,1114,3,12,2024-11-01,ACTIVE
145,2727,2,19,2021-01-10,ACTIVE
146,2399,4,17,2020-02-29,ACTIVE
147,3235,4,6,2021-11-10,ACTIVE
148,1266,4,8,2023-09-08,ACTIVE
149,3124,3,15,2019-02-25,DORMANT
150,654,2,20,2021-03-17,ACTIVE
151,4159,5,10,2020-10-16,CLOSED
152,509,3,15,2021-10-03,ACTIVE
153,2340,1,12,2021-06-26,ACTIVE
154,3163,1,11,2019-01-08,ACTIVE
155,1688,3,18,2024-12-11,ACTIVE
156,1389,5,5,2023-11-17,ACTIVE
157,2198,1,12,2022-01-29,ACTIVE
158,3912,5,5,2021-09-16,ACTIVE
159,2929,4,10,2022-01-08,ACTIVE
160,4800,3,14,2024-09-09,DORMANT
161,516,4,16,2020-01-13,ACTIVE
162,3659,1,5,2024-05-03,ACTIVE
163,1834,5,11,2022-08-15,ACTIVE
164,30,4,19,2019-10-09,ACTIVE
165,3215,1,8,2021-11-01,DORMANT
166,326,2,19,2020-09-30,ACTIVE
167,3767,4,20,2019-03-10,ACTIVE
168,4112,2,18,2024-01-13,ACTIVE
169,111,2,12,2024-09-01,ACTIVE
170,107,1,13,2019-12-03,DORMANT
171,2427,3,18,2025-03-06,ACTIVE
172,4379,5,15,2019-08-03,ACTIVE
173,4365,1,15,2020-09-26,ACTIVE
174,2532,4,12,2020-02-27,ACTIVE
175,3145,5,9,2024-10-21,ACTIVE
176,4694,3,19,2021-02-24,ACTIVE
177,799,1,12,2021-07-26,ACTIVE
178,2438,3,5,2023-11-07,ACTIVE
179,2012,4,20,2023-08-17,CLOSED
180,426,1,10,2022-07-21,ACTIVE
181,3045,4,7,2022-06-10,ACTIVE
182,3289,5,11,2025-05-25,ACTIVE
183,2915,5,8,2020-03-14,ACTIVE
184,1240,3,7,2022-08-30,ACTIVE
185,3392,3,16,2023-03-14,ACTIVE
186,4214,5,16,2022-11-18,ACTIVE
187,3998,2,14,2024-09-06,DORMANT
188,3007,5,15,2019-09-27,ACTIVE
189,3040,1,20,2023-01-30,ACTIVE
190,599,4,9,2024-04-29,ACTIVE
191,2088,5,16,2024-10-22,DORMANT
192,1185,5,16,2023-08-08,ACTIVE
193,2751,4,5,2020-11-04,ACTIVE
194,2585,4,3,2025-04-12,ACTIVE
195,4760,1,13,2020-02-14,ACTIVE
196,3514,4,8,2022-12-12,DORMANT
197,4746,3,17,2025-03-08,ACTIVE
198,4055,5,5,2021-03-02,ACTIVE
199,4384,4,6,2022-05-31,ACTIVE
200,3937,1,2,2019-12-26,ACTIVE
201,1700,4,14,2020-08-04,ACTIVE
202,4508,5,4,2021-11-09,ACTIVE
203,2576,2,3,2020-02-27,ACTIVE
204,136,4,9,2019-05-01,DORMANT
205,2026,3,18,2025-01-29,ACTIVE
206,3536,5,12,2019-02-03,ACTIVE
207,4855,1,9,2019-03-12,DORMANT
208,2891,5,18,2020-06-28,ACTIVE
209,2758,2,13,2021-08-25,ACTIVE
210,3774,1,14,2020-06-18,ACTIVE
211,381,2,10,2019-01-14,ACTIVE
212,1529,2,3,2022-08-22,ACTIVE
213,4902,3,7,2019-09-28,DORMANT
214,4572,4,18,2023-12-02,ACTIVE
215,3629,3,16,2023-02-26,ACTIVE
216,849,3,17,2023-05-03,CLOSED
217,4993,3,6,2020-04-07,ACTIVE
218,4128,1,12,2020-06-06,ACTIVE
219,1928,4,19,2021-05-04,DORMANT
220,2166,4,3,2024-08-07,ACTIVE
221,4287,1,3,2020-03-18,ACTIVE
222,2122,3,18,2025-04-17,ACTIVE
223,4719,3,11,2025-01-16,ACTIVE
224,2919,2,6,2024-09-14,ACTIVE
225,4682,2,19,2022-05-06,ACTIVE
226,473,5,5,2022-05-12,DORMANT
227,1788,2,13,2024-09-22,ACTIVE
228,114,4,5,2025-06-20,ACTIVE
229,1337,1,3,2020-02-12,ACTIVE
230,339,3,19,2021-06-13,ACTIVE
231,2286,5,17,2025-03-03,ACTIVE
232,1197,2,3,2022-06-18,ACTIVE
233,79,5,15,2024-09-19,ACTIVE
234,4560,1,17,2024-07-03,DORMANT
235,2653,1,13,2022-10-18,ACTIVE
236,4658,5,14,2021-06-16,ACTIVE
237,4381,5,16,2019-04-05,ACTIVE
238,4319,5,11,2020-06-23,ACTIVE
239,2641,3,17,2024-10-07,CLOSED
240,1257,4,5,2020-05-23,ACTIVE
241,828,2,15,2021-11-11,ACTIVE
242,2719,2,18,2021-01-07,ACTIVE
243,4924,2,16,2022-05-12,ACTIVE
244,2811,5,14,2020-04-15,ACTIVE
245,3386,5,14,2019-10-11,ACTIVE
246,1966,5,13,2020-01-07,ACTIVE
247,2428,3,1,2023-03-02,ACTIVE
248,2842,3,6,2024-12-16,ACTIVE
249,614,3,11,2022-11-04,ACTIVE
250,563,3,11,2020-05-21,ACTIVE
251,4827,1,16,2022-01-23,ACTIVE
252,4353,3,3,2020-07-31,ACTIVE
253,185,3,17,2022-04-15,CLOSED
254,2193,3,14,2021-10-04,ACTIVE
255,4066,2,2,2020-10-29,ACTIVE
256,246,2,9,2022-12-17,ACTIVE
257,4087,2,8,2024-03-22,ACTIVE
258,2235,4,11,2025-06-25,DORMANT
259,866,1,7,2024-10-06,CLOSED
260,2088,5,2,2019-09-30,ACTIVE
261,601,3,4,2022-05-06,CLOSED
262,3034,2,14,2019-02-10,ACTIVE
263,2057,1,13,2021-01-07,ACTIVE
264,2132,3,13,2023-12-02,ACTIVE
265,533,4,13,2022-06-22,CLOSED
266,2043,5,5,2020-12-09,ACTIVE
267,358,3,12,2025-04-02,ACTIVE
268,378,5,6,2019-05-06,ACTIVE
269,2220,3,14,2021-02-16,ACTIVE
270,4489,4,8,2021-04-15,DORMANT
271,4798,1,8,2024-12-27,ACTIVE
272,3308,5,7,2021-05-28,ACTIVE
273,2597,5,17,2020-01-29,ACTIVE
274,784,1,11,2021-04-07,ACTIVE
275,2380,5,10,2024-12-14,ACTIVE
276,3604,2,13,2024-04-27,ACTIVE
277,983,1,10,2021-04-16,ACTIVE
278,3943,4,14,2020-06-08,ACTIVE
279,2591,3,9,2022-06-05,ACTIVE
280,1043,3,7,2019-05-26,ACTIVE
281,2539,1,7,2021-01-04,ACTIVE
282,862,2,18,2024-04-07,ACTIVE
283,1877,4,16,2019-06-18,ACTIVE
284,1836,3,8,2023-04-11,ACTIVE
285,4209,3,16,2022-02-22,ACTIVE
286,3527,2,19,2019-10-27,ACTIVE
287,1686,5,15,2021-07-26,ACTIVE
288,3402,1,15,2020-06-05,ACTIVE
289,1623,2,6,2024-11-22,ACTIVE
290,4958,2,9,2020-09-09,ACTIVE
291,2658,2,15,2021-08-26,DORMANT
292,1933,2,7,2023-09-14,ACTIVE
293,508,5,8,2024-04-19,DORMANT
294,4562,4,18,2020-05-20,ACTIVE
295,3479,2,16,2019-10-29,ACTIVE
296,2657,2,15,2020-10-14,ACTIVE
297,1122,1,3,2019-03-05,ACTIVE
298,290,3,1,2025-03-29,DORMANT
299,2830,5,13,2023-06-11,ACTIVE
300,2210,2,12,2019-11-15,ACTIVE
301,4813,4,9,2023-08-09,CLOSED
302,1401,4,2,2021-04-08,ACTIVE
303,567,4,9,2019-04-02,ACTIVE
304,1474,1,8,2021-08-18,ACTIVE
305,1988,4,5,2019-03-05,ACTIVE
306,3788,1,13,2021-04-23,ACTIVE
307,3866,5,2,2019-08-07,ACTIVE
308,3261,4,10,2020-12-04,ACTIVE
309,3548,3,6,2020-09-10,ACTIVE
310,3252,2,7,2024-04-16,ACTIVE
311,1717,5,3,2019-09-04,ACTIVE
312,1013,3,14,2021-08-21,ACTIVE
313,1311,5,16,2023-02-05,ACTIVE
314,4571,4,6,2021-10-10,ACTIVE
315,618,5,8,2019-02-26,ACTIVE
316,4737,5,1,2021-12-04,ACTIVE
317,4258,5,20,2022-01-14,ACTIVE
318,1983,1,15,2024-07-21,ACTIVE
319,2229,3,17,2021-11-27,ACTIVE
320,4821,4,18,2025-02-07,ACTIVE
321,469,2,3,2025-01-20,ACTIVE
322,4117,4,6,2021-01-26,ACTIVE
323,4356,4,17,2024-02-02,ACTIVE
324,1140,1,13,2024-03-27,ACTIVE
325,1437,1,17,2019-05-06,ACTIVE
326,537,5,16,2019-09-24,ACTIVE
327,952,4,17,2023-06-11,ACTIVE
328,2814,3,1,2023-08-08,ACTIVE
329,3007,1,16,2023-03-12,ACTIVE
330,3995,1,6,2024-06-29,ACTIVE
331,1841,3,8,2020-09-01,ACTIVE
332,851,1,1,2020-04-13,ACTIVE
333,1972,3,2,2021-03-11,ACTIVE
334,1192,2,15,2019-05-13,ACTIVE
335,3921,3,5,2021-10-16,ACTIVE
336,4629,2,20,2019-11-14,ACTIVE
337,2063,5,15,2023-05-20,ACTIVE
338,3047,5,10,2020-12-11,ACTIVE
339,4400,1,5,2020-03-26,ACTIVE
340,3559,3,3,2024-02-25,ACTIVE
341,4512,1,6,2023-10-10,ACTIVE
342,305,3,15,2022-08-16,ACTIVE
343,4909,1,18,2019-05-22,DORMANT
344,2848,5,14,2023-02-06,ACTIVE
345,2436,5,10,2020-07-22,ACTIVE
346,2805,1,4,2025-06-09,ACTIVE
347,1985,3,11,2023-04-29,ACTIVE
348,3937,4,20,2024-03-03,ACTIVE
349,713,3,7,2019-01-30,DORMANT
350,2896,1,15,2022-06-20,ACTIVE
351,1682,3,9,2020-11-25,ACTIVE
352,1334,2,15,2019-06-07,DORMANT
353,3199,3,12,2025-01-02,DORMANT
354,175,5,18,2019-12-06,CLOSED
355,3206,5,6,2023-11-04,ACTIVE
356,1417,2,18,2019-04-02,ACTIVE
357,1988,3,18,2019-11-25,DORMANT
358,4854,4,6,2019-06-21,DORMANT
359,1773,3,15,2020-09-12,ACTIVE
360,4267,5,19,2025-05-08,ACTIVE
361,1075,5,5,2022-01-23,ACTIVE
362,4761,1,4,2021-09-15,ACTIVE
363,592,5,17,2019-03-18,ACTIVE
364,2979,1,10,2025-01-07,ACTIVE
365,3983,5,12,2019-05-22,ACTIVE
366,2411,5,5,2019-08-19,ACTIVE
367,848,4,7,2023-11-29,ACTIVE
368,494,1,12,2024-04-15,ACTIVE
369,546,1,2,2021-08-11,DORMANT
370,5000,5,20,2024-12-15,ACTIVE
371,2287,1,17,2023-10-26,ACTIVE
372,2698,5,13,2024-01-03,ACTIVE
373,3838,5,5,2023-04-03,ACTIVE
374,1541,3,5,2024-12-18,DORMANT
375,884,1,20,2023-01-24,ACTIVE
376,3957,2,12,2019-09-26,ACTIVE
377,3095,1,12,2021-08-19,ACTIVE
378,2366,1,7,2023-05-14,ACTIVE
379,3348,4,6,2023-06-16,DORMANT
380,3072,2,10,2024-05-21,ACTIVE
381,3676,2,19,2021-12-10,ACTIVE
382,4716,4,16,2023-08-30,ACTIVE
383,953,4,2,2021-10-25,CLOSED
384,3301,1,4,2020-10-09,ACTIVE
385,3736,3,9,2021-01-07,ACTIVE
386,3180,4,5,2022-04-22,ACTIVE
387,2964,2,1,2022-12-30,DORMANT
388,4028,2,11,2021-03-30,ACTIVE
389,3248,1,19,2021-06-21,ACTIVE
390,4416,3,3,2025-02-14,ACTIVE
391,3358,5,1,2023-02-12,ACTIVE
392,4972,4,4,2021-09-07,ACTIVE
393,4849,4,9,2020-01-18,ACTIVE
394,2705,1,16,2022-09-07,ACTIVE
395,1038,3,7,2023-01-06,ACTIVE
396,71,2,5,2020-05-04,ACTIVE
397,2875,2,13,2022-03-02,ACTIVE
398,106,5,11,2020-03-01,ACTIVE
399,770,2,14,2025-04-16,ACTIVE
400,2010,4,17,2024-06-05,ACTIVE
401,2941,5,12,2023-05-05,ACTIVE
402,2193,3,19,2022-12-16,ACTIVE
403,3496,5,5,2023-02-08,ACTIVE
404,4312,3,8,2022-11-08,ACTIVE
405,4356,2,2,2025-06-24,CLOSED
406,934,1,17,2021-10-16,ACTIVE
407,575,5,2,2025-03-22,ACTIVE
408,3931,5,3,2020-02-27,ACTIVE
409,4381,4,20,2022-04-29,ACTIVE
410,4088,4,18,2023-12-06,ACTIVE
411,2532,3,15,2023-11-15,ACTIVE
412,2420,1,5,2024-10-27,ACTIVE
413,70,4,17,2021-05-04,ACTIVE
414,4475,4,14,2019-12-31,ACTIVE
415,1303,2,1,2024-08-31,ACTIVE
416,3815,2,14,2020-07-01,ACTIVE
417,2350,4,9,2024-10-04,ACTIVE
418,255,3,5,2022-06-25,ACTIVE
419,1708,1,4,2021-07-13,ACTIVE
420,4788,4,1,2019-09-18,ACTIVE
421,834,3,3,2020-03-10,ACTIVE
422,2765,3,20,2020-06-18,ACTIVE
423,2472,4,11,2020-01-16,ACTIVE
424,3743,3,16,2024-11-20,DORMANT
425,2036,5,11,2019-01-29,ACTIVE
426,1968,3,10,2023-02-15,ACTIVE
427,100,4,12,2021-12-07,ACTIVE
428,1853,3,5,2022-10-22,ACTIVE
429,3184,4,10,2020-06-30,ACTIVE
430,2356,2,13,2019-11-23,ACTIVE
431,112,4,19,2025-05-02,ACTIVE
432,3159,3,7,2023-10-18,ACTIVE
433,183,4,16,2020-12-29,ACTIVE
434,3853,1,6,2019-08-07,ACTIVE
435,165,4,10,2019-05-06,ACTIVE
436,2138,4,10,2021-05-31,ACTIVE
437,2024,1,11,2022-11-03,ACTIVE
438,455,1,10,2019-11-15,ACTIVE
439,2286,1,14,2022-08-21,ACTIVE
440,4823,5,15,2022-05-08,ACTIVE
441,542,4,7,2019-03-26,ACTIVE
442,2666,1,13,2021-11-30,ACTIVE
443,2450,1,11,2023-04-24,CLOSED
444,4938,2,7,2022-10-18,ACTIVE
445,3934,5,11,2024-04-26,ACTIVE
446,2887,4,14,2019-12-28,ACTIVE
447,4615,3,17,2022-04-19,ACTIVE
448,4293,5,16,2022-06-08,ACTIVE
449,3905,5,1,2021-09-14,ACTIVE
450,1689,2,9,2024-01-23,ACTIVE
451,1638,4,9,2022-06-11,DORMANT
452,4729,4,10,2022-12-23,ACTIVE
453,4671,1,19,2021-04-10,ACTIVE
454,4083,1,15,2022-08-10,ACTIVE
455,1891,5,16,2022-10-03,ACTIVE
456,3206,2,11,2021-05-25,ACTIVE
457,478,4,17,2019-12-27,CLOSED
458,2367,2,19,2024-03-13,ACTIVE
459,2527,3,13,2019-12-24,ACTIVE
460,367,4,6,2022-11-07,ACTIVE
461,1837,1,15,2019-03-05,ACTIVE
462,1716,5,16,2022-11-20,ACTIVE
463,13,2,4,2025-02-06,ACTIVE
464,536,1,8,2025-02-14,ACTIVE
465,3240,5,7,2023-02-24,ACTIVE
466,2318,1,17,2020-08-02,ACTIVE
467,4043,4,16,2025-01-26,ACTIVE
468,376,2,2,2019-11-18,ACTIVE
469,1725,3,17,2022-04-10,ACTIVE
470,257,1,4,2025-05-20,ACTIVE
471,2265,2,14,2024-11-28,ACTIVE
472,450,4,8,2024-10-26,ACTIVE
473,894,1,5,2025-04-19,DORMANT
474,3213,4,5,2025-04-02,ACTIVE
475,1185,3,5,2024-11-10,ACTIVE
476,3224,3,5,2024-01-13,ACTIVE
477,1309,5,3,2019-08-10,ACTIVE
478,4706,5,6,2021-06-14,ACTIVE
479,917,5,1,2023-02-22,DORMANT
480,148,4,8,2023-12-23,ACTIVE
481,4752,5,13,2021-09-11,DORMANT
482,2115,2,20,2023-06-21,DORMANT
483,4017,4,6,2025-04-18,DORMANT
484,3941,4,18,2024-08-05,ACTIVE
485,4072,5,18,2024-12-29,ACTIVE
486,2796,5,16,2025-06-16,ACTIVE
487,443,4,8,2022-11-09,ACTIVE
488,2945,3,17,2020-08-04,ACTIVE
489,3937,3,8,2022-08-28,ACTIVE
490,399,5,15,2019-10-29,DORMANT
491,1152,3,10,2023-11-23,ACTIVE
492,3793,2,1,2025-04-13,ACTIVE
493,2996,2,9,2024-05-01,ACTIVE
494,2217,2,17,2022-10-04,ACTIVE
495,1708,4,20,2021-03-01,ACTIVE
496,3332,4,1,2021-06-30,ACTIVE
497,1988,4,9,2022-10-07,ACTIVE
498,4603,4,14,2025-01-10,DORMANT
499,2569,4,5,2023-03-14,ACTIVE
500,161,5,6,2024-05-06,ACTIVE
501,4436,3,5,2020-08-17,ACTIVE
502,3905,5,4,2023-05-10,DORMANT
503,3574,3,16,2019-03-03,DORMANT
504,3178,5,16,2022-03-11,ACTIVE
505,1826,2,10,2020-04-10,DORMANT
506,3925,1,14,2022-03-18,ACTIVE
507,1624,4,13,2025-06-16,DORMANT
508,1177,1,4,2021-03-26,ACTIVE
509,4919,1,14,2024-11-20,ACTIVE
510,3721,2,9,2024-09-06,DORMANT
511,4881,1,3,2020-05-22,ACTIVE
512,3221,1,10,2024-12-21,DORMANT
513,3260,2,15,2019-02-28,ACTIVE
514,131,3,19,2024-10-18,ACTIVE
515,3563,5,2,2024-05-12,ACTIVE
516,1500,1,2,2019-07-04,ACTIVE
517,2789,4,9,2023-02-06,CLOSED
518,4877,2,4,2023-08-08,ACTIVE
519,3709,1,5,2025-01-24,ACTIVE
520,1708,3,2,2020-07-31,ACTIVE
521,1770,3,7,2022-02-21,ACTIVE
522,1319,4,19,2022-05-21,ACTIVE
523,3380,1,6,2019-07-01,ACTIVE
524,2774,4,16,2019-03-12,ACTIVE
525,2991,3,14,2020-07-09,ACTIVE
526,3045,3,12,2021-05-01,DORMANT
527,376,5,6,2022-05-03,ACTIVE
528,3037,3,13,2022-08-08,ACTIVE
529,661,2,15,2021-12-16,CLOSED
530,1404,5,14,2024-03-27,ACTIVE
531,741,4,8,2022-08-16,ACTIVE
532,304,3,20,2025-06-23,ACTIVE
533,1086,2,11,2021-04-08,ACTIVE
534,4882,5,9,2024-11-11,ACTIVE
535,3180,2,12,2019-09-24,ACTIVE
536,1211,5,6,2022-10-31,ACTIVE
537,3035,5,19,2020-09-05,ACTIVE
538,229,5,3,2022-11-01,ACTIVE
539,3120,4,1,2020-07-31,ACTIVE
540,1855,5,15,2020-09-23,ACTIVE
541,268,5,15,2025-05-15,ACTIVE
542,2775,2,5,2022-12-27,ACTIVE
543,2850,5,11,2025-04-08,ACTIVE
544,4350,4,1,2024-07-27,ACTIVE
545,4966,2,10,2022-05-30,ACTIVE
546,2135,5,20,2021-09-11,ACTIVE
547,3460,2,11,2019-01-04,ACTIVE
548,2270,4,7,2025-06-25,ACTIVE
549,990,2,17,2022-09-06,ACTIVE
550,4493,4,12,2021-10-28,ACTIVE
551,938,3,4,2021-12-11,ACTIVE
552,440,5,12,2021-10-20,ACTIVE
553,2359,4,3,2022-03-11,DORMANT
554,2008,5,18,2021-02-17,ACTIVE
555,3346,4,12,2019-10-07,ACTIVE
556,4131,1,19,2022-01-16,ACTIVE
557,4817,1,13,2022-03-29,ACTIVE
558,3744,1,16,2021-09-11,ACTIVE
559,519,4,8,2024-09-06,ACTIVE
560,269,5,6,2021-03-20,ACTIVE
561,4734,1,10,2019-09-29,ACTIVE
562,4186,5,10,2022-01-28,ACTIVE
563,1389,4,6,2022-05-12,ACTIVE
564,1695,5,8,2019-07-09,ACTIVE
565,3274,5,18,2020-06-29,ACTIVE
566,1390,1,17,2025-05-30,ACTIVE
567,3866,2,10,2024-06-26,ACTIVE
568,3030,3,2,2021-04-27,ACTIVE
569,2336,4,12,2022-09-29,ACTIVE
570,3675,4,20,2021-02-09,CLOSED
571,4577,4,10,2021-02-07,ACTIVE
572,501,3,9,2024-10-01,ACTIVE
573,1662,2,16,2021-12-06,ACTIVE
574,2100,5,7,2021-10-07,ACTIVE
575,103,4,9,2020-12-03,ACTIVE
576,2747,5,6,2020-04-09,ACTIVE
577,3277,1,10,2021-07-05,ACTIVE
578,3086,1,7,2022-12-23,ACTIVE
579,3538,1,18,2024-07-23,ACTIVE
580,1328,4,11,2019-07-13,ACTIVE
581,2475,3,1,2019-03-07,ACTIVE
582,1680,4,19,2023-09-22,ACTIVE
583,3747,1,5,2020-08-23,ACTIVE
584,2563,1,6,2023-02-08,ACTIVE
585,4164,4,7,2023-09-08,ACTIVE
586,3318,3,4,2024-03-19,ACTIVE
587,2437,3,16,2020-04-20,ACTIVE
588,308,5,10,2021-06-05,ACTIVE
589,3997,2,15,2019-03-23,DORMANT
590,1090,1,13,2024-05-14,ACTIVE
591,4556,3,8,2019-02-13,ACTIVE
592,2395,1,13,2023-02-10,ACTIVE
593,4005,2,7,2020-09-01,ACTIVE
594,667,1,17,2024-03-03,ACTIVE
595,4164,3,4,2022-09-14,ACTIVE
596,2235,5,7,2022-12-08,ACTIVE
597,1237,4,16,2023-11-23,ACTIVE
598,1624,4,2,2020-12-20,ACTIVE
599,1375,3,14,2020-11-21,ACTIVE
600,3312,3,14,2024-04-29,ACTIVE
601,177,2,8,2019-04-20,ACTIVE
602,1354,1,6,2019-08-07,ACTIVE
603,2929,2,7,2020-04-07,ACTIVE
604,626,4,7,2020-05-29,ACTIVE
605,2655,1,2,2020-09-28,CLOSED
606,3609,2,4,2022-05-01,ACTIVE
607,3716,4,13,2020-09-18,ACTIVE
608,4275,1,10,2019-03-11,ACTIVE
609,395,5,9,2023-02-26,DORMANT
610,1169,5,15,2024-11-14,DORMANT
611,4972,2,12,2024-01-25,ACTIVE
612,198,3,10,2019-08-12,ACTIVE
613,969,1,19,2024-02-09,ACTIVE
614,3909,2,5,2023-06-23,CLOSED
615,3156,3,7,2023-12-11,ACTIVE
616,4765,3,20,2023-11-15,ACTIVE
617,2505,1,11,2021-11-27,CLOSED
618,1277,1,16,2021-02-07,ACTIVE
619,4168,3,13,2024-02-19,ACTIVE
620,4319,4,4,2023-07-27,ACTIVE
621,1270,2,16,2021-09-18,ACTIVE
622,1365,1,13,2023-09-25,ACTIVE
623,924,3,1,2024-07-21,ACTIVE
624,471,4,4,2023-03-10,ACTIVE
625,3017,5,15,2020-05-03,ACTIVE
626,2055,3,16,2019-02-26,ACTIVE
627,4284,4,4,2020-05-26,ACTIVE
628,2052,5,17,2024-11-21,ACTIVE
629,2955,4,11,2024-10-08,ACTIVE
630,1149,1,5,2023-05-21,ACTIVE
631,3087,3,13,2021-01-04,ACTIVE
632,960,5,12,2023-05-02,ACTIVE
633,630,4,3,2020-01-06,ACTIVE
634,775,5,4,2024-09-04,ACTIVE
635,360,2,10,2024-01-17,DORMANT
636,518,3,9,2020-08-28,ACTIVE
637,1344,1,10,2019-04-20,ACTIVE
638,1970,5,13,2021-02-11,ACTIVE
639,3228,4,1,2025-04-20,ACTIVE
640,2900,5,12,2024-01-05,DORMANT
641,935,4,11,2024-02-03,ACTIVE
642,1987,5,8,2024-01-02,ACTIVE
643,4997,1,14,2021-07-05,CLOSED
644,377,1,14,2020-08-19,ACTIVE
645,3561,3,20,2022-05-22,ACTIVE
646,1775,1,17,2024-11-30,ACTIVE
647,1506,5,19,2022-08-28,ACTIVE
648,2655,5,20,2021-08-12,ACTIVE
649,1011,1,17,2022-01-29,DORMANT
650,3478,2,6,2021-01-31,ACTIVE
651,1231,5,14,2021-07-26,ACTIVE
652,1178,3,18,2024-11-01,CLOSED
653,3858,2,17,2020-12-19,ACTIVE
654,2096,1,6,2024-05-07,ACTIVE
655,1673,4,5,2021-08-06,DORMANT
656,1929,5,13,2019-10-29,ACTIVE
657,3840,4,16,2022-05-25,ACTIVE
658,3179,3,9,2024-11-09,DORMANT
659,4269,2,12,2023-01-15,ACTIVE
660,2554,4,10,2020-09-05,ACTIVE
661,2446,3,13,2024-10-19,ACTIVE
662,4390,4,19,2023-03-29,ACTIVE
663,552,4,16,2022-11-25,DORMANT
664,2898,3,17,2020-10-30,ACTIVE
665,1040,5,16,2024-10-29,ACTIVE
666,885,4,14,2019-08-06,ACTIVE
667,3052,3,16,2021-01-18,ACTIVE
668,4230,4,15,2019-05-05,ACTIVE
669,4867,5,12,2019-07-20,ACTIVE
670,3598,3,5,2021-11-09,ACTIVE
671,2556,4,11,2020-12-22,ACTIVE
672,1090,1,5,2021-08-09,ACTIVE
673,4576,5,11,2024-02-25,ACTIVE
674,4959,4,2,2025-02-05,ACTIVE
675,459,2,19,2022-12-03,ACTIVE
676,4722,3,17,2021-12-21,ACTIVE
677,4255,4,19,2025-05-09,ACTIVE
678,2008,5,12,2023-11-12,ACTIVE
679,1921,5,20,2020-11-29,ACTIVE
680,4528,2,5,2020-09-13,ACTIVE
681,1004,2,12,2021-09-12,ACTIVE
682,3084,4,16,2020-04-04,ACTIVE
683,2115,1,1,2021-12-20,ACTIVE
684,2590,5,2,2019-10-27,ACTIVE
685,2144,1,10,2022-06-29,ACTIVE
686,4311,1,2,2022-12-01,ACTIVE
687,2242,4,10,2022-07-03,ACTIVE
688,4981,3,18,2024-01-04,ACTIVE
689,2087,3,1,2023-12-27,ACTIVE
690,939,3,5,2025-05-24,DORMANT
691,4302,2,12,2021-09-15,ACTIVE
692,3971,5,17,2019-08-02,ACTIVE
693,4000,2,19,2020-06-15,ACTIVE
694,4651,5,18,2023-05-19,ACTIVE
695,3409,5,13,2024-06-07,ACTIVE
696,771,5,3,2025-03-08,CLOSED
697,249,4,10,2025-01-27,DORMANT
698,373,3,14,2020-06-21,ACTIVE
699,2927,2,8,2022-07-10,ACTIVE
700,3858,2,10,2020-11-06,ACTIVE
701,4931,4,2,2020-01-25,ACTIVE
702,702,5,13,2024-10-10,CLOSED
703,2186,3,5,2024-11-03,ACTIVE
704,942,1,11,2023-05-28,ACTIVE
705,3915,1,1,2024-10-08,ACTIVE
706,794,4,10,2019-11-16,ACTIVE
707,678,3,13,2020-11-20,ACTIVE
708,1562,1,4,2024-09-30,ACTIVE
709,4054,1,10,2020-10-18,CLOSED
710,453,2,12,2021-04-07,ACTIVE
711,2467,3,14,2022-01-05,ACTIVE
712,3657,1,3,2019-04-29,ACTIVE
713,4147,2,2,2022-04-20,ACTIVE
714,3755,3,19,2020-05-20,CLOSED
715,210,5,11,2025-01-09,ACTIVE
716,4984,3,7,2021-11-07,CLOSED
717,1927,4,18,2020-05-11,ACTIVE
718,4946,2,14,2023-11-07,ACTIVE
719,3967,5,7,2019-03-20,ACTIVE
720,1878,2,7,2019-02-28,ACTIVE
721,627,2,9,2022-12-05,ACTIVE
722,2727,1,12,2023-07-12,ACTIVE
723,1459,3,6,2023-11-08,ACTIVE
724,2825,2,7,2024-02-06,ACTIVE
725,1251,2,4,2023-09-03,ACTIVE
726,4759,4,16,2023-02-20,ACTIVE
727,4364,4,7,2019-09-01,CLOSED
728,2164,4,8,2025-03-05,ACTIVE
729,1624,2,8,2022-01-15,ACTIVE
730,1854,5,20,2023-08-02,DORMANT
731,754,3,3,2024-05-31,ACTIVE
732,1869,2,9,2019-02-08,ACTIVE
733,182,1,19,2023-06-04,DORMANT
734,1514,5,13,2019-01-20,ACTIVE
735,903,5,7,2019-08-09,ACTIVE
736,3345,3,20,2024-02-16,ACTIVE
737,3454,5,15,2025-05-11,ACTIVE
738,3608,3,19,2019-09-08,ACTIVE
739,2557,5,2,2019-07-31,ACTIVE
740,2140,3,12,2020-02-23,ACTIVE
741,4245,4,8,2022-04-10,ACTIVE
742,2165,4,8,2020-05-21,DORMANT
743,2613,5,13,2020-10-07,ACTIVE
744,2022,5,1,2023-07-10,ACTIVE
745,2822,3,10,2021-05-18,DORMANT
746,2282,3,9,2020-05-06,ACTIVE
747,1571,2,2,2025-05-31,ACTIVE
748,1973,4,19,2022-03-15,ACTIVE
749,3987,2,14,2022-06-15,ACTIVE
750,2245,2,10,2021-01-09,ACTIVE
751,2443,1,10,2023-11-26,ACTIVE
752,714,3,8,2020-02-28,ACTIVE
753,3546,1,14,2019-10-19,CLOSED
754,223,1,13,2025-01-12,ACTIVE
755,864,2,6,2024-06-06,ACTIVE
756,4626,1,13,2024-05-11,DORMANT
757,1426,3,3,2019-08-31,ACTIVE
758,2305,2,20,2022-05-15,ACTIVE
759,654,3,13,2023-11-25,ACTIVE
760,1160,5,19,2025-04-24,ACTIVE
761,1843,1,16,2020-08-07,CLOSED
762,444,2,4,2024-09-13,ACTIVE
763,2466,4,3,2022-09-04,ACTIVE
764,4670,3,15,2019-04-05,ACTIVE
765,4437,1,15,2025-03-17,DORMANT
766,2858,3,18,2019-10-28,ACTIVE
767,1281,3,7,2023-07-19,ACTIVE
768,3040,5,20,2022-04-23,ACTIVE
769,3796,3,5,2020-11-20,ACTIVE
770,3638,5,8,2022-03-11,CLOSED
771,3759,5,10,2021-09-19,ACTIVE
772,100,5,1,2024-12-21,ACTIVE
773,2087,1,11,2020-10-22,CLOSED
774,2311,3,3,2024-04-13,ACTIVE
775,4246,3,3,2024-04-09,ACTIVE
776,2738,5,15,2025-04-24,CLOSED
777,1608,3,17,2021-11-28,ACTIVE
778,2954,3,18,2019-11-01,CLOSED
779,3982,5,8,2024-01-22,ACTIVE
780,3195,4,13,2020-06-09,ACTIVE
781,4340,4,10,2020-02-11,ACTIVE
782,4683,5,3,2022-10-14,CLOSED
783,3093,1,20,2021-06-04,ACTIVE
784,2963,3,14,2021-05-22,ACTIVE
785,2663,3,13,2024-05-24,ACTIVE
786,856,4,3,2021-09-16,ACTIVE
787,2147,5,13,2022-07-28,ACTIVE
788,4926,1,20,2023-05-08,ACTIVE
789,1387,5,9,2019-01-11,ACTIVE
790,1717,4,16,2024-06-10,ACTIVE
791,4152,4,8,2021-08-30,ACTIVE
792,1726,3,12,2019-01-09,ACTIVE
793,1954,2,12,2019-01-28,ACTIVE
794,185,1,19,2020-11-16,CLOSED
795,522,1,17,2020-08-04,ACTIVE
796,2312,2,15,2022-05-26,ACTIVE
797,1249,4,18,2023-07-20,ACTIVE
798,1659,5,7,2024-08-12,DORMANT
799,1003,1,13,2022-04-25,ACTIVE
800,3228,2,19,2019-02-12,DORMANT
801,3139,3,16,2023-06-23,ACTIVE
802,1929,3,11,2022-12-05,ACTIVE
803,394,4,5,2019-02-11,ACTIVE
804,1618,1,2,2020-12-30,ACTIVE
805,3642,5,1,2024-06-04,ACTIVE
806,661,1,16,2020-10-09,ACTIVE
807,4165,3,5,2024-06-05,ACTIVE
808,320,1,7,2024-04-12,ACTIVE
809,2225,3,9,2022-03-05,ACTIVE
810,584,2,4,2023-03-23,ACTIVE
811,3601,2,19,2019-02-06,ACTIVE
812,582,3,20,2024-07-12,ACTIVE
813,3697,5,15,2021-04-02,ACTIVE
814,1768,5,7,2020-08-01,ACTIVE
815,1557,1,18,2021-10-17,ACTIVE
816,1799,3,5,2021-12-17,ACTIVE
817,4207,4,13,2025-01-11,ACTIVE
818,999,5,3,2024-03-10,ACTIVE
819,758,5,6,2024-07-15,ACTIVE
820,283,2,12,2019-04-23,ACTIVE
821,4897,5,18,2023-11-15,ACTIVE
822,131,5,18,2023-12-25,ACTIVE
823,1294,5,4,2020-08-23,ACTIVE
824,61,3,20,2020-03-17,ACTIVE
825,2212,3,14,2019-08-16,ACTIVE
826,1549,2,14,2021-05-23,ACTIVE
827,4368,1,1,2022-02-19,CLOSED
828,1782,5,11,2020-11-01,ACTIVE
829,38,1,9,2022-07-15,DORMANT
830,3632,3,18,2020-11-25,ACTIVE
831,2665,5,5,2023-02-17,CLOSED
832,474,1,10,2021-10-24,ACTIVE
833,59,1,15,2019-05-01,ACTIVE
834,2637,4,10,2021-01-11,ACTIVE
835,2615,3,16,2023-02-18,ACTIVE
836,2615,2,4,2022-05-27,ACTIVE
837,5000,2,4,2020-11-24,ACTIVE
838,4479,4,8,2019-09-14,ACTIVE
839,1412,1,6,2024-09-21,ACTIVE
840,85,4,11,2023-04-03,ACTIVE
841,1534,4,13,2023-09-09,ACTIVE
842,3798,3,19,2021-07-01,ACTIVE
843,2675,5,11,2020-08-16,ACTIVE
844,2874,1,2,2021-10-30,ACTIVE
845,3121,2,3,2019-07-31,ACTIVE
846,1091,2,15,2023-08-03,ACTIVE
847,2835,4,13,2024-05-15,ACTIVE
848,4225,4,10,2022-11-06,ACTIVE
849,2077,4,5,2022-11-13,ACTIVE
850,3191,1,11,2021-07-10,ACTIVE
851,4788,4,14,2021-07-10,ACTIVE
852,4229,4,20,2024-10-31,ACTIVE
853,1209,5,15,2024-08-01,ACTIVE
854,3578,1,13,2025-01-08,ACTIVE
855,4742,3,3,2023-10-25,ACTIVE
856,2582,3,9,2023-02-02,ACTIVE
857,3788,5,8,2019-03-19,ACTIVE
858,516,2,15,2020-02-16,ACTIVE
859,2213,3,1,2023-04-27,ACTIVE
860,2975,1,2,2023-05-17,DORMANT
861,933,2,9,2019-11-09,ACTIVE
862,1664,4,17,2019-01-04,ACTIVE
863,557,1,9,2019-04-19,ACTIVE
864,1672,2,1,2021-06-04,ACTIVE
865,993,3,8,2019-04-03,ACTIVE
866,1629,4,5,2022-01-27,CLOSED
867,1692,4,11,2019-07-11,ACTIVE
868,4853,1,6,2022-05-20,ACTIVE
869,1105,4,17,2020-09-18,ACTIVE
870,1271,2,18,2020-07-26,ACTIVE
871,2903,5,18,2024-04-09,DORMANT
872,4745,3,5,2019-07-15,ACTIVE
873,1410,1,5,2019-09-19,ACTIVE
874,3647,5,19,2025-06-27,ACTIVE
875,1331,5,13,2024-04-18,DORMANT
876,4724,1,7,2019-11-28,CLOSED
877,2055,2,14,2022-08-12,ACTIVE
878,954,3,8,2022-06-13,ACTIVE
879,1843,1,3,2020-11-11,ACTIVE
880,2803,5,4,2024-08-16,ACTIVE
881,10,5,10,2020-06-17,CLOSED
882,2610,1,4,2024-10-20,ACTIVE
883,122,5,18,2023-03-04,ACTIVE
884,4783,1,12,2024-12-26,ACTIVE
885,2561,1,20,2019-11-20,ACTIVE
886,3038,3,20,2024-04-24,ACTIVE
887,441,1,15,2019-03-14,ACTIVE
888,2750,5,13,2022-11-13,ACTIVE
889,591,4,12,2022-06-15,ACTIVE
890,1369,3,8,2021-09-14,ACTIVE
891,1990,5,9,2022-09-07,ACTIVE
892,1362,5,20,2023-11-22,ACTIVE
893,3774,3,9,2022-08-21,ACTIVE
894,2065,3,17,2021-10-28,ACTIVE
895,2416,5,1,2024-06-29,ACTIVE
896,2952,4,6,2022-05-15,ACTIVE
897,2769,2,7,2020-02-15,ACTIVE
898,3417,5,9,2025-04-24,ACTIVE
899,1577,3,10,2023-12-25,ACTIVE
900,115,1,4,2024-12-13,ACTIVE
901,1369,1,16,2022-04-08,ACTIVE
902,139,3,12,2020-10-23,CLOSED
903,4924,3,9,2022-05-14,ACTIVE
904,4942,2,3,2022-09-18,ACTIVE
905,3374,3,9,2023-08-01,ACTIVE
906,1316,1,17,2021-12-24,ACTIVE
907,74,4,14,2024-11-05,ACTIVE
908,3847,3,5,2024-02-02,CLOSED
909,484,2,1,2021-12-02,ACTIVE
910,4112,4,1,2024-03-21,ACTIVE
911,1550,2,3,2024-05-14,CLOSED
912,1360,4,9,2020-05-14,ACTIVE
913,1897,3,6,2022-07-26,ACTIVE
914,4225,1,9,2019-11-22,ACTIVE
915,511,4,4,2022-12-12,ACTIVE
916,423,5,20,2020-07-06,ACTIVE
917,2433,2,19,2024-04-21,CLOSED
918,1907,4,5,2021-06-06,ACTIVE
919,4328,2,5,2021-09-22,ACTIVE
920,959,1,14,2021-07-17,DORMANT
921,825,2,10,2019-11-04,ACTIVE
922,65,2,16,2022-08-23,ACTIVE
923,4929,5,6,2024-04-06,ACTIVE
924,4711,2,20,2020-04-14,ACTIVE
925,3349,4,14,2023-07-13,ACTIVE
926,801,2,18,2020-09-16,ACTIVE
927,278,3,9,2025-05-27,ACTIVE
928,1718,2,7,2019-09-06,ACTIVE
929,2414,3,18,2025-06-29,ACTIVE
930,1239,2,10,2023-01-06,ACTIVE
931,4524,2,2,2020-08-26,ACTIVE
932,1487,4,13,2019-02-28,CLOSED
933,4682,3,6,2021-10-17,ACTIVE
934,3299,3,9,2025-05-05,ACTIVE
935,4471,5,20,2022-09-03,ACTIVE
936,2996,2,8,2024-11-11,ACTIVE
937,93,2,10,2022-07-01,ACTIVE
938,3532,4,16,2020-11-17,ACTIVE
939,1841,5,15,2020-05-29,ACTIVE
940,3528,5,13,2020-06-16,ACTIVE
941,1622,4,18,2020-02-06,ACTIVE
942,1562,3,6,2024-11-10,ACTIVE
943,1417,1,20,2020-07-27,ACTIVE
944,2965,4,9,2023-04-15,ACTIVE
945,4191,3,18,2021-08-28,ACTIVE
946,1131,5,7,2023-12-11,ACTIVE
947,1414,4,5,2020-03-12,ACTIVE
948,3598,1,11,2024-06-25,ACTIVE
949,3745,2,13,2022-10-30,ACTIVE
950,2119,4,3,2023-04-04,ACTIVE
951,664,1,1,2023-06-27,ACTIVE
952,2635,1,4,2021-01-31,DORMANT
953,2775,4,19,2023-01-02,CLOSED
954,3970,3,18,2025-05-01,ACTIVE
955,3491,4,6,2021-05-10,ACTIVE
956,1572,5,10,2024-05-28,ACTIVE
957,1524,1,7,2021-05-16,ACTIVE
958,988,1,12,2022-01-27,DORMANT
959,3239,2,8,2021-11-19,ACTIVE
960,3846,1,13,2022-08-07,ACTIVE
961,3694,2,18,2024-05-16,DORMANT
962,99,1,14,2019-01-28,ACTIVE
963,2289,1,11,2025-05-24,ACTIVE
964,1515,4,10,2020-08-03,DORMANT
965,4298,4,6,2025-04-18,DORMANT
966,634,5,13,2021-07-15,ACTIVE
967,4842,3,10,2024-11-27,ACTIVE
968,4586,5,12,2024-03-03,ACTIVE
969,579,1,1,2023-04-05,ACTIVE
970,3960,5,18,2019-10-03,ACTIVE
971,273,4,13,2025-04-13,ACTIVE
972,4882,1,4,2022-09-09,ACTIVE
973,3955,1,6,2024-12-12,ACTIVE
974,3928,5,18,2019-06-02,ACTIVE
975,453,2,5,2023-05-24,ACTIVE
976,1176,3,18,2024-03-16,ACTIVE
977,4912,5,5,2024-08-29,ACTIVE
978,414,5,7,2024-01-01,ACTIVE
979,1551,3,9,2019-09-04,ACTIVE
980,4527,1,3,2022-11-14,ACTIVE
981,4991,1,12,2022-10-02,ACTIVE
982,1947,2,20,2022-05-11,ACTIVE
983,192,5,14,2021-10-29,ACTIVE
984,41,3,8,2023-09-12,ACTIVE
985,1860,5,12,2023-08-19,ACTIVE
986,1333,4,7,2024-11-20,ACTIVE
987,3450,5,9,2025-03-31,ACTIVE
988,136,5,12,2023-07-29,ACTIVE
989,4202,4,4,2019-02-06,CLOSED
990,4615,4,5,2023-06-16,DORMANT
991,1942,3,9,2025-05-28,ACTIVE
992,1566,1,7,2024-08-26,ACTIVE
993,4222,2,14,2024-11-07,ACTIVE
994,389,4,20,2022-10-03,ACTIVE
995,1559,1,17,2020-11-07,DORMANT
996,2122,3,1,2021-09-03,ACTIVE
997,1029,5,15,2023-01-07,ACTIVE
998,3535,3,15,2019-09-10,CLOSED
999,82,3,1,2023-06-05,ACTIVE
1000,776,4,15,2024-07-09,ACTIVE
1001,3039,2,2,2025-02-09,ACTIVE
1002,4374,4,4,2025-05-26,ACTIVE
1003,2888,5,17,2021-01-30,ACTIVE
1004,1879,4,16,2025-01-14,ACTIVE
1005,2272,5,18,2020-01-28,CLOSED
1006,1608,4,16,2020-03-06,ACTIVE
1007,3140,2,8,2021-09-23,ACTIVE
1008,606,1,6,2021-12-27,DORMANT
1009,4736,2,20,2022-01-05,ACTIVE
1010,3415,4,2,2019-04-12,ACTIVE
1011,3666,3,19,2021-06-11,ACTIVE
1012,2145,1,13,2025-03-04,ACTIVE
1013,4271,3,6,2025-03-10,ACTIVE
1014,3766,2,6,2024-10-27,ACTIVE
1015,1377,1,13,2023-11-24,ACTIVE
1016,3463,4,1,2024-12-20,ACTIVE
1017,348,3,9,2022-05-05,ACTIVE
1018,1,4,12,2020-04-16,ACTIVE
1019,63,5,12,2023-11-16,ACTIVE
1020,1784,1,4,2025-05-26,ACTIVE
1021,3815,3,19,2022-07-03,ACTIVE
1022,226,2,16,2023-02-07,ACTIVE
1023,1043,2,12,2020-02-26,ACTIVE
1024,845,2,1,2020-06-22,ACTIVE
1025,2681,2,4,2023-09-03,ACTIVE
1026,4120,3,9,2023-11-16,ACTIVE
1027,1235,5,7,2025-06-06,ACTIVE
1028,1985,2,10,2022-08-04,DORMANT
1029,4257,2,13,2024-05-14,ACTIVE
1030,1279,2,8,2021-09-12,ACTIVE
1031,1595,5,20,2021-03-16,ACTIVE
1032,2552,1,10,2025-04-23,ACTIVE
1033,1953,2,10,2022-03-22,ACTIVE
1034,1696,2,8,2020-10-10,ACTIVE
1035,955,2,20,2025-03-19,ACTIVE
1036,3292,1,15,2023-09-21,ACTIVE
1037,357,2,1,2022-12-30,CLOSED
1038,3596,1,15,2024-12-23,ACTIVE
1039,969,1,17,2023-04-01,ACTIVE
1040,242,4,13,2020-09-17,ACTIVE
1041,3447,4,12,2021-02-14,ACTIVE
1042,4235,2,3,2022-07-26,ACTIVE
1043,2145,3,19,2022-06-22,ACTIVE
1044,147,4,5,2023-11-09,ACTIVE
1045,543,4,3,2022-03-12,ACTIVE
1046,692,3,5,2023-03-31,ACTIVE
1047,1026,5,9,2024-11-10,ACTIVE
1048,4051,2,6,2022-11-07,CLOSED
1049,4006,5,16,2024-03-27,ACTIVE
1050,3360,5,10,2025-05-15,ACTIVE
1051,2952,1,16,2023-10-17,ACTIVE
1052,730,1,3,2020-09-12,DORMANT
1053,4500,2,18,2022-08-04,ACTIVE
1054,2556,3,11,2020-11-02,ACTIVE
1055,1151,1,19,2021-03-11,ACTIVE
1056,1736,4,15,2019-06-20,DORMANT
1057,1039,2,11,2023-03-29,ACTIVE
1058,2913,5,10,2022-11-17,ACTIVE
1059,4841,2,9,2024-06-04,ACTIVE
1060,2541,1,3,2025-02-10,ACTIVE
1061,4415,3,9,2021-07-27,ACTIVE
1062,1243,5,18,2021-04-14,ACTIVE
1063,773,3,12,2025-03-06,ACTIVE
1064,1917,2,16,2024-08-08,ACTIVE
1065,3413,3,4,2022-10-16,CLOSED
1066,2500,3,1,2024-07-24,ACTIVE
1067,3441,2,13,2023-01-04,ACTIVE
1068,3546,5,8,2022-06-09,ACTIVE
1069,1214,3,6,2021-10-01,ACTIVE
1070,2932,3,8,2023-09-28,ACTIVE
1071,419,2,19,2022-06-26,DORMANT
1072,3782,4,12,2022-09-02,ACTIVE
1073,4961,3,1,2025-04-30,ACTIVE
1074,789,1,4,2023-10-19,ACTIVE
1075,1872,5,13,2024-05-10,CLOSED
1076,4591,3,17,2021-07-01,CLOSED
1077,2026,2,19,2023-08-19,CLOSED
1078,2447,1,19,2019-03-11,ACTIVE
1079,4824,2,5,2022-06-11,ACTIVE
1080,561,3,11,2020-03-07,ACTIVE
1081,2652,1,7,2021-12-13,ACTIVE
1082,3905,5,3,2019-06-19,ACTIVE
1083,540,5,11,2024-09-14,ACTIVE
1084,4756,5,17,2024-05-04,ACTIVE
1085,3137,4,11,2024-06-07,ACTIVE
1086,3290,2,15,2019-09-16,ACTIVE
1087,2611,3,19,2025-04-17,CLOSED
1088,4913,1,8,2024-08-22,ACTIVE
1089,1945,2,16,2024-10-05,DORMANT
1090,3146,3,15,2021-09-30,ACTIVE
1091,2759,4,3,2022-03-30,ACTIVE
1092,3261,3,6,2020-03-12,CLOSED
1093,4108,2,3,2019-08-18,ACTIVE
1094,1896,3,5,2021-04-10,ACTIVE
1095,2501,1,1,2021-04-20,ACTIVE
1096,2830,4,14,2022-05-01,ACTIVE
1097,3874,1,12,2020-09-11,ACTIVE
1098,48,4,13,2022-07-05,ACTIVE
1099,2365,4,14,2020-09-13,CLOSED
1100,2257,3,12,2020-09-26,DORMANT
1101,4673,1,13,2024-06-16,ACTIVE
1102,754,4,6,2023-11-01,ACTIVE
1103,2803,4,15,2025-05-29,DORMANT
1104,4650,3,16,2022-11-10,ACTIVE
1105,3653,2,9,2021-04-08,ACTIVE
1106,403,2,8,2025-03-31,ACTIVE
1107,2087,5,5,2023-09-23,ACTIVE
1108,2228,5,15,2020-06-20,ACTIVE
1109,3411,4,7,2022-11-03,ACTIVE
1110,2991,2,17,2021-03-15,ACTIVE
1111,4644,4,16,2024-07-29,ACTIVE
1112,1150,1,11,2021-05-01,ACTIVE
1113,63,2,7,2025-02-03,ACTIVE
1114,4940,2,11,2020-07-09,ACTIVE
1115,3154,2,2,2022-05-30,ACTIVE
1116,1009,5,2,2021-08-05,ACTIVE
1117,2032,3,6,2019-08-16,ACTIVE
1118,1323,3,3,2024-02-08,ACTIVE
1119,2082,5,1,2024-04-17,ACTIVE
1120,752,5,20,2019-09-11,ACTIVE
1121,4145,5,16,2024-08-15,ACTIVE
1122,658,3,14,2024-09-25,ACTIVE
1123,1661,4,17,2019-09-11,ACTIVE
1124,701,5,18,2019-02-28,ACTIVE
1125,1081,4,4,2023-09-18,ACTIVE
1126,2157,4,3,2021-10-11,ACTIVE
1127,1541,1,8,2022-04-29,ACTIVE
1128,3033,3,4,2019-09-22,ACTIVE
1129,1984,4,15,2023-09-04,ACTIVE
1130,315,3,13,2023-05-01,ACTIVE
1131,3082,3,14,2025-04-12,ACTIVE
1132,4734,1,14,2021-07-26,ACTIVE
1133,2315,3,5,2021-05-27,ACTIVE
1134,2136,4,5,2020-06-30,ACTIVE
1135,1650,2,13,2020-02-02,DORMANT
1136,3220,4,4,2024-08-01,ACTIVE
1137,3801,4,18,2025-01-24,DORMANT
1138,2479,3,6,2023-06-19,ACTIVE
1139,4068,4,5,2024-01-26,ACTIVE
1140,1776,2,3,2019-08-18,DORMANT
1141,1967,3,20,2020-12-03,ACTIVE
1142,1768,5,3,2022-11-28,ACTIVE
1143,3816,4,3,2024-12-31,ACTIVE
1144,242,4,20,2023-08-27,ACTIVE
1145,4798,1,2,2023-04-04,ACTIVE
1146,2950,5,20,2024-10-16,ACTIVE
1147,4837,5,18,2024-11-15,CLOSED
1148,4877,2,10,2019-01-07,ACTIVE
1149,2257,5,7,2019-06-26,ACTIVE
1150,4112,1,20,2022-05-14,DORMANT
1151,3369,2,14,2019-10-26,ACTIVE
1152,367,5,10,2023-12-29,ACTIVE
1153,2828,2,20,2025-03-26,ACTIVE
1154,1253,5,16,2020-09-22,ACTIVE
1155,2488,5,6,2019-09-27,CLOSED
1156,4786,5,17,2019-03-22,ACTIVE
1157,3604,4,6,2023-08-23,ACTIVE
1158,3522,5,18,2021-03-30,ACTIVE
1159,4943,4,10,2020-05-15,ACTIVE
1160,4518,3,10,2023-02-19,ACTIVE
1161,1644,1,9,2023-02-20,ACTIVE
1162,1213,2,15,2021-09-16,ACTIVE
1163,4704,2,11,2023-02-10,ACTIVE
1164,20,3,7,2022-08-05,ACTIVE
1165,676,5,18,2024-11-23,ACTIVE
1166,4478,1,2,2020-10-02,ACTIVE
1167,609,3,2,2020-08-31,ACTIVE
1168,62,3,13,2021-10-05,ACTIVE
1169,1266,2,11,2023-05-19,ACTIVE
1170,2286,4,19,2023-07-22,ACTIVE
1171,1155,4,20,2024-01-03,ACTIVE
1172,1629,5,1,2024-06-20,ACTIVE
1173,1627,5,17,2024-04-10,ACTIVE
1174,3717,3,20,2019-04-14,ACTIVE
1175,1443,5,18,2023-03-12,ACTIVE
1176,1654,4,8,2024-06-10,ACTIVE
1177,2503,1,13,2021-12-14,DORMANT
1178,3270,2,4,2019-05-01,ACTIVE
1179,282,4,19,2020-02-11,ACTIVE
1180,4982,5,3,2020-11-06,ACTIVE
1181,1025,2,6,2023-07-13,ACTIVE
1182,4819,2,6,2020-03-07,DORMANT
1183,3404,3,6,2021-06-27,CLOSED
1184,1236,5,8,2019-03-02,ACTIVE
1185,4183,3,17,2022-06-24,ACTIVE
1186,4761,2,10,2023-06-02,ACTIVE
1187,4958,3,5,2021-11-13,ACTIVE
1188,786,5,19,2022-08-24,ACTIVE
1189,3318,4,11,2025-03-12,CLOSED
1190,1668,1,10,2019-09-19,ACTIVE
1191,3009,4,3,2022-12-07,DORMANT
1192,3195,2,10,2024-12-10,ACTIVE
1193,4790,4,2,2021-02-02,ACTIVE
1194,3776,3,9,2025-06-25,ACTIVE
1195,2447,5,5,2025-01-14,ACTIVE
1196,3791,4,17,2023-08-12,ACTIVE
1197,534,4,6,2021-12-24,ACTIVE
1198,402,5,11,2020-01-04,ACTIVE
1199,3664,3,5,2021-05-19,ACTIVE
1200,130,1,7,2021-10-24,ACTIVE
1201,2340,4,7,2021-07-02,ACTIVE
1202,4372,2,4,2023-11-15,ACTIVE
1203,2960,3,10,2023-06-19,ACTIVE
1204,1859,3,18,2020-06-26,ACTIVE
1205,2974,4,1,2025-01-12,ACTIVE
1206,4151,5,14,2021-01-21,DORMANT
1207,3650,4,6,2024-10-12,ACTIVE
1208,2787,4,11,2020-02-25,DORMANT
1209,3098,5,14,2025-06-28,ACTIVE
1210,3513,2,20,2023-01-26,ACTIVE
1211,4861,5,3,2023-05-23,ACTIVE
1212,1221,4,16,2020-06-30,ACTIVE
1213,642,1,16,2025-04-17,DORMANT
1214,3315,5,7,2021-05-15,ACTIVE
1215,724,2,8,2023-04-21,ACTIVE
1216,4898,5,4,2020-03-29,ACTIVE
1217,738,5,12,2023-10-24,ACTIVE
1218,4854,3,12,2020-11-09,ACTIVE
1219,1300,3,10,2019-10-01,ACTIVE
1220,3481,4,12,2019-03-01,ACTIVE
1221,340,4,11,2019-12-08,ACTIVE
1222,153,5,11,2022-11-18,ACTIVE
1223,1422,1,15,2024-11-30,ACTIVE
1224,3052,4,6,2023-12-20,ACTIVE
1225,427,5,11,2024-10-16,ACTIVE
1226,3559,5,2,2022-08-31,ACTIVE
1227,1136,5,9,2020-04-11,ACTIVE
1228,2373,5,11,2025-04-29,ACTIVE
1229,3330,5,16,2020-12-20,ACTIVE
1230,950,3,13,2022-05-20,DORMANT
1231,1374,2,13,2020-07-16,ACTIVE
1232,957,2,18,2021-09-09,ACTIVE
1233,1702,5,1,2025-05-24,ACTIVE
1234,2942,4,20,2020-02-29,ACTIVE
1235,2483,1,10,2020-07-07,ACTIVE
1236,1304,5,19,2021-01-28,ACTIVE
1237,371,1,17,2023-09-27,ACTIVE
1238,2981,3,1,2019-09-01,ACTIVE
1239,2297,2,1,2022-09-19,ACTIVE
1240,4799,3,17,2022-02-03,DORMANT
1241,2126,4,15,2023-11-21,ACTIVE
1242,2967,4,2,2024-03-25,DORMANT
1243,4146,5,11,2024-05-16,DORMANT
1244,2743,4,2,2022-04-03,ACTIVE
1245,4022,4,20,2024-02-13,ACTIVE
1246,2365,3,9,2024-07-02,ACTIVE
1247,763,1,19,2021-12-16,DORMANT
1248,4063,2,2,2021-08-17,ACTIVE
1249,1005,4,16,2022-04-26,ACTIVE
1250,3756,4,20,2019-11-20,ACTIVE
1251,2847,3,9,2025-01-11,CLOSED
1252,350,2,20,2024-10-07,ACTIVE
1253,2965,3,4,2023-11-30,ACTIVE
1254,687,1,13,2025-02-26,ACTIVE
1255,4638,3,15,2025-05-31,ACTIVE
1256,3127,2,20,2024-05-29,ACTIVE
1257,4457,2,2,2022-11-14,ACTIVE
1258,2756,4,20,2022-07-31,ACTIVE
1259,3525,1,18,2022-12-26,ACTIVE
1260,3625,5,9,2021-08-20,ACTIVE
1261,2733,4,20,2023-09-14,ACTIVE
1262,1694,3,1,2022-07-19,ACTIVE
1263,2893,3,3,2021-05-24,ACTIVE
1264,3812,2,17,2025-01-14,ACTIVE
1265,4181,2,11,2020-03-07,ACTIVE
1266,685,2,8,2022-02-13,DORMANT
1267,4341,5,12,2020-09-10,ACTIVE
1268,2920,5,11,2020-09-10,ACTIVE
1269,3757,4,13,2020-03-10,ACTIVE
1270,3284,5,15,2023-03-26,ACTIVE
1271,4692,2,20,2021-07-20,ACTIVE
1272,4027,4,17,2020-07-25,ACTIVE
1273,1157,4,12,2019-09-23,ACTIVE
1274,3062,1,19,2019-04-12,ACTIVE
1275,4446,5,20,2023-03-15,ACTIVE
1276,2330,3,11,2025-03-19,ACTIVE
1277,1293,3,10,2022-04-28,ACTIVE
1278,1885,1,17,2020-10-01,ACTIVE
1279,1561,2,13,2019-11-30,ACTIVE
1280,984,1,16,2021-06-25,DORMANT
1281,2068,2,20,2023-05-01,DORMANT
1282,1864,5,20,2023-05-24,ACTIVE
1283,1980,5,17,2024-03-14,CLOSED
1284,1737,4,5,2020-07-23,DORMANT
1285,2453,4,9,2024-12-02,CLOSED
1286,1919,4,4,2023-03-26,ACTIVE
1287,701,4,9,2021-06-27,DORMANT
1288,4047,3,16,2020-01-02,ACTIVE
1289,2074,4,7,2024-12-05,DORMANT
1290,4662,4,14,2021-10-10,ACTIVE
1291,3754,4,14,2024-02-16,DORMANT
1292,395,2,7,2021-03-24,ACTIVE
1293,1957,4,16,2019-07-25,ACTIVE
1294,3049,1,18,2021-03-26,DORMANT
1295,3453,4,6,2019-03-07,ACTIVE
1296,523,4,7,2024-08-13,ACTIVE
1297,1563,3,19,2019-01-03,ACTIVE
1298,2910,4,8,2023-10-05,CLOSED
1299,2850,2,1,2019-11-21,DORMANT
1300,550,5,17,2022-06-17,ACTIVE
1301,1469,4,19,2024-07-31,CLOSED
1302,833,4,7,2020-08-27,ACTIVE
1303,4483,4,18,2021-03-06,ACTIVE
1304,1422,3,6,2023-12-27,ACTIVE
1305,286,5,6,2019-12-13,ACTIVE
1306,2746,3,1,2021-12-17,ACTIVE
1307,3766,3,10,2019-02-28,ACTIVE
1308,4465,3,8,2023-09-06,ACTIVE
1309,1446,2,7,2025-03-04,ACTIVE
1310,1467,5,9,2019-04-21,ACTIVE
1311,1777,2,1,2019-01-23,CLOSED
1312,3656,2,11,2022-12-22,ACTIVE
1313,915,5,3,2024-05-17,ACTIVE
1314,288,2,18,2021-02-25,ACTIVE
1315,4191,5,6,2023-09-04,CLOSED
1316,2089,4,11,2024-05-11,ACTIVE
1317,4427,3,5,2021-01-16,ACTIVE
1318,1805,2,20,2020-05-29,ACTIVE
1319,1179,5,4,2024-12-31,CLOSED
1320,2552,1,8,2023-11-01,DORMANT
1321,4371,2,10,2025-05-30,CLOSED
1322,1589,2,3,2019-11-21,ACTIVE
1323,1957,5,13,2025-02-18,ACTIVE
1324,1776,1,17,2024-07-12,DORMANT
1325,4863,1,5,2021-12-07,ACTIVE
1326,988,4,8,2023-04-12,ACTIVE
1327,1204,2,19,2023-03-25,ACTIVE
1328,3331,3,18,2023-10-22,ACTIVE
1329,1120,2,1,2020-06-09,ACTIVE
1330,197,3,4,2021-07-07,ACTIVE
1331,3976,3,18,2024-09-07,ACTIVE
1332,526,5,14,2020-06-21,ACTIVE
1333,4728,2,11,2023-10-16,ACTIVE
1334,1411,5,9,2024-12-30,ACTIVE
1335,4504,4,13,2020-09-18,DORMANT
1336,1293,3,17,2021-04-20,ACTIVE
1337,1195,1,15,2025-03-15,ACTIVE
1338,1949,3,2,2020-08-15,ACTIVE
1339,3656,4,6,2020-12-13,ACTIVE
1340,4787,3,7,2019-03-08,ACTIVE
1341,2218,5,2,2021-01-30,ACTIVE
1342,4255,2,13,2024-12-31,ACTIVE
1343,3581,1,10,2022-03-10,ACTIVE
1344,1018,5,16,2022-10-01,ACTIVE
1345,3154,2,9,2020-04-09,ACTIVE
1346,3591,1,8,2019-04-06,ACTIVE
1347,4208,4,15,2020-02-12,ACTIVE
1348,4070,3,7,2024-01-28,DORMANT
1349,48,1,19,2021-03-14,ACTIVE
1350,3664,4,4,2023-01-07,ACTIVE
1351,4472,2,9,2021-01-26,ACTIVE
1352,828,1,19,2024-06-28,DORMANT
1353,4723,4,2,2025-05-14,ACTIVE
1354,2090,2,7,2019-12-27,ACTIVE
1355,2057,5,19,2022-10-25,ACTIVE
1356,819,3,6,2019-07-31,ACTIVE
1357,4753,4,15,2022-07-06,ACTIVE
1358,3985,5,7,2023-08-27,ACTIVE
1359,3681,2,6,2022-01-25,ACTIVE
1360,1812,1,1,2022-05-18,ACTIVE
1361,4886,3,14,2023-04-21,ACTIVE
1362,3115,2,1,2021-02-16,ACTIVE
1363,1630,4,6,2024-08-30,ACTIVE
1364,1544,3,18,2020-12-29,ACTIVE
1365,3580,5,17,2020-09-07,ACTIVE
1366,1905,3,2,2020-01-06,ACTIVE
1367,1437,5,8,2022-05-27,ACTIVE
1368,3318,2,2,2023-03-08,CLOSED
1369,3521,1,16,2020-09-23,ACTIVE
1370,3060,3,4,2021-01-30,ACTIVE
1371,4117,1,2,2021-04-26,ACTIVE
1372,999,1,5,2021-08-05,ACTIVE
1373,1432,3,17,2022-01-24,DORMANT
1374,4553,3,2,2022-12-26,ACTIVE
1375,3062,1,14,2025-02-13,ACTIVE
1376,265,4,20,2022-03-13,ACTIVE
1377,3732,4,7,2024-08-15,ACTIVE
1378,2275,3,15,2022-09-02,ACTIVE
1379,3876,1,18,2022-06-07,ACTIVE
1380,3318,1,13,2023-02-27,ACTIVE
1381,2047,2,12,2023-09-26,CLOSED
1382,3145,1,2,2024-05-13,ACTIVE
1383,3222,4,12,2020-12-11,ACTIVE
1384,3141,2,6,2020-04-19,ACTIVE
1385,4901,4,1,2020-07-27,ACTIVE
1386,1254,5,1,2020-05-22,ACTIVE
1387,723,3,15,2025-01-31,ACTIVE
1388,84,5,16,2020-11-22,ACTIVE
1389,4836,3,7,2022-07-18,DORMANT
1390,3371,4,14,2023-08-25,ACTIVE
1391,3820,4,19,2021-02-26,ACTIVE
1392,3365,5,19,2020-07-25,ACTIVE
1393,1758,3,13,2025-02-11,CLOSED
1394,4319,3,12,2020-08-09,ACTIVE
1395,2781,2,1,2020-05-28,DORMANT
1396,3288,1,12,2024-05-29,CLOSED
1397,2453,2,4,2020-07-09,ACTIVE
1398,329,4,15,2023-09-06,ACTIVE
1399,426,5,16,2019-10-22,ACTIVE
1400,770,3,15,2022-01-21,ACTIVE
1401,3976,2,8,2023-02-19,ACTIVE
1402,608,5,19,2024-09-22,ACTIVE
1403,1853,5,15,2023-12-13,ACTIVE
1404,2673,1,18,2024-09-17,ACTIVE
1405,2125,3,11,2024-06-05,DORMANT
1406,1301,5,9,2025-05-25,ACTIVE
1407,466,3,1,2019-09-05,ACTIVE
1408,1965,2,9,2023-01-01,DORMANT
1409,1946,5,12,2023-12-24,ACTIVE
1410,2540,5,2,2025-03-06,DORMANT
1411,2361,2,11,2024-12-11,ACTIVE
1412,2040,3,14,2021-09-01,ACTIVE
1413,1185,3,2,2024-02-21,ACTIVE
1414,3935,5,15,2020-02-07,ACTIVE
1415,3218,2,18,2019-10-11,ACTIVE
1416,2783,4,14,2024-07-12,ACTIVE
1417,778,3,12,2019-08-29,ACTIVE
1418,3380,4,10,2019-06-16,ACTIVE
1419,2419,5,14,2023-11-11,ACTIVE
1420,4078,4,15,2020-07-14,CLOSED
1421,4263,4,5,2025-01-04,ACTIVE
1422,2440,3,2,2020-12-01,ACTIVE
1423,4832,5,6,2024-04-03,DORMANT
1424,1990,4,12,2019-09-22,ACTIVE
1425,1067,3,2,2025-05-15,ACTIVE
1426,945,4,4,2025-01-15,ACTIVE
1427,29,3,7,2021-12-19,ACTIVE
1428,1898,5,16,2020-05-13,CLOSED
1429,1698,2,1,2023-05-30,CLOSED
1430,2815,3,1,2020-05-02,ACTIVE
1431,3366,3,14,2020-04-09,ACTIVE
1432,2489,4,11,2019-08-16,DORMANT
1433,1666,5,12,2020-10-27,DORMANT
1434,4620,1,11,2022-10-11,ACTIVE
1435,1571,1,6,2023-01-29,ACTIVE
1436,1734,2,12,2021-03-09,ACTIVE
1437,760,5,12,2019-09-19,ACTIVE
1438,2158,3,10,2021-05-09,DORMANT
1439,1352,1,8,2019-12-30,ACTIVE
1440,3477,2,20,2024-08-08,ACTIVE
1441,1269,5,19,2024-07-23,ACTIVE
1442,1786,2,7,2024-11-15,ACTIVE
1443,3950,1,14,2021-11-01,ACTIVE
1444,2608,4,4,2020-08-05,ACTIVE
1445,399,4,1,2021-07-15,ACTIVE
1446,2631,5,8,2024-12-22,ACTIVE
1447,2447,2,5,2025-04-25,ACTIVE
1448,1670,3,8,2021-07-04,ACTIVE
1449,239,1,8,2024-06-09,ACTIVE
1450,3537,4,7,2023-11-10,ACTIVE
1451,3862,4,19,2023-01-03,ACTIVE
1452,3104,2,4,2019-05-31,ACTIVE
1453,1147,4,20,2023-02-13,ACTIVE
1454,1558,2,6,2021-05-17,ACTIVE
1455,3739,1,12,2019-05-22,CLOSED
1456,2158,2,18,2025-04-17,ACTIVE
1457,3452,4,12,2021-06-25,ACTIVE
1458,300,2,18,2021-12-06,ACTIVE
1459,3699,4,3,2019-04-04,ACTIVE
1460,4054,5,10,2021-01-30,ACTIVE
1461,4860,4,7,2019-12-22,ACTIVE
1462,249,4,3,2020-06-15,ACTIVE
1463,2569,4,19,2024-07-10,ACTIVE
1464,4130,5,13,2022-12-23,ACTIVE
1465,4324,3,4,2021-07-05,ACTIVE
1466,4681,4,10,2024-10-12,ACTIVE
1467,2861,3,6,2023-02-01,ACTIVE
1468,724,1,1,2020-12-27,ACTIVE
1469,570,2,6,2023-04-04,ACTIVE
1470,220,3,8,2021-02-04,ACTIVE
1471,1395,1,15,2023-05-29,ACTIVE
1472,2835,2,8,2021-07-11,ACTIVE
1473,2123,4,6,2020-10-14,DORMANT
1474,4232,4,19,2021-06-23,ACTIVE
1475,4001,4,14,2021-01-15,ACTIVE
1476,4350,5,2,2021-07-28,ACTIVE
1477,3090,5,7,2019-03-29,ACTIVE
1478,50,5,8,2024-01-08,ACTIVE
1479,515,5,10,2020-07-16,ACTIVE
1480,2792,1,13,2022-06-22,CLOSED
1481,2779,1,20,2023-01-30,ACTIVE
1482,2619,4,1,2023-01-05,ACTIVE
1483,1838,2,9,2020-03-17,ACTIVE
1484,4672,5,10,2024-05-03,ACTIVE
1485,1166,2,20,2023-04-22,ACTIVE
1486,4999,1,2,2020-07-12,ACTIVE
1487,2250,5,20,2021-07-31,ACTIVE
1488,415,1,11,2022-06-11,ACTIVE
1489,2269,1,5,2021-03-03,ACTIVE
1490,1105,3,18,2024-12-13,ACTIVE
1491,4859,1,7,2020-11-20,ACTIVE
1492,4659,4,3,2020-04-21,ACTIVE
1493,3357,1,16,2020-11-15,ACTIVE
1494,2417,5,15,2022-02-17,ACTIVE
1495,1935,4,8,2020-06-25,CLOSED
1496,204,1,20,2019-06-28,DORMANT
1497,69,4,5,2021-01-17,DORMANT
1498,516,1,3,2025-06-07,ACTIVE
1499,3564,4,5,2023-01-15,ACTIVE
1500,4457,2,9,2024-01-22,ACTIVE
1501,1465,3,16,2022-02-19,ACTIVE
1502,1653,4,14,2024-10-05,ACTIVE
1503,707,5,18,2021-10-20,ACTIVE
1504,1626,3,7,2022-03-08,ACTIVE
1505,4753,3,15,2022-05-07,ACTIVE
1506,3786,1,8,2023-12-14,ACTIVE
1507,1346,4,3,2022-10-16,ACTIVE
1508,344,3,11,2020-02-14,ACTIVE
1509,3787,5,20,2020-10-07,ACTIVE
1510,536,5,18,2023-04-01,DORMANT
1511,355,5,15,2023-06-27,ACTIVE
1512,3543,1,10,2022-06-20,DORMANT
1513,983,2,3,2022-01-18,ACTIVE
1514,1346,4,15,2019-03-03,ACTIVE
1515,3010,3,6,2022-05-20,CLOSED
1516,527,4,11,2019-09-05,ACTIVE
1517,931,3,11,2023-09-24,ACTIVE
1518,2757,1,19,2020-05-11,ACTIVE
1519,2283,4,3,2024-10-04,ACTIVE
1520,1947,1,13,2020-04-03,ACTIVE
1521,3928,1,8,2023-04-16,ACTIVE
1522,2542,4,11,2022-11-13,ACTIVE
1523,1917,4,11,2023-09-30,ACTIVE
1524,3361,3,13,2022-01-09,ACTIVE
1525,1594,5,3,2024-08-01,ACTIVE
1526,2926,1,6,2021-03-02,ACTIVE
1527,3626,2,10,2022-07-31,ACTIVE
1528,1224,3,19,2023-09-21,ACTIVE
1529,1960,3,12,2023-04-24,ACTIVE
1530,966,5,14,2020-08-17,DORMANT
1531,4993,5,11,2021-07-30,ACTIVE
1532,3679,1,10,2022-04-14,ACTIVE
1533,4313,3,3,2024-07-29,ACTIVE
1534,623,3,13,2023-12-19,ACTIVE
1535,4449,2,18,2019-09-29,DORMANT
1536,4788,1,13,2022-07-08,ACTIVE
1537,4727,1,14,2020-01-31,DORMANT
1538,2373,5,14,2019-06-03,CLOSED
1539,2949,1,7,2021-12-26,ACTIVE
1540,3300,2,12,2023-09-19,CLOSED
1541,1169,1,4,2019-12-14,ACTIVE
1542,4750,4,16,2021-12-22,ACTIVE
1543,392,4,19,2022-07-28,ACTIVE
1544,3810,2,10,2023-04-13,ACTIVE
1545,2408,5,16,2021-10-11,DORMANT
1546,4865,3,5,2019-10-04,ACTIVE
1547,4893,1,16,2019-08-09,ACTIVE
1548,4261,5,1,2023-10-19,ACTIVE
1549,4829,5,5,2024-10-09,ACTIVE
1550,581,1,13,2022-01-31,ACTIVE
1551,821,3,13,2024-04-14,ACTIVE
1552,1248,1,3,2024-10-23,ACTIVE
1553,124,3,17,2020-04-17,CLOSED
1554,4440,2,19,2021-10-21,ACTIVE
1555,1875,3,5,2020-02-20,ACTIVE
1556,524,5,5,2023-02-01,ACTIVE
1557,3124,2,15,2022-10-20,ACTIVE
1558,4225,4,10,2024-02-12,ACTIVE
1559,3199,2,12,2023-08-25,ACTIVE
1560,2786,3,11,2019-01-17,ACTIVE
1561,2119,2,1,2023-03-14,ACTIVE
1562,1211,2,3,2023-01-02,ACTIVE
1563,1027,4,4,2024-03-17,DORMANT
1564,4118,3,19,2024-02-09,ACTIVE
1565,4262,5,20,2023-10-03,ACTIVE
1566,498,2,3,2025-02-28,ACTIVE
1567,4530,1,18,2020-04-16,ACTIVE
1568,2806,5,3,2023-08-26,ACTIVE
1569,4933,2,7,2020-05-15,DORMANT
1570,1694,5,1,2019-05-01,ACTIVE
1571,4759,1,19,2023-11-11,ACTIVE
1572,725,5,18,2020-08-29,ACTIVE
1573,376,5,2,2019-12-16,ACTIVE
1574,4399,1,12,2021-03-30,DORMANT
1575,2453,1,17,2021-02-22,ACTIVE
1576,3860,1,3,2024-01-21,ACTIVE
1577,1687,4,12,2020-05-11,DORMANT
1578,4804,1,12,2020-01-27,ACTIVE
1579,257,5,6,2022-02-06,ACTIVE
1580,4495,1,10,2019-12-16,ACTIVE
1581,3601,2,6,2021-02-13,ACTIVE
1582,51,1,14,2023-10-12,ACTIVE
1583,595,1,2,2025-01-05,ACTIVE
1584,4914,3,11,2025-04-22,CLOSED
1585,4732,5,15,2022-05-07,ACTIVE
1586,3874,5,8,2024-04-15,ACTIVE
1587,3437,2,13,2023-01-06,DORMANT
1588,1073,4,19,2024-02-16,ACTIVE
1589,1477,3,10,2019-12-10,ACTIVE
1590,4871,2,9,2020-11-07,ACTIVE
1591,3021,2,18,2024-11-25,CLOSED
1592,1665,5,7,2020-08-17,ACTIVE
1593,4493,3,3,2024-09-03,DORMANT
1594,2731,5,12,2025-05-19,ACTIVE
1595,1396,4,15,2021-07-26,ACTIVE
1596,3898,5,13,2024-06-13,ACTIVE
1597,4625,1,6,2019-08-26,ACTIVE
1598,4781,5,8,2025-06-21,ACTIVE
1599,4046,1,14,2021-04-19,DORMANT
1600,2661,2,3,2020-08-14,ACTIVE
1601,2234,4,16,2023-06-20,ACTIVE
1602,3323,1,18,2022-11-06,ACTIVE
1603,4198,4,17,2024-07-12,ACTIVE
1604,4219,5,18,2019-05-30,ACTIVE
1605,2102,5,10,2020-01-30,ACTIVE
1606,1307,2,17,2019-01-06,ACTIVE
1607,1638,5,16,2019-08-08,ACTIVE
1608,1141,1,2,2019-01-12,ACTIVE
1609,616,2,20,2022-11-09,ACTIVE
1610,4653,4,4,2020-04-02,ACTIVE
1611,4210,2,11,2025-03-22,ACTIVE
1612,1567,4,7,2019-06-16,ACTIVE
1613,977,3,17,2024-02-05,ACTIVE
1614,4797,1,19,2024-05-27,ACTIVE
1615,1317,1,6,2024-04-28,ACTIVE
1616,2340,4,10,2025-01-04,ACTIVE
1617,4357,5,4,2019-02-05,ACTIVE
1618,2097,5,1,2021-09-16,ACTIVE
1619,379,3,7,2025-06-13,ACTIVE
1620,3466,4,16,2020-10-03,ACTIVE
1621,2272,3,17,2019-08-28,ACTIVE
1622,1047,4,5,2021-07-05,ACTIVE
1623,1008,3,10,2021-05-05,ACTIVE
1624,110,4,7,2025-06-09,CLOSED
1625,2772,1,13,2020-07-07,ACTIVE
1626,3884,3,7,2024-02-29,ACTIVE
1627,2601,3,15,2022-08-17,ACTIVE
1628,3244,4,17,2022-05-13,ACTIVE
1629,1006,2,3,2019-07-14,DORMANT
1630,4794,2,5,2024-03-13,ACTIVE
1631,306,1,10,2022-11-26,ACTIVE
1632,959,5,5,2025-04-18,ACTIVE
1633,954,5,7,2024-05-25,ACTIVE
1634,2669,1,7,2022-07-30,ACTIVE
1635,3539,5,14,2025-03-04,ACTIVE
1636,2678,4,15,2020-05-14,ACTIVE
1637,1631,2,5,2022-03-12,ACTIVE
1638,1792,1,5,2019-01-19,DORMANT
1639,2604,4,4,2020-11-17,ACTIVE
1640,1972,1,20,2024-08-29,ACTIVE
1641,67,2,9,2023-12-17,ACTIVE
1642,835,5,12,2020-03-23,ACTIVE
1643,206,4,16,2023-11-02,ACTIVE
1644,2834,2,8,2022-01-29,ACTIVE
1645,4251,1,9,2019-10-21,ACTIVE
1646,1715,3,12,2023-04-23,ACTIVE
1647,1533,4,20,2019-03-06,ACTIVE
1648,3146,1,7,2019-03-17,ACTIVE
1649,3121,1,4,2024-09-05,ACTIVE
1650,708,2,3,2023-06-27,ACTIVE
1651,179,1,1,2022-07-23,ACTIVE
1652,113,4,7,2023-05-15,ACTIVE
1653,757,4,9,2019-03-24,ACTIVE
1654,897,1,2,2024-08-15,ACTIVE
1655,2869,2,7,2023-08-27,ACTIVE
1656,159,4,10,2020-01-03,ACTIVE
1657,786,3,2,2023-10-04,ACTIVE
1658,1804,5,13,2023-01-12,ACTIVE
1659,1840,2,3,2024-04-14,ACTIVE
1660,3169,2,13,2020-01-05,ACTIVE
1661,2299,5,10,2019-10-05,CLOSED
1662,4079,5,12,2019-12-06,ACTIVE
1663,1543,4,3,2020-09-05,ACTIVE
1664,4209,1,20,2022-01-08,ACTIVE
1665,4355,1,6,2021-03-03,DORMANT
1666,2155,3,3,2019-03-08,ACTIVE
1667,575,1,2,2019-08-03,ACTIVE
1668,3039,3,14,2020-02-20,ACTIVE
1669,1382,3,15,2020-07-05,ACTIVE
1670,1223,2,18,2022-08-02,ACTIVE
1671,2475,2,19,2020-07-24,ACTIVE
1672,1502,4,10,2020-06-23,ACTIVE
1673,859,5,20,2022-06-14,ACTIVE
1674,3575,5,17,2019-04-27,DORMANT
1675,3730,3,17,2025-01-07,ACTIVE
1676,2966,5,19,2022-01-11,ACTIVE
1677,3192,3,4,2023-10-19,ACTIVE
1678,1597,5,11,2022-05-28,ACTIVE
1679,1562,4,17,2022-08-01,ACTIVE
1680,2523,2,10,2023-11-13,ACTIVE
1681,2600,2,17,2025-06-25,ACTIVE
1682,2392,3,12,2023-06-23,ACTIVE
1683,2676,5,10,2019-08-30,ACTIVE
1684,2184,1,10,2020-04-09,ACTIVE
1685,277,4,6,2025-02-28,CLOSED
1686,3883,5,17,2020-07-02,ACTIVE
1687,3605,1,19,2023-01-08,ACTIVE
1688,2079,4,2,2021-05-07,ACTIVE
1689,4343,4,4,2024-02-22,ACTIVE
1690,4507,2,18,2021-02-24,ACTIVE
1691,4078,3,4,2020-06-24,ACTIVE
1692,4169,5,6,2024-03-20,ACTIVE
1693,1121,4,14,2020-07-25,ACTIVE
1694,4769,5,7,2023-02-18,ACTIVE
1695,2524,4,12,2020-10-18,ACTIVE
1696,3371,2,2,2021-08-06,ACTIVE
1697,4383,3,18,2019-01-15,ACTIVE
1698,1909,1,13,2022-01-09,ACTIVE
1699,3521,1,13,2019-11-03,ACTIVE
1700,4308,2,5,2020-12-05,ACTIVE
1701,4497,4,7,2020-02-01,ACTIVE
1702,4751,2,12,2020-11-08,ACTIVE
1703,3106,3,14,2019-07-30,ACTIVE
1704,498,1,1,2020-02-03,DORMANT
1705,3588,5,10,2022-10-28,ACTIVE
1706,4194,1,9,2019-09-15,ACTIVE
1707,2414,3,10,2024-12-02,ACTIVE
1708,3801,4,7,2019-11-30,ACTIVE
1709,463,2,16,2019-12-15,ACTIVE
1710,2761,1,12,2025-03-30,ACTIVE
1711,3458,1,12,2020-03-24,ACTIVE
1712,273,5,19,2021-04-07,ACTIVE
1713,1151,2,13,2024-11-15,ACTIVE
1714,3390,5,18,2020-04-06,CLOSED
1715,19,5,3,2020-05-14,ACTIVE
1716,1617,4,7,2021-11-27,ACTIVE
1717,3179,1,1,2022-06-19,CLOSED
1718,4082,2,3,2021-12-10,ACTIVE
1719,412,4,14,2024-06-21,ACTIVE
1720,742,4,4,2019-05-07,ACTIVE
1721,2672,4,19,2022-01-31,ACTIVE
1722,2780,3,6,2024-06-12,ACTIVE
1723,2625,3,20,2022-11-09,CLOSED
1724,515,4,9,2019-03-26,ACTIVE
1725,207,3,11,2022-10-14,DORMANT
1726,948,2,15,2021-02-24,ACTIVE
1727,2442,1,9,2024-09-05,ACTIVE
1728,1829,2,11,2019-03-13,ACTIVE
1729,3599,1,10,2022-12-20,ACTIVE
1730,2168,3,2,2021-10-26,DORMANT
1731,1657,2,14,2022-01-18,ACTIVE
1732,602,5,4,2023-06-04,ACTIVE
1733,712,4,2,2023-06-07,ACTIVE
1734,1204,1,5,2019-06-01,ACTIVE
1735,1392,1,14,2022-05-20,ACTIVE
1736,2697,5,15,2022-07-10,ACTIVE
1737,3273,5,19,2022-11-06,ACTIVE
1738,4926,4,6,2024-10-05,ACTIVE
1739,3132,3,15,2023-07-05,ACTIVE
1740,3731,2,14,2019-05-22,ACTIVE
1741,2667,2,8,2023-03-28,ACTIVE
1742,550,2,20,2024-02-28,ACTIVE
1743,4742,3,12,2021-10-28,ACTIVE
1744,3983,4,4,2022-04-24,ACTIVE
1745,1245,2,6,2021-12-12,ACTIVE
1746,3887,1,11,2024-12-24,ACTIVE
1747,4013,1,7,2025-01-30,ACTIVE
1748,2550,1,4,2019-08-07,ACTIVE
1749,3205,5,15,2019-09-12,ACTIVE
1750,846,5,1,2021-03-22,ACTIVE
1751,4546,3,9,2019-09-27,ACTIVE
1752,44,2,20,2023-05-30,ACTIVE
1753,659,5,8,2025-03-21,ACTIVE
1754,4824,1,12,2021-06-01,ACTIVE
1755,3931,5,7,2020-08-26,DORMANT
1756,2868,1,18,2022-04-01,ACTIVE
1757,3648,2,1,2023-09-30,ACTIVE
1758,2783,3,9,2020-12-01,ACTIVE
1759,1692,4,7,2019-03-14,ACTIVE
1760,2226,4,14,2021-06-16,ACTIVE
1761,3067,1,1,2024-07-14,ACTIVE
1762,1948,5,13,2021-08-04,CLOSED
1763,1366,5,20,2020-06-26,ACTIVE
1764,3131,1,15,2020-09-22,ACTIVE
1765,4534,2,5,2023-02-16,ACTIVE
1766,4522,1,5,2021-05-27,ACTIVE
1767,968,2,14,2022-07-02,ACTIVE
1768,1405,3,14,2021-01-26,ACTIVE
1769,486,3,14,2019-07-17,ACTIVE
1770,1756,1,5,2022-12-21,ACTIVE
1771,3631,3,11,2019-03-23,ACTIVE
1772,2969,5,19,2022-08-24,ACTIVE
1773,1580,2,5,2023-09-19,ACTIVE
1774,2796,4,4,2019-12-23,ACTIVE
1775,51,4,15,2022-08-12,ACTIVE
1776,1660,3,7,2020-08-02,ACTIVE
1777,4301,2,5,2019-10-27,ACTIVE
1778,2788,5,15,2020-10-07,ACTIVE
1779,4629,4,14,2024-12-07,ACTIVE
1780,2156,5,3,2025-02-11,DORMANT
1781,4347,5,5,2019-11-04,ACTIVE
1782,4231,4,12,2019-08-22,ACTIVE
1783,3162,4,20,2021-10-31,ACTIVE
1784,1615,3,14,2025-01-31,ACTIVE
1785,2737,2,5,2020-10-04,ACTIVE
1786,407,1,4,2024-04-05,ACTIVE
1787,3380,2,16,2021-10-22,ACTIVE
1788,4198,1,7,2023-10-02,ACTIVE
1789,1385,4,3,2019-07-01,ACTIVE
1790,3696,5,4,2021-07-30,ACTIVE
1791,4500,2,20,2019-12-16,CLOSED
1792,4910,5,6,2022-11-06,ACTIVE
1793,2903,2,3,2022-05-05,ACTIVE
1794,1630,2,1,2023-03-26,ACTIVE
1795,3263,5,3,2019-08-13,ACTIVE
1796,1027,3,8,2023-10-18,ACTIVE
1797,2990,4,16,2023-10-13,DORMANT
1798,2225,3,7,2019-10-13,ACTIVE
1799,2921,3,18,2022-09-16,ACTIVE
1800,4316,2,9,2019-07-12,ACTIVE
1801,4269,4,3,2022-03-14,DORMANT
1802,2784,2,18,2020-11-01,ACTIVE
1803,1414,1,16,2024-02-05,ACTIVE
1804,4598,2,1,2020-09-03,DORMANT
1805,3649,5,20,2021-06-19,ACTIVE
1806,2809,2,16,2023-07-05,ACTIVE
1807,3332,1,12,2019-02-20,ACTIVE
1808,2179,2,6,2019-05-08,ACTIVE
1809,798,1,9,2023-08-03,ACTIVE
1810,2847,4,13,2023-11-13,DORMANT
1811,930,2,12,2021-12-05,DORMANT
1812,4819,1,13,2019-08-22,ACTIVE
1813,3092,4,18,2020-08-06,ACTIVE
1814,2263,5,19,2023-01-06,DORMANT
1815,1334,3,19,2020-05-17,ACTIVE
1816,1275,1,19,2021-07-10,ACTIVE
1817,4584,5,6,2019-10-12,ACTIVE
1818,3481,4,16,2022-03-01,ACTIVE
1819,3343,5,7,2024-05-23,ACTIVE
1820,1218,2,7,2023-02-08,ACTIVE
1821,1465,3,19,2021-07-24,ACTIVE
1822,4409,1,16,2019-12-22,ACTIVE
1823,4175,4,17,2024-06-17,ACTIVE
1824,4771,3,19,2021-11-26,ACTIVE
1825,14,4,16,2023-07-20,ACTIVE
1826,2294,5,16,2024-12-25,ACTIVE
1827,2046,4,19,2022-12-16,ACTIVE
1828,1038,4,15,2023-01-08,ACTIVE
1829,4129,5,3,2022-06-22,ACTIVE
1830,1460,5,15,2023-04-12,ACTIVE
1831,257,3,16,2024-11-16,ACTIVE
1832,4130,1,20,2022-04-25,ACTIVE
1833,4074,5,5,2024-09-14,DORMANT
1834,1284,3,19,2020-09-21,ACTIVE
1835,3488,4,10,2023-02-11,ACTIVE
1836,2185,4,13,2021-02-25,DORMANT
1837,359,2,15,2024-10-03,ACTIVE
1838,3792,5,12,2023-02-03,ACTIVE
1839,4850,3,17,2022-01-12,ACTIVE
1840,3188,3,15,2021-06-09,ACTIVE
1841,4500,1,4,2024-07-28,ACTIVE
1842,1226,3,15,2019-06-19,ACTIVE
1843,2298,5,17,2025-04-15,ACTIVE
1844,278,3,11,2020-10-23,ACTIVE
1845,4208,2,15,2025-03-07,ACTIVE
1846,1987,4,20,2021-06-30,ACTIVE
1847,3545,4,7,2024-12-28,ACTIVE
1848,2794,3,13,2020-09-23,ACTIVE
1849,392,3,13,2021-03-15,ACTIVE
1850,969,3,20,2025-02-05,ACTIVE
1851,2191,3,20,2021-07-08,DORMANT
1852,2229,2,2,2023-10-14,ACTIVE
1853,2627,5,10,2021-11-06,ACTIVE
1854,2846,2,18,2020-01-20,CLOSED
1855,4365,2,20,2021-06-11,ACTIVE
1856,3308,2,5,2024-06-26,ACTIVE
1857,2601,4,20,2021-03-02,DORMANT
1858,2681,2,19,2019-02-15,ACTIVE
1859,4371,3,2,2021-04-09,ACTIVE
1860,4839,2,4,2021-09-05,CLOSED
1861,86,3,16,2024-09-25,ACTIVE
1862,3135,5,16,2020-06-11,ACTIVE
1863,4500,4,17,2024-11-24,ACTIVE
1864,2240,5,15,2020-09-07,DORMANT
1865,3365,5,13,2021-08-23,ACTIVE
1866,2046,4,1,2022-03-02,ACTIVE
1867,1055,3,5,2019-07-20,ACTIVE
1868,3402,3,20,2025-04-20,ACTIVE
1869,3730,3,1,2025-02-08,ACTIVE
1870,2670,4,12,2022-03-19,ACTIVE
1871,276,2,15,2023-04-22,ACTIVE
1872,4747,1,4,2020-05-19,ACTIVE
1873,4091,2,19,2024-04-29,ACTIVE
1874,1106,2,16,2024-02-05,ACTIVE
1875,4682,5,18,2023-03-12,ACTIVE
1876,2933,1,17,2020-02-08,ACTIVE
1877,129,3,11,2019-08-24,ACTIVE
1878,4352,2,20,2023-06-08,ACTIVE
1879,4327,4,13,2020-09-24,DORMANT
1880,3569,2,9,2023-04-19,ACTIVE
1881,2403,3,17,2025-03-05,ACTIVE
1882,1648,2,17,2019-05-20,ACTIVE
1883,3557,5,5,2020-08-10,ACTIVE
1884,3892,5,8,2024-01-18,ACTIVE
1885,2194,2,3,2021-08-24,ACTIVE
1886,2048,5,6,2020-07-23,ACTIVE
1887,3105,4,3,2024-12-12,ACTIVE
1888,4356,1,8,2024-06-06,ACTIVE
1889,2135,2,12,2024-12-21,ACTIVE
1890,843,4,4,2022-06-03,ACTIVE
1891,1972,4,2,2024-05-22,DORMANT
1892,4361,4,10,2023-04-22,ACTIVE
1893,3904,3,15,2023-10-10,ACTIVE
1894,3614,2,13,2019-12-05,ACTIVE
1895,392,2,15,2021-04-18,ACTIVE
1896,2280,2,19,2025-06-27,ACTIVE
1897,901,1,18,2019-04-05,ACTIVE
1898,4684,4,13,2019-07-15,DORMANT
1899,2495,2,20,2019-07-11,ACTIVE
1900,1153,5,20,2020-06-05,ACTIVE
1901,1295,3,1,2021-01-22,ACTIVE
1902,466,1,16,2023-08-12,ACTIVE
1903,2176,3,8,2021-09-14,ACTIVE
1904,3246,4,6,2023-08-03,ACTIVE
1905,488,5,3,2019-01-13,ACTIVE
1906,2939,4,20,2025-04-20,CLOSED
1907,2627,2,16,2024-07-16,ACTIVE
1908,950,3,2,2024-10-29,ACTIVE
1909,4502,5,2,2020-01-08,ACTIVE
1910,1050,3,15,2020-01-29,ACTIVE
1911,4076,1,10,2024-03-28,ACTIVE
1912,4460,5,1,2023-10-22,DORMANT
1913,1391,1,20,2024-04-16,ACTIVE
1914,1084,5,15,2020-02-22,ACTIVE
1915,4647,2,1,2021-12-18,ACTIVE
1916,1659,3,16,2024-12-15,ACTIVE
1917,4388,3,18,2021-03-27,DORMANT
1918,1818,4,5,2021-02-12,ACTIVE
1919,191,5,5,2023-12-09,ACTIVE
1920,461,5,10,2025-05-18,ACTIVE
1921,2522,1,12,2025-03-04,ACTIVE
1922,3477,5,10,2022-08-25,ACTIVE
1923,2706,3,2,2025-03-15,ACTIVE
1924,4367,5,1,2021-01-25,DORMANT
1925,1158,4,16,2022-06-30,ACTIVE
1926,4267,4,18,2022-04-27,ACTIVE
1927,28,3,7,2023-12-02,ACTIVE
1928,4232,3,4,2023-01-06,ACTIVE
1929,2973,3,10,2024-12-17,ACTIVE
1930,3025,5,10,2024-08-12,ACTIVE
1931,4984,5,11,2024-06-12,ACTIVE
1932,1265,2,3,2020-07-08,ACTIVE
1933,856,1,14,2023-09-10,ACTIVE
1934,4026,5,13,2023-02-26,ACTIVE
1935,1252,2,19,2019-09-23,ACTIVE
1936,4605,2,10,2021-07-11,DORMANT
1937,3871,4,15,2024-09-02,ACTIVE
1938,1327,5,8,2020-06-17,ACTIVE
1939,1026,2,17,2024-02-24,ACTIVE
1940,362,4,6,2024-08-12,ACTIVE
1941,1219,1,7,2023-08-21,ACTIVE
1942,606,4,14,2021-05-29,ACTIVE
1943,1671,1,8,2024-08-13,ACTIVE
1944,4812,3,12,2021-03-18,ACTIVE
1945,2298,3,18,2019-08-20,DORMANT
1946,2195,4,14,2021-01-19,ACTIVE
1947,4444,3,1,2019-03-13,ACTIVE
1948,1278,5,4,2024-11-05,ACTIVE
1949,399,4,17,2020-06-11,ACTIVE
1950,2173,2,18,2021-06-04,DORMANT
1951,2811,5,19,2024-08-05,ACTIVE
1952,2653,4,4,2022-12-29,ACTIVE
1953,2940,1,6,2024-12-13,ACTIVE
1954,822,3,8,2020-07-16,ACTIVE
1955,4998,3,15,2024-06-19,DORMANT
1956,945,3,20,2023-07-18,ACTIVE
1957,3479,4,1,2023-04-13,DORMANT
1958,2780,5,5,2024-06-11,DORMANT
1959,4430,1,16,2019-12-11,ACTIVE
1960,4451,3,6,2024-12-28,ACTIVE
1961,1197,5,10,2021-10-26,ACTIVE
1962,1213,2,10,2023-07-31,ACTIVE
1963,824,2,5,2023-04-14,ACTIVE
1964,1897,1,8,2023-08-29,ACTIVE
1965,4264,3,1,2021-03-08,DORMANT
1966,2416,2,5,2022-01-24,ACTIVE
1967,536,5,1,2024-03-27,ACTIVE
1968,3011,5,7,2025-03-12,ACTIVE
1969,2628,2,15,2021-01-12,ACTIVE
1970,3778,3,14,2019-02-27,ACTIVE
1971,950,1,9,2021-06-24,ACTIVE
1972,3509,3,8,2022-04-22,ACTIVE
1973,4303,4,8,2021-02-21,ACTIVE
1974,544,2,3,2019-04-07,ACTIVE
1975,3901,4,20,2020-08-09,ACTIVE
1976,3754,2,4,2022-01-16,ACTIVE
1977,4225,1,17,2021-12-22,ACTIVE
1978,2083,3,6,2020-06-24,ACTIVE
1979,2867,3,2,2021-03-26,ACTIVE
1980,2247,2,9,2025-02-16,DORMANT
1981,1837,5,14,2021-07-05,ACTIVE
1982,77,4,1,2019-03-26,ACTIVE
1983,369,3,17,2022-09-20,ACTIVE
1984,4622,3,11,2024-02-19,ACTIVE
1985,349,2,6,2023-08-19,ACTIVE
1986,4602,5,1,2024-01-16,CLOSED
1987,4739,4,19,2022-04-17,ACTIVE
1988,4334,5,16,2022-06-24,ACTIVE
1989,1456,5,18,2021-09-30,ACTIVE
1990,2186,2,11,2020-11-04,DORMANT
1991,3812,5,9,2023-08-26,ACTIVE
1992,3273,4,6,2020-12-30,ACTIVE
1993,3683,1,2,2019-11-13,ACTIVE
1994,1847,1,8,2019-03-17,ACTIVE
1995,1855,4,16,2021-08-31,ACTIVE
1996,2986,2,8,2019-07-23,ACTIVE
1997,4451,3,8,2023-10-25,ACTIVE
1998,2626,2,14,2019-07-12,ACTIVE
1999,2895,4,1,2023-01-02,ACTIVE
2000,559,5,7,2025-06-06,ACTIVE
2001,2897,1,2,2019-09-17,ACTIVE
2002,1918,5,15,2020-03-07,ACTIVE
2003,1255,2,18,2020-11-26,DORMANT
2004,1682,4,4,2019-07-17,ACTIVE
2005,1815,1,18,2021-09-09,ACTIVE
2006,663,4,5,2019-02-08,ACTIVE
2007,4117,1,16,2024-10-27,ACTIVE
2008,3326,1,13,2020-12-29,ACTIVE
2009,1242,1,9,2020-11-14,ACTIVE
2010,3144,2,5,2024-09-21,ACTIVE
2011,3038,4,8,2019-05-12,ACTIVE
2012,162,3,18,2024-10-25,ACTIVE
2013,4226,3,3,2024-05-23,ACTIVE
2014,1951,3,6,2019-02-08,ACTIVE
2015,4321,4,11,2025-01-07,ACTIVE
2016,1782,5,14,2022-12-13,CLOSED
2017,4676,4,19,2025-06-23,ACTIVE
2018,1478,1,7,2023-01-27,DORMANT
2019,3031,5,10,2022-12-26,ACTIVE
2020,3987,1,15,2023-03-07,ACTIVE
2021,107,1,6,2022-07-16,CLOSED
2022,2669,4,20,2019-12-06,ACTIVE
2023,4936,3,6,2022-05-29,DORMANT
2024,1165,5,16,2020-10-19,DORMANT
2025,1158,2,9,2023-08-27,ACTIVE
2026,2247,3,19,2019-12-27,ACTIVE
2027,667,2,18,2024-05-26,DORMANT
2028,2127,4,5,2025-02-15,ACTIVE
2029,2942,5,16,2019-11-25,ACTIVE
2030,512,4,7,2023-12-05,ACTIVE
2031,250,2,19,2022-05-30,ACTIVE
2032,889,1,5,2024-02-11,ACTIVE
2033,1024,4,20,2023-09-06,ACTIVE
2034,4695,5,11,2024-11-09,ACTIVE
2035,4849,4,18,2020-03-15,ACTIVE
2036,600,3,7,2025-04-11,ACTIVE
2037,3023,4,18,2024-05-30,ACTIVE
2038,2531,2,3,2021-04-12,ACTIVE
2039,2884,4,5,2019-04-07,ACTIVE
2040,2065,5,13,2024-06-22,ACTIVE
2041,1759,4,16,2021-07-26,ACTIVE
2042,3570,4,12,2023-02-09,ACTIVE
2043,1243,5,7,2022-07-13,ACTIVE
2044,4330,4,13,2020-07-28,ACTIVE
2045,2296,5,1,2024-11-20,ACTIVE
2046,1926,2,15,2021-04-08,ACTIVE
2047,2063,5,12,2020-05-27,ACTIVE
2048,3396,2,17,2020-10-27,ACTIVE
2049,441,2,20,2023-02-25,ACTIVE
2050,2744,5,5,2022-07-08,DORMANT
2051,7,4,17,2024-09-13,CLOSED
2052,1587,3,15,2022-11-05,ACTIVE
2053,826,5,20,2020-02-01,ACTIVE
2054,3825,4,19,2024-09-05,ACTIVE
2055,1269,2,1,2024-04-15,ACTIVE
2056,3437,1,4,2024-02-29,ACTIVE
2057,3439,3,3,2025-06-11,DORMANT
2058,1311,4,8,2023-08-22,ACTIVE
2059,4034,3,9,2020-08-03,ACTIVE
2060,1628,1,12,2025-01-21,CLOSED
2061,1037,1,5,2019-04-12,CLOSED
2062,478,1,9,2020-03-30,DORMANT
2063,2679,5,1,2019-07-12,ACTIVE
2064,715,3,11,2021-06-16,ACTIVE
2065,1677,5,7,2021-03-20,ACTIVE
2066,2163,1,20,2019-10-26,ACTIVE
2067,509,4,14,2019-01-21,ACTIVE
2068,382,1,3,2019-02-14,DORMANT
2069,1181,5,11,2020-11-13,ACTIVE
2070,1846,1,17,2023-09-10,ACTIVE
2071,4371,1,18,2025-03-20,ACTIVE
2072,1719,5,19,2019-10-26,ACTIVE
2073,1101,5,18,2022-09-23,ACTIVE
2074,1861,4,6,2019-10-15,ACTIVE
2075,2092,5,15,2020-05-31,DORMANT
2076,718,4,7,2025-01-10,ACTIVE
2077,318,2,5,2025-05-17,ACTIVE
2078,4630,2,5,2019-12-08,ACTIVE
2079,1777,5,7,2019-03-27,ACTIVE
2080,2285,1,12,2019-07-10,ACTIVE
2081,1245,3,8,2021-12-27,ACTIVE
2082,1334,1,18,2022-03-15,ACTIVE
2083,3670,5,18,2021-09-17,ACTIVE
2084,1201,4,17,2021-05-25,ACTIVE
2085,1795,1,11,2024-05-01,ACTIVE
2086,2702,2,15,2024-01-26,ACTIVE
2087,1455,5,20,2022-07-02,DORMANT
2088,1934,1,6,2024-12-18,ACTIVE
2089,747,1,12,2021-04-18,ACTIVE
2090,841,4,7,2021-08-16,ACTIVE
2091,2496,4,8,2022-11-01,ACTIVE
2092,1089,4,4,2023-04-05,ACTIVE
2093,793,3,3,2022-05-07,ACTIVE
2094,1268,5,3,2021-04-18,ACTIVE
2095,1551,5,10,2025-03-18,ACTIVE
2096,2691,2,15,2024-08-05,CLOSED
2097,293,2,13,2022-12-04,ACTIVE
2098,4023,5,19,2022-03-14,ACTIVE
2099,1405,1,8,2021-08-05,ACTIVE
2100,1649,5,18,2019-06-10,ACTIVE
2101,2817,3,5,2020-04-08,ACTIVE
2102,3911,2,7,2025-03-12,ACTIVE
2103,2919,2,5,2024-05-29,ACTIVE
2104,1398,2,19,2022-04-30,ACTIVE
2105,1694,5,17,2025-03-22,ACTIVE
2106,1038,2,19,2020-12-09,CLOSED
2107,3853,2,4,2019-06-10,ACTIVE
2108,1563,5,7,2023-11-20,DORMANT
2109,1113,1,6,2024-04-28,ACTIVE
2110,1292,2,14,2024-09-07,DORMANT
2111,1162,2,19,2021-02-05,ACTIVE
2112,1030,2,20,2024-07-20,ACTIVE
2113,4338,3,11,2019-07-04,ACTIVE
2114,4258,5,7,2024-03-11,ACTIVE
2115,2740,2,3,2021-01-02,ACTIVE
2116,979,3,20,2024-01-30,ACTIVE
2117,518,1,17,2023-06-10,ACTIVE
2118,4994,1,11,2020-07-31,ACTIVE
2119,783,3,15,2024-12-01,ACTIVE
2120,2832,1,7,2020-01-13,ACTIVE
2121,4181,4,15,2022-08-01,DORMANT
2122,138,1,17,2019-04-07,ACTIVE
2123,754,4,11,2021-04-21,ACTIVE
2124,2954,3,12,2024-12-11,ACTIVE
2125,4809,4,13,2019-06-05,ACTIVE
2126,2456,1,11,2024-11-27,ACTIVE
2127,2835,2,11,2019-02-22,CLOSED
2128,580,4,9,2023-08-30,ACTIVE
2129,3256,1,11,2020-12-26,ACTIVE
2130,3267,2,4,2023-09-14,ACTIVE
2131,4650,3,2,2022-11-14,ACTIVE
2132,396,3,4,2019-02-14,CLOSED
2133,1938,5,14,2021-07-24,ACTIVE
2134,4906,3,5,2023-08-14,DORMANT
2135,2590,5,17,2022-02-14,ACTIVE
2136,3035,3,12,2024-12-09,ACTIVE
2137,170,3,6,2022-11-24,ACTIVE
2138,2338,3,12,2023-08-12,ACTIVE
2139,3240,5,15,2020-05-14,ACTIVE
2140,3416,5,19,2019-03-15,DORMANT
2141,3569,4,10,2025-01-05,ACTIVE
2142,3217,1,2,2023-04-10,ACTIVE
2143,3485,1,12,2021-06-10,ACTIVE
2144,4836,1,12,2024-03-04,ACTIVE
2145,1842,3,7,2021-12-13,ACTIVE
2146,3761,1,1,2022-05-31,ACTIVE
2147,4553,5,18,2020-04-17,ACTIVE
2148,3027,4,3,2022-09-01,ACTIVE
2149,3966,2,20,2025-01-26,ACTIVE
2150,1602,4,5,2020-12-01,ACTIVE
2151,1147,1,20,2024-09-10,CLOSED
2152,4327,1,15,2019-02-22,ACTIVE
2153,2685,5,10,2019-05-19,ACTIVE
2154,112,4,19,2022-10-29,ACTIVE
2155,593,5,1,2024-11-07,ACTIVE
2156,2440,5,7,2021-04-07,CLOSED
2157,1239,2,18,2024-09-14,ACTIVE
2158,2795,5,2,2022-06-02,ACTIVE
2159,2415,5,19,2020-07-07,DORMANT
2160,2130,2,10,2021-01-09,CLOSED
2161,2854,3,15,2019-09-26,DORMANT
2162,2870,3,10,2021-06-28,DORMANT
2163,3599,2,10,2019-07-05,ACTIVE
2164,3804,5,12,2021-05-18,DORMANT
2165,1527,1,8,2021-04-12,CLOSED
2166,1970,4,14,2022-11-13,ACTIVE
2167,952,1,2,2023-01-29,ACTIVE
2168,1503,1,17,2021-10-12,ACTIVE
2169,4468,5,6,2020-03-17,ACTIVE
2170,3337,4,8,2019-02-08,ACTIVE
2171,110,4,1,2023-07-03,DORMANT
2172,3987,3,3,2023-03-30,ACTIVE
2173,2355,2,15,2019-06-15,ACTIVE
2174,226,5,17,2024-04-19,ACTIVE
2175,3012,4,7,2023-01-08,ACTIVE
2176,4127,5,14,2020-03-18,ACTIVE
2177,614,3,3,2019-11-27,ACTIVE
2178,99,1,18,2021-09-19,ACTIVE
2179,811,4,5,2022-09-20,DORMANT
2180,3338,3,20,2022-02-09,CLOSED
2181,2700,5,15,2023-11-05,ACTIVE
2182,4910,3,6,2024-12-26,ACTIVE
2183,1020,3,3,2023-12-08,ACTIVE
2184,3026,3,18,2023-12-13,ACTIVE
2185,3529,3,20,2022-04-04,ACTIVE
2186,3887,3,3,2022-12-08,ACTIVE
2187,2980,3,8,2022-04-07,ACTIVE
2188,3341,2,19,2024-12-11,ACTIVE
2189,797,5,18,2021-01-30,ACTIVE
2190,1958,1,15,2023-11-08,ACTIVE
2191,3067,5,14,2022-01-26,ACTIVE
2192,3021,4,16,2021-11-08,ACTIVE
2193,2681,4,3,2022-02-21,ACTIVE
2194,4442,5,15,2019-08-14,ACTIVE
2195,4820,3,19,2024-06-01,ACTIVE
2196,2949,2,8,2025-06-29,ACTIVE
2197,3732,1,2,2021-11-06,ACTIVE
2198,1102,3,17,2024-02-27,ACTIVE
2199,1038,5,12,2023-01-19,ACTIVE
2200,4232,5,19,2020-06-24,ACTIVE
2201,792,2,11,2020-10-07,DORMANT
2202,4175,2,18,2021-09-16,ACTIVE
2203,1779,5,13,2020-12-06,ACTIVE
2204,4801,3,14,2020-09-22,DORMANT
2205,982,3,12,2019-07-10,ACTIVE
2206,1266,3,15,2023-08-16,CLOSED
2207,744,1,8,2021-05-04,ACTIVE
2208,2432,1,2,2020-02-09,ACTIVE
2209,375,3,8,2020-06-03,DORMANT
2210,1754,5,5,2023-07-28,ACTIVE
2211,3898,2,2,2022-11-08,ACTIVE
2212,2537,4,10,2021-03-31,ACTIVE
2213,1992,2,10,2020-03-10,ACTIVE
2214,2929,2,4,2024-10-11,ACTIVE
2215,3447,4,4,2024-12-21,ACTIVE
2216,592,3,8,2020-09-10,ACTIVE
2217,4629,2,6,2020-02-29,ACTIVE
2218,2570,4,15,2023-04-01,ACTIVE
2219,2873,5,18,2019-12-24,CLOSED
2220,1177,5,8,2023-05-14,CLOSED
2221,1336,5,20,2021-10-29,ACTIVE
2222,4694,3,7,2021-10-07,ACTIVE
2223,113,2,20,2019-07-16,ACTIVE
2224,3773,2,17,2022-02-14,DORMANT
2225,1846,1,19,2021-10-30,ACTIVE
2226,1988,5,2,2021-05-11,ACTIVE
2227,4830,3,12,2019-12-15,ACTIVE
2228,1986,4,19,2023-07-17,ACTIVE
2229,3293,3,5,2020-07-28,ACTIVE
2230,3243,2,12,2021-10-24,ACTIVE
2231,253,5,17,2023-12-25,ACTIVE
2232,124,1,5,2023-11-21,ACTIVE
2233,1237,3,2,2021-07-19,ACTIVE
2234,624,1,4,2024-12-17,ACTIVE
2235,3157,2,6,2024-05-01,ACTIVE
2236,3137,4,9,2020-08-09,ACTIVE
2237,3390,3,10,2020-04-28,ACTIVE
2238,3418,2,11,2019-12-24,ACTIVE
2239,1656,5,2,2020-01-20,ACTIVE
2240,1267,3,9,2019-09-11,ACTIVE
2241,2946,1,20,2021-04-14,ACTIVE
2242,1161,3,17,2022-04-05,ACTIVE
2243,2295,2,9,2023-10-03,ACTIVE
2244,441,2,8,2023-08-31,ACTIVE
2245,2093,1,5,2021-03-06,ACTIVE
2246,2706,2,5,2020-04-13,ACTIVE
2247,3760,3,6,2024-02-27,ACTIVE
2248,554,1,16,2020-05-07,ACTIVE
2249,4905,2,1,2021-07-08,ACTIVE
2250,1113,2,9,2019-02-20,ACTIVE
2251,2778,3,7,2024-10-21,ACTIVE
2252,1834,2,11,2019-02-21,DORMANT
2253,1315,3,15,2024-12-12,ACTIVE
2254,3494,5,5,2019-09-19,ACTIVE
2255,3139,3,19,2024-03-23,ACTIVE
2256,3113,4,6,2023-03-25,ACTIVE
2257,99,2,14,2019-08-29,ACTIVE
2258,3926,5,20,2022-08-01,ACTIVE
2259,1480,1,14,2024-02-06,ACTIVE
2260,4397,4,11,2023-06-14,ACTIVE
2261,1223,1,4,2022-08-15,ACTIVE
2262,4584,4,10,2022-05-13,ACTIVE
2263,1005,5,2,2019-10-18,ACTIVE
2264,477,5,4,2025-03-08,ACTIVE
2265,1136,5,20,2022-10-21,ACTIVE
2266,2857,4,10,2023-12-19,ACTIVE
2267,1706,3,1,2023-01-27,CLOSED
2268,518,1,14,2025-06-27,ACTIVE
2269,1221,3,18,2021-07-05,ACTIVE
2270,2507,3,12,2024-11-11,ACTIVE
2271,4326,2,19,2020-12-11,DORMANT
2272,1192,1,12,2024-03-01,ACTIVE
2273,3881,4,5,2025-01-25,ACTIVE
2274,3244,2,4,2022-08-13,ACTIVE
2275,1978,2,13,2024-07-31,ACTIVE
2276,2243,5,18,2024-11-15,ACTIVE
2277,3091,4,12,2019-12-16,ACTIVE
2278,1888,3,16,2021-01-05,ACTIVE
2279,4560,3,6,2020-02-05,ACTIVE
2280,974,3,7,2021-01-20,ACTIVE
2281,66,5,9,2023-01-14,ACTIVE
2282,2907,3,10,2023-02-07,ACTIVE
2283,571,1,5,2021-03-31,ACTIVE
2284,3893,3,4,2022-12-13,ACTIVE
2285,308,3,11,2024-03-02,ACTIVE
2286,3409,1,19,2022-11-19,ACTIVE
2287,3743,5,7,2022-02-16,ACTIVE
2288,783,2,13,2023-11-02,ACTIVE
2289,4217,4,13,2021-10-01,ACTIVE
2290,766,5,18,2021-08-23,DORMANT
2291,3476,3,9,2021-10-11,DORMANT
2292,773,2,13,2022-04-28,ACTIVE
2293,3858,4,13,2024-07-11,ACTIVE
2294,3186,4,5,2024-07-29,ACTIVE
2295,540,4,12,2023-07-04,ACTIVE
2296,2050,1,1,2021-03-24,ACTIVE
2297,3284,1,18,2023-12-20,ACTIVE
2298,4676,2,17,2024-11-23,DORMANT
2299,1664,3,10,2025-01-21,DORMANT
2300,1048,2,9,2020-09-29,DORMANT
2301,3837,3,20,2021-10-20,ACTIVE
2302,3440,5,8,2023-02-18,CLOSED
2303,506,4,15,2024-07-31,ACTIVE
2304,3248,4,13,2022-10-25,DORMANT
2305,3501,1,17,2022-02-17,ACTIVE
2306,1911,5,9,2025-06-04,ACTIVE
2307,733,5,11,2021-05-05,ACTIVE
2308,3514,3,4,2022-03-12,ACTIVE
2309,1572,5,7,2023-07-24,ACTIVE
2310,4610,1,20,2024-04-08,DORMANT
2311,2943,3,3,2024-05-26,ACTIVE
2312,4457,2,10,2024-05-18,ACTIVE
2313,2322,3,3,2022-01-21,ACTIVE
2314,3336,2,1,2020-03-22,ACTIVE
2315,4623,3,14,2021-01-03,ACTIVE
2316,4375,4,13,2023-12-29,ACTIVE
2317,2754,2,5,2020-06-05,ACTIVE
2318,1373,1,8,2023-09-03,DORMANT
2319,1445,2,12,2022-10-30,DORMANT
2320,3377,2,6,2022-01-29,ACTIVE
2321,290,3,2,2020-09-13,CLOSED
2322,2066,4,4,2021-01-28,ACTIVE
2323,64,3,5,2024-02-02,ACTIVE
2324,3946,3,11,2025-04-10,ACTIVE
2325,330,4,13,2024-09-01,ACTIVE
2326,4859,3,8,2022-10-09,ACTIVE
2327,1964,4,5,2021-05-14,CLOSED
2328,3089,1,6,2024-06-23,ACTIVE
2329,2491,4,15,2023-12-03,ACTIVE
2330,141,5,16,2025-05-05,CLOSED
2331,4540,4,11,2024-07-07,ACTIVE
2332,2474,4,7,2025-06-19,ACTIVE
2333,3904,5,6,2024-12-07,DORMANT
2334,450,4,12,2024-05-01,DORMANT
2335,1826,2,4,2022-02-17,CLOSED
2336,4447,3,14,2020-12-10,ACTIVE
2337,4695,3,11,2019-05-16,ACTIVE
2338,4807,1,12,2021-07-24,ACTIVE
2339,870,1,2,2019-01-01,ACTIVE
2340,3565,5,11,2019-03-18,ACTIVE
2341,3660,2,13,2021-08-18,DORMANT
2342,3603,1,11,2023-03-26,DORMANT
2343,393,3,9,2024-07-31,ACTIVE
2344,842,1,16,2025-01-04,ACTIVE
2345,2449,1,5,2020-07-27,ACTIVE
2346,2792,4,12,2023-03-29,ACTIVE
2347,2954,1,3,2019-07-05,ACTIVE
2348,1359,5,16,2023-08-28,ACTIVE
2349,991,3,19,2020-06-05,ACTIVE
2350,1039,5,17,2025-01-18,ACTIVE
2351,28,5,11,2024-05-03,ACTIVE
2352,388,2,19,2025-02-21,ACTIVE
2353,833,4,18,2019-02-03,ACTIVE
2354,250,5,9,2023-06-09,ACTIVE
2355,2028,2,13,2023-05-13,ACTIVE
2356,1529,3,6,2024-03-11,ACTIVE
2357,4194,3,3,2023-12-06,ACTIVE
2358,1839,2,12,2022-08-13,ACTIVE
2359,1361,5,9,2024-04-27,ACTIVE
2360,3110,5,9,2020-06-20,DORMANT
2361,1324,4,15,2024-09-14,ACTIVE
2362,2227,4,1,2022-07-11,ACTIVE
2363,3681,3,18,2022-11-06,ACTIVE
2364,892,4,15,2024-12-01,ACTIVE
2365,1306,2,8,2020-03-18,ACTIVE
2366,4549,3,11,2022-04-01,DORMANT
2367,4193,5,17,2019-02-07,ACTIVE
2368,262,3,14,2024-11-09,DORMANT
2369,2341,1,19,2024-11-18,ACTIVE
2370,1794,3,5,2020-05-21,ACTIVE
2371,2297,4,2,2025-02-04,ACTIVE
2372,2293,2,15,2025-05-20,DORMANT
2373,2171,5,19,2019-12-21,ACTIVE
2374,325,5,16,2024-04-11,ACTIVE
2375,986,4,13,2023-04-08,ACTIVE
2376,4783,4,7,2024-05-27,ACTIVE
2377,3853,4,17,2020-05-02,ACTIVE
2378,1740,1,19,2021-10-02,DORMANT
2379,1861,2,7,2019-10-06,ACTIVE
2380,3138,1,12,2020-10-11,ACTIVE
2381,3899,4,13,2019-12-21,ACTIVE
2382,836,2,13,2025-02-20,ACTIVE
2383,4155,4,14,2021-03-14,ACTIVE
2384,2779,2,15,2024-11-10,ACTIVE
2385,1397,5,2,2020-07-11,ACTIVE
2386,1677,1,6,2021-11-16,ACTIVE
2387,4332,4,9,2019-06-11,ACTIVE
2388,4314,4,15,2024-11-18,CLOSED
2389,1838,3,20,2020-11-29,CLOSED
2390,3722,5,16,2024-05-27,ACTIVE
2391,3673,4,2,2025-01-14,ACTIVE
2392,3023,1,3,2020-05-06,ACTIVE
2393,4685,5,20,2024-06-15,ACTIVE
2394,1672,4,8,2021-10-29,ACTIVE
2395,917,1,8,2024-04-04,ACTIVE
2396,918,3,7,2021-04-03,ACTIVE
2397,1134,3,11,2020-11-09,CLOSED
2398,1837,1,13,2024-02-22,ACTIVE
2399,2139,5,8,2021-02-24,ACTIVE
2400,4008,1,9,2024-01-08,DORMANT
2401,1906,1,16,2021-09-18,DORMANT
2402,3990,3,5,2019-04-21,ACTIVE
2403,3486,3,14,2025-02-28,ACTIVE
2404,4798,3,1,2023-11-19,ACTIVE
2405,2121,4,19,2021-12-24,ACTIVE
2406,2733,4,17,2023-10-05,ACTIVE
2407,2770,2,14,2022-03-30,ACTIVE
2408,1322,4,13,2023-07-27,CLOSED
2409,3717,5,8,2023-09-25,ACTIVE
2410,3355,5,3,2025-05-02,ACTIVE
2411,1529,3,1,2020-07-25,ACTIVE
2412,4744,1,19,2019-07-24,ACTIVE
2413,760,3,15,2020-08-06,ACTIVE
2414,3413,1,8,2025-01-29,ACTIVE
2415,1358,3,9,2019-11-04,DORMANT
2416,2191,3,13,2020-03-25,DORMANT
2417,3482,5,12,2019-03-03,ACTIVE
2418,949,1,9,2023-01-23,DORMANT
2419,2080,2,20,2020-04-19,ACTIVE
2420,1767,2,11,2023-05-15,ACTIVE
2421,28,3,5,2024-11-03,ACTIVE
2422,2471,3,19,2024-05-13,ACTIVE
2423,2539,5,18,2021-10-27,DORMANT
2424,160,1,11,2025-05-31,ACTIVE
2425,2893,3,11,2024-07-25,ACTIVE
2426,4114,2,6,2023-03-23,ACTIVE
2427,3723,1,1,2023-08-03,ACTIVE
2428,3732,3,9,2020-06-09,ACTIVE
2429,2472,1,7,2019-02-03,ACTIVE
2430,5000,5,6,2024-01-30,ACTIVE
2431,4851,2,10,2021-11-23,DORMANT
2432,1571,1,5,2020-02-10,DORMANT
2433,837,2,1,2021-11-07,ACTIVE
2434,4990,3,15,2019-10-20,ACTIVE
2435,3939,4,5,2024-04-10,DORMANT
2436,2287,1,20,2024-09-26,ACTIVE
2437,3406,2,6,2024-03-06,ACTIVE
2438,2671,1,5,2024-11-01,ACTIVE
2439,4113,3,17,2020-08-29,ACTIVE
2440,4748,3,18,2025-06-13,ACTIVE
2441,4356,2,4,2025-04-18,DORMANT
2442,1628,5,2,2023-02-13,ACTIVE
2443,1867,1,8,2019-06-29,ACTIVE
2444,205,1,5,2022-08-26,ACTIVE
2445,3580,3,4,2024-08-09,ACTIVE
2446,3175,1,14,2024-09-17,ACTIVE
2447,792,2,4,2021-03-26,ACTIVE
2448,4093,4,8,2020-01-11,ACTIVE
2449,3748,3,3,2024-05-06,ACTIVE
2450,1106,4,14,2024-09-19,ACTIVE
2451,1091,1,18,2023-08-21,CLOSED
2452,1608,5,12,2023-10-08,ACTIVE
2453,1840,2,15,2024-09-25,ACTIVE
2454,3398,1,20,2019-07-04,ACTIVE
2455,67,2,20,2019-03-13,ACTIVE
2456,4780,1,9,2023-11-10,ACTIVE
2457,1279,1,2,2020-07-27,ACTIVE
2458,4159,1,1,2020-07-22,ACTIVE
2459,814,3,15,2021-08-21,DORMANT
2460,403,4,15,2022-06-20,ACTIVE
2461,2003,5,8,2024-07-10,ACTIVE
2462,4167,4,3,2024-06-28,ACTIVE
2463,2926,4,2,2019-06-02,ACTIVE
2464,2994,2,4,2022-07-02,ACTIVE
2465,1087,3,18,2020-12-29,DORMANT
2466,4341,3,12,2022-12-18,ACTIVE
2467,2567,1,18,2025-03-29,ACTIVE
2468,4489,4,10,2023-04-02,ACTIVE
2469,772,5,8,2019-06-25,ACTIVE
2470,3673,2,18,2024-08-07,ACTIVE
2471,3249,3,17,2024-12-30,ACTIVE
2472,1670,1,19,2024-08-26,ACTIVE
2473,1557,5,6,2019-09-06,ACTIVE
2474,2959,4,14,2021-03-11,ACTIVE
2475,1152,5,5,2021-09-26,ACTIVE
2476,1218,3,8,2025-01-02,ACTIVE
2477,2232,2,8,2021-07-14,ACTIVE
2478,4343,4,18,2025-01-21,ACTIVE
2479,3945,2,9,2022-02-08,DORMANT
2480,2043,5,14,2020-10-08,ACTIVE
2481,706,5,14,2019-12-20,ACTIVE
2482,2670,1,20,2022-07-21,ACTIVE
2483,2114,4,14,2021-07-31,ACTIVE
2484,2978,5,17,2022-07-26,ACTIVE
2485,4350,3,2,2020-06-09,ACTIVE
2486,4379,3,14,2023-04-08,ACTIVE
2487,423,2,12,2020-05-24,ACTIVE
2488,2022,3,16,2023-03-18,ACTIVE
2489,3794,5,6,2019-06-27,ACTIVE
2490,4132,3,18,2021-03-11,ACTIVE
2491,531,4,7,2022-11-20,ACTIVE
2492,91,2,2,2021-07-26,ACTIVE
2493,3373,4,13,2024-07-13,ACTIVE
2494,1943,5,8,2025-06-02,ACTIVE
2495,3806,5,12,2024-05-28,ACTIVE
2496,1241,3,1,2023-02-27,ACTIVE
2497,1759,1,9,2022-06-12,ACTIVE
2498,98,1,8,2022-05-27,ACTIVE
2499,1480,5,9,2022-05-25,DORMANT
2500,4627,5,5,2023-08-26,CLOSED
2501,1833,2,13,2024-02-07,ACTIVE
2502,2586,5,14,2020-02-24,CLOSED
2503,3648,5,4,2020-10-14,ACTIVE
2504,80,2,17,2021-03-24,ACTIVE
2505,4710,4,9,2021-05-17,ACTIVE
2506,2224,4,20,2019-04-23,ACTIVE
2507,2570,2,15,2019-06-23,ACTIVE
2508,1773,2,20,2021-10-07,ACTIVE
2509,4519,4,4,2024-10-22,ACTIVE
2510,1124,4,2,2020-09-28,ACTIVE
2511,3812,4,13,2023-04-09,ACTIVE
2512,3475,4,4,2019-02-01,ACTIVE
2513,2624,3,18,2020-05-11,ACTIVE
2514,1404,2,16,2025-02-20,ACTIVE
2515,2579,1,10,2020-06-11,ACTIVE
2516,332,3,2,2023-02-21,ACTIVE
2517,4749,1,14,2023-03-01,DORMANT
2518,3609,1,2,2023-07-02,ACTIVE
2519,740,5,18,2019-01-24,ACTIVE
2520,4607,2,1,2025-05-26,ACTIVE
2521,42,3,13,2025-06-13,ACTIVE
2522,4981,2,6,2019-10-31,ACTIVE
2523,3879,4,17,2020-09-22,ACTIVE
2524,1950,2,17,2023-09-13,ACTIVE
2525,3461,1,11,2019-02-07,ACTIVE
2526,2129,4,6,2021-01-14,CLOSED
2527,4498,2,20,2023-05-24,ACTIVE
2528,2155,2,3,2019-03-23,ACTIVE
2529,1238,1,14,2022-02-15,ACTIVE
2530,1767,4,6,2024-01-19,ACTIVE
2531,1842,1,17,2019-02-19,ACTIVE
2532,506,2,3,2024-10-22,ACTIVE
2533,1842,3,17,2022-02-03,DORMANT
2534,4816,3,19,2023-06-11,ACTIVE
2535,1395,5,18,2023-11-23,DORMANT
2536,257,3,5,2023-08-07,DORMANT
2537,1721,4,15,2021-10-10,ACTIVE
2538,1072,5,3,2025-02-10,DORMANT
2539,1623,4,8,2019-06-03,ACTIVE
2540,4993,3,7,2024-12-05,ACTIVE
2541,2067,3,18,2025-05-03,ACTIVE
2542,1070,2,10,2025-04-21,ACTIVE
2543,451,4,10,2019-06-20,ACTIVE
2544,898,1,19,2020-09-08,ACTIVE
2545,4837,2,1,2020-07-01,ACTIVE
2546,3729,4,2,2022-04-23,ACTIVE
2547,82,5,1,2024-04-09,ACTIVE
2548,737,4,9,2023-05-31,ACTIVE
2549,4175,5,15,2019-05-26,ACTIVE
2550,3945,5,18,2019-09-19,ACTIVE
2551,2208,3,18,2022-02-23,ACTIVE
2552,3949,1,7,2023-06-16,CLOSED
2553,2003,4,14,2019-12-11,ACTIVE
2554,1692,1,18,2024-06-21,DORMANT
2555,1180,5,20,2022-02-05,ACTIVE
2556,2936,3,19,2024-06-15,ACTIVE
2557,2516,1,5,2023-04-30,ACTIVE
2558,4949,2,9,2020-05-28,DORMANT
2559,462,5,18,2021-08-02,ACTIVE
2560,2902,2,13,2020-12-13,ACTIVE
2561,117,1,5,2019-08-03,ACTIVE
2562,1655,1,20,2023-07-09,ACTIVE
2563,4562,1,15,2022-09-04,ACTIVE
2564,1799,4,19,2020-08-26,ACTIVE
2565,660,5,20,2021-02-10,ACTIVE
2566,3238,5,11,2020-10-31,ACTIVE
2567,2123,5,9,2021-12-16,ACTIVE
2568,3820,4,16,2020-07-12,ACTIVE
2569,3344,1,11,2022-11-26,ACTIVE
2570,2551,1,2,2025-03-19,ACTIVE
2571,4891,2,8,2020-04-19,ACTIVE
2572,1587,4,5,2022-02-05,DORMANT
2573,4683,3,11,2021-05-12,DORMANT
2574,2748,4,11,2021-03-22,ACTIVE
2575,635,2,9,2025-02-05,ACTIVE
2576,2883,2,11,2019-06-26,ACTIVE
2577,2812,2,5,2020-05-01,ACTIVE
2578,4454,1,9,2020-11-22,ACTIVE
2579,4016,3,1,2019-09-25,ACTIVE
2580,2740,2,10,2021-02-23,ACTIVE
2581,1885,5,8,2021-03-24,DORMANT
2582,1519,1,19,2025-05-05,ACTIVE
2583,622,3,16,2022-06-23,ACTIVE
2584,4578,5,13,2022-04-16,ACTIVE
2585,1538,3,5,2021-12-26,ACTIVE
2586,2338,3,18,2019-10-04,ACTIVE
2587,1995,5,9,2022-05-16,ACTIVE
2588,2071,4,4,2019-11-03,ACTIVE
2589,4902,3,14,2023-04-23,ACTIVE
2590,4931,4,7,2020-09-22,ACTIVE
2591,2366,3,12,2022-02-11,ACTIVE
2592,2846,5,7,2024-12-21,ACTIVE
2593,3039,3,11,2023-09-10,ACTIVE
2594,855,2,15,2021-11-14,ACTIVE
2595,2729,2,7,2023-05-03,ACTIVE
2596,916,3,20,2022-09-28,ACTIVE
2597,4939,5,17,2021-03-23,ACTIVE
2598,132,5,5,2024-01-09,ACTIVE
2599,1117,1,8,2024-10-20,ACTIVE
2600,3594,5,10,2021-08-09,CLOSED
2601,861,4,6,2024-07-25,ACTIVE
2602,294,3,2,2022-05-09,ACTIVE
2603,2689,2,5,2022-09-11,ACTIVE
2604,1000,5,10,2019-02-02,ACTIVE
2605,2297,2,3,2019-04-07,ACTIVE
2606,3686,1,13,2019-09-20,ACTIVE
2607,287,3,16,2021-07-02,ACTIVE
2608,450,5,15,2025-05-29,ACTIVE
2609,2339,2,2,2019-06-21,ACTIVE
2610,3241,5,3,2021-01-27,DORMANT
2611,2704,1,20,2021-07-14,ACTIVE
2612,3117,2,18,2022-11-19,DORMANT
2613,4572,2,20,2022-07-03,ACTIVE
2614,253,3,20,2021-06-19,ACTIVE
2615,1420,3,15,2021-10-30,ACTIVE
2616,2337,2,5,2019-09-28,ACTIVE
2617,1236,3,11,2021-01-11,CLOSED
2618,1000,2,3,2022-08-28,ACTIVE
2619,3761,4,9,2024-04-06,ACTIVE
2620,4117,5,7,2020-01-26,DORMANT
2621,4412,4,2,2021-08-16,ACTIVE
2622,2612,4,15,2020-07-28,ACTIVE
2623,1447,5,12,2019-12-10,ACTIVE
2624,2171,2,16,2023-04-19,ACTIVE
2625,2922,2,16,2022-11-02,ACTIVE
2626,3684,3,16,2020-03-31,ACTIVE
2627,2262,1,19,2022-12-17,ACTIVE
2628,1946,2,3,2020-03-19,ACTIVE
2629,4935,5,20,2019-07-16,ACTIVE
2630,1854,1,4,2023-05-17,ACTIVE
2631,600,5,1,2022-11-18,DORMANT
2632,4888,5,8,2023-10-27,ACTIVE
2633,4136,5,15,2020-11-01,ACTIVE
2634,3404,1,5,2022-08-10,ACTIVE
2635,2991,4,20,2024-03-20,ACTIVE
2636,4744,5,12,2024-09-03,ACTIVE
2637,4278,3,20,2025-04-03,DORMANT
2638,4361,2,20,2020-04-05,ACTIVE
2639,2819,2,4,2022-09-06,ACTIVE
2640,863,2,15,2019-04-10,ACTIVE
2641,4528,1,6,2020-02-12,ACTIVE
2642,4056,3,5,2021-09-04,ACTIVE
2643,1220,3,11,2022-12-28,CLOSED
2644,3796,3,14,2019-05-23,ACTIVE
2645,4605,3,11,2020-12-20,ACTIVE
2646,4543,3,9,2022-12-30,ACTIVE
2647,528,4,10,2020-02-22,ACTIVE
2648,2923,3,6,2022-01-09,ACTIVE
2649,3205,3,11,2020-06-28,ACTIVE
2650,1163,1,9,2025-01-15,ACTIVE
2651,4765,1,5,2023-12-15,DORMANT
2652,3565,3,10,2021-02-11,ACTIVE
2653,847,4,20,2023-08-21,ACTIVE
2654,2118,3,14,2021-12-04,ACTIVE
2655,3087,3,6,2022-05-23,ACTIVE
2656,1771,3,4,2019-05-08,ACTIVE
2657,3284,5,10,2023-04-23,DORMANT
2658,1826,4,11,2021-05-26,DORMANT
2659,3324,2,16,2020-06-24,ACTIVE
2660,446,3,7,2025-01-20,ACTIVE
2661,1026,2,18,2023-04-08,ACTIVE
2662,1772,4,7,2019-05-11,ACTIVE
2663,1360,3,15,2020-05-18,ACTIVE
2664,19,2,19,2022-12-18,CLOSED
2665,561,2,18,2025-02-09,ACTIVE
2666,472,4,15,2021-04-05,ACTIVE
2667,28,3,18,2021-10-19,ACTIVE
2668,560,5,3,2022-06-12,ACTIVE
2669,2656,4,1,2019-05-11,ACTIVE
2670,3237,5,1,2020-11-27,ACTIVE
2671,4554,3,7,2021-11-03,ACTIVE
2672,945,2,10,2021-03-24,ACTIVE
2673,3949,4,12,2020-10-20,CLOSED
2674,3657,4,8,2021-12-19,ACTIVE
2675,4964,4,17,2022-03-29,ACTIVE
2676,3064,1,14,2023-01-10,CLOSED
2677,1980,3,17,2022-11-10,ACTIVE
2678,2717,1,6,2021-12-29,ACTIVE
2679,4922,4,20,2024-06-20,CLOSED
2680,816,4,17,2024-07-04,ACTIVE
2681,2327,5,20,2022-06-02,ACTIVE
2682,2331,1,8,2024-09-18,ACTIVE
2683,1003,2,13,2022-03-15,ACTIVE
2684,1543,3,16,2019-09-05,ACTIVE
2685,4205,2,12,2019-01-12,ACTIVE
2686,1230,2,17,2024-07-03,ACTIVE
2687,3306,3,18,2021-01-06,ACTIVE
2688,2530,4,8,2020-05-24,ACTIVE
2689,1431,5,18,2022-06-22,ACTIVE
2690,3913,4,11,2024-06-21,DORMANT
2691,1533,4,13,2019-06-20,ACTIVE
2692,1893,1,12,2023-07-08,ACTIVE
2693,3125,2,15,2020-12-21,ACTIVE
2694,1422,2,3,2021-03-25,ACTIVE
2695,391,2,3,2021-11-24,CLOSED
2696,2819,5,6,2019-07-24,ACTIVE
2697,1870,5,3,2021-06-08,ACTIVE
2698,2961,5,9,2022-11-08,ACTIVE
2699,1196,3,11,2023-05-20,ACTIVE
2700,2606,5,8,2021-01-19,ACTIVE
2701,858,1,4,2023-02-17,ACTIVE
2702,3228,1,20,2024-04-22,ACTIVE
2703,1517,4,15,2023-11-03,ACTIVE
2704,1154,4,5,2022-02-06,ACTIVE
2705,843,4,7,2022-04-16,ACTIVE
2706,1683,4,8,2019-09-06,ACTIVE
2707,295,1,7,2024-03-10,ACTIVE
2708,645,4,8,2021-10-25,DORMANT
2709,3634,1,4,2022-03-26,ACTIVE
2710,2136,5,1,2019-08-18,ACTIVE
2711,111,5,5,2022-07-08,ACTIVE
2712,584,3,11,2019-11-17,ACTIVE
2713,3226,4,4,2019-01-28,ACTIVE
2714,1487,5,2,2020-05-24,ACTIVE
2715,4865,5,17,2025-03-25,DORMANT
2716,1649,2,12,2020-10-02,ACTIVE
2717,2382,2,2,2020-06-24,ACTIVE
2718,106,1,9,2021-06-28,ACTIVE
2719,3554,3,6,2022-08-04,ACTIVE
2720,1695,2,6,2023-02-26,ACTIVE
2721,1734,3,18,2023-01-30,ACTIVE
2722,382,5,3,2022-11-19,ACTIVE
2723,2737,1,15,2022-12-29,ACTIVE
2724,4357,3,7,2021-03-19,DORMANT
2725,1317,2,13,2023-04-10,ACTIVE
2726,2703,5,10,2022-08-30,DORMANT
2727,4916,4,4,2022-02-26,ACTIVE
2728,4075,5,16,2020-05-28,ACTIVE
2729,4805,2,9,2019-12-13,ACTIVE
2730,907,2,10,2019-04-27,ACTIVE
2731,663,4,19,2022-11-21,DORMANT
2732,463,5,17,2024-01-29,ACTIVE
2733,2903,3,1,2022-11-22,ACTIVE
2734,4681,3,13,2023-06-20,ACTIVE
2735,943,5,4,2024-06-22,ACTIVE
2736,158,3,15,2024-11-15,ACTIVE
2737,3310,5,10,2019-10-09,ACTIVE
2738,1327,5,20,2024-06-25,ACTIVE
2739,2718,2,9,2021-03-17,ACTIVE
2740,2669,1,8,2023-08-19,DORMANT
2741,2569,2,20,2022-12-15,ACTIVE
2742,3393,3,6,2019-07-30,ACTIVE
2743,2107,1,10,2023-08-18,ACTIVE
2744,4800,5,20,2023-11-13,ACTIVE
2745,648,3,17,2022-09-08,ACTIVE
2746,3323,4,5,2020-11-17,ACTIVE
2747,2939,3,14,2021-08-28,ACTIVE
2748,2484,1,17,2021-07-18,ACTIVE
2749,4242,1,11,2019-01-18,ACTIVE
2750,2907,5,4,2022-08-07,DORMANT
2751,3026,4,17,2023-11-09,ACTIVE
2752,1376,5,2,2025-02-23,DORMANT
2753,1824,4,1,2022-03-31,DORMANT
2754,245,4,18,2020-01-19,ACTIVE
2755,2349,5,7,2025-02-25,CLOSED
2756,868,3,6,2023-11-05,ACTIVE
2757,2862,2,6,2021-06-13,ACTIVE
2758,480,4,14,2023-03-02,ACTIVE
2759,2463,1,12,2021-09-06,ACTIVE
2760,1936,5,14,2019-03-23,ACTIVE
2761,3374,3,14,2023-05-24,ACTIVE
2762,3022,4,12,2024-05-07,ACTIVE
2763,3193,3,9,2022-12-21,ACTIVE
2764,88,5,9,2023-01-24,ACTIVE
2765,1241,1,2,2021-06-02,ACTIVE
2766,573,4,18,2020-12-28,ACTIVE
2767,814,4,5,2019-05-04,ACTIVE
2768,179,3,12,2023-07-20,ACTIVE
2769,1726,5,14,2020-06-09,DORMANT
2770,163,2,13,2024-09-17,ACTIVE
2771,2641,4,3,2024-11-25,ACTIVE
2772,1006,1,15,2025-05-04,ACTIVE
2773,2349,4,15,2024-06-26,ACTIVE
2774,2422,4,3,2022-10-08,ACTIVE
2775,2756,2,20,2019-11-07,ACTIVE
2776,4299,2,19,2019-02-09,ACTIVE
2777,4143,5,15,2021-02-19,ACTIVE
2778,4559,4,19,2020-08-03,ACTIVE
2779,3742,4,8,2025-01-08,ACTIVE
2780,4504,3,13,2024-06-16,ACTIVE
2781,1218,3,10,2025-02-12,ACTIVE
2782,2475,1,2,2020-03-05,ACTIVE
2783,930,1,11,2024-08-01,ACTIVE
2784,317,3,19,2020-04-01,CLOSED
2785,1503,1,9,2022-06-04,CLOSED
2786,421,4,9,2022-12-22,ACTIVE
2787,4359,2,6,2019-07-23,ACTIVE
2788,1450,4,10,2019-04-28,ACTIVE
2789,428,3,8,2024-01-27,ACTIVE
2790,397,5,15,2024-01-02,ACTIVE
2791,796,5,6,2025-03-19,ACTIVE
2792,107,3,7,2021-06-15,ACTIVE
2793,4050,4,20,2024-10-11,ACTIVE
2794,98,1,17,2024-08-14,CLOSED
2795,1904,1,4,2020-05-22,ACTIVE
2796,3571,5,8,2025-01-01,DORMANT
2797,3302,3,13,2021-08-11,CLOSED
2798,43,3,14,2022-03-28,ACTIVE
2799,1578,2,18,2024-04-29,ACTIVE
2800,4191,5,17,2021-08-16,ACTIVE
2801,4284,3,18,2024-01-29,ACTIVE
2802,385,2,14,2024-08-20,ACTIVE
2803,4915,1,11,2019-03-10,ACTIVE
2804,3472,5,10,2023-09-24,DORMANT
2805,3578,5,13,2023-06-26,DORMANT
2806,3239,3,20,2021-08-21,ACTIVE
2807,1697,3,16,2023-04-17,ACTIVE
2808,2135,4,14,2019-07-21,ACTIVE
2809,3893,1,3,2019-09-23,ACTIVE
2810,2537,1,18,2024-11-25,ACTIVE
2811,4322,2,6,2025-02-15,ACTIVE
2812,2393,2,20,2019-08-27,ACTIVE
2813,4614,4,3,2021-08-08,ACTIVE
2814,3816,1,19,2019-10-18,ACTIVE
2815,296,2,3,2025-06-26,ACTIVE
2816,414,1,12,2023-12-14,DORMANT
2817,1996,1,8,2024-09-20,ACTIVE
2818,4,2,5,2021-08-12,ACTIVE
2819,178,3,17,2022-05-06,ACTIVE
2820,746,3,10,2020-09-24,DORMANT
2821,4355,2,17,2024-04-14,ACTIVE
2822,652,4,9,2019-10-11,CLOSED
2823,3890,5,13,2021-03-17,ACTIVE
2824,3272,1,10,2025-02-07,ACTIVE
2825,2483,5,8,2021-10-31,ACTIVE
2826,290,2,7,2024-03-21,ACTIVE
2827,803,1,2,2020-07-29,ACTIVE
2828,2531,5,2,2023-06-07,ACTIVE
2829,234,3,4,2021-07-15,ACTIVE
2830,408,4,9,2021-10-22,ACTIVE
2831,694,5,14,2021-03-21,DORMANT
2832,1170,4,11,2022-06-19,ACTIVE
2833,4658,3,7,2021-03-19,CLOSED
2834,2478,5,19,2021-07-30,ACTIVE
2835,432,2,4,2019-02-09,ACTIVE
2836,2545,1,2,2022-08-31,DORMANT
2837,983,3,19,2020-07-10,ACTIVE
2838,3161,4,18,2022-08-14,CLOSED
2839,3045,4,7,2023-07-13,ACTIVE
2840,4993,3,11,2024-07-20,ACTIVE
2841,3925,2,10,2021-07-05,ACTIVE
2842,3313,2,11,2020-10-04,DORMANT
2843,4874,4,9,2020-01-30,CLOSED
2844,4319,3,3,2021-03-02,ACTIVE
2845,1689,3,5,2024-11-05,ACTIVE
2846,468,1,1,2024-04-28,ACTIVE
2847,2617,4,1,2021-01-13,ACTIVE
2848,1346,2,20,2023-04-28,ACTIVE
2849,2423,5,5,2022-05-24,ACTIVE
2850,4508,2,19,2019-10-04,ACTIVE
2851,4722,2,6,2019-07-13,ACTIVE
2852,1012,5,3,2019-06-28,ACTIVE
2853,1678,4,13,2022-03-12,ACTIVE
2854,3698,1,17,2024-08-06,ACTIVE
2855,4898,2,3,2023-04-11,ACTIVE
2856,4067,2,3,2019-08-06,ACTIVE
2857,1893,4,13,2021-09-14,ACTIVE
2858,2870,4,2,2020-07-10,ACTIVE
2859,4351,3,3,2022-06-01,ACTIVE
2860,1487,4,20,2023-11-21,ACTIVE
2861,3340,4,16,2019-03-18,ACTIVE
2862,1417,2,12,2020-08-21,DORMANT
2863,4858,1,9,2022-05-16,ACTIVE
2864,2847,2,16,2022-03-28,ACTIVE
2865,1358,4,4,2020-06-07,ACTIVE
2866,4061,3,20,2022-10-13,ACTIVE
2867,4661,1,18,2020-01-19,ACTIVE
2868,1392,3,1,2023-05-09,ACTIVE
2869,1579,5,7,2023-01-13,ACTIVE
2870,3750,3,20,2025-04-08,ACTIVE
2871,3626,3,12,2020-01-04,DORMANT
2872,2504,4,8,2023-02-03,ACTIVE
2873,3138,4,8,2019-10-15,CLOSED
2874,2910,4,9,2020-02-03,ACTIVE
2875,2665,4,14,2024-11-21,ACTIVE
2876,400,4,20,2022-08-27,ACTIVE
2877,4383,3,5,2019-05-07,ACTIVE
2878,3958,5,20,2024-09-18,ACTIVE
2879,2234,4,2,2023-11-06,ACTIVE
2880,1540,5,10,2019-09-04,ACTIVE
2881,237,5,9,2024-01-04,ACTIVE
2882,4911,2,7,2025-06-17,ACTIVE
2883,928,2,18,2024-09-12,ACTIVE
2884,4510,1,12,2024-12-16,DORMANT
2885,420,2,11,2024-08-19,DORMANT
2886,4125,4,10,2022-04-06,ACTIVE
2887,2396,5,13,2023-12-13,ACTIVE
2888,661,1,9,2022-05-24,ACTIVE
2889,2624,2,16,2023-11-11,ACTIVE
2890,3951,3,17,2023-06-14,ACTIVE
2891,450,1,5,2019-12-06,CLOSED
2892,380,4,6,2023-05-11,DORMANT
2893,1251,5,10,2023-08-15,ACTIVE
2894,2460,4,11,2022-08-01,ACTIVE
2895,2999,4,2,2020-06-17,ACTIVE
2896,4452,3,7,2021-03-19,ACTIVE
2897,2302,3,14,2025-04-16,ACTIVE
2898,727,5,4,2022-09-16,ACTIVE
2899,1468,2,5,2022-05-10,ACTIVE
2900,2729,4,19,2024-08-15,ACTIVE
2901,3153,2,20,2021-04-28,ACTIVE
2902,3521,5,10,2023-02-18,ACTIVE
2903,4906,4,6,2022-05-07,ACTIVE
2904,3355,2,2,2019-01-13,ACTIVE
2905,416,4,3,2024-08-15,ACTIVE
2906,600,3,15,2022-12-05,ACTIVE
2907,3075,3,10,2023-04-30,ACTIVE
2908,4175,1,17,2020-06-21,ACTIVE
2909,1568,5,7,2024-08-13,ACTIVE
2910,1095,2,2,2023-12-18,ACTIVE
2911,2944,4,7,2024-07-27,ACTIVE
2912,4154,1,15,2025-05-20,ACTIVE
2913,1448,5,3,2020-12-22,ACTIVE
2914,1493,5,5,2023-12-29,ACTIVE
2915,2672,5,8,2023-11-24,ACTIVE
2916,1459,2,4,2024-05-06,ACTIVE
2917,1209,3,18,2021-08-09,ACTIVE
2918,4935,1,19,2020-09-19,ACTIVE
2919,2213,2,8,2023-11-13,CLOSED
2920,1355,4,6,2023-06-30,ACTIVE
2921,213,2,5,2022-02-21,ACTIVE
2922,3895,4,5,2022-11-18,ACTIVE
2923,4603,4,17,2020-10-11,CLOSED
2924,2964,5,6,2021-03-22,ACTIVE
2925,2849,2,13,2021-12-15,ACTIVE
2926,3043,3,9,2024-12-19,ACTIVE
2927,3035,4,12,2024-12-09,ACTIVE
2928,1733,5,10,2025-02-27,DORMANT
2929,3082,3,1,2024-06-12,ACTIVE
2930,1271,2,11,2023-06-14,ACTIVE
2931,4869,3,6,2024-01-22,ACTIVE
2932,1530,2,3,2024-02-09,ACTIVE
2933,1082,4,6,2020-08-01,ACTIVE
2934,3532,1,9,2022-02-10,CLOSED
2935,1152,1,8,2025-03-24,ACTIVE
2936,1723,4,15,2025-01-30,ACTIVE
2937,717,3,6,2021-10-16,ACTIVE
2938,4200,2,11,2022-03-03,ACTIVE
2939,2191,1,10,2023-07-08,ACTIVE
2940,205,2,11,2024-12-30,ACTIVE
2941,3830,4,4,2020-07-22,ACTIVE
2942,3110,3,13,2022-08-10,ACTIVE
2943,4095,2,8,2019-10-04,ACTIVE
2944,1333,3,20,2023-02-24,ACTIVE
2945,2049,1,15,2023-05-06,ACTIVE
2946,1850,2,7,2024-05-12,DORMANT
2947,4843,5,1,2023-02-03,ACTIVE
2948,1238,1,9,2025-05-12,ACTIVE
2949,2019,3,8,2019-08-22,ACTIVE
2950,518,4,2,2022-06-19,ACTIVE
2951,1439,5,14,2019-02-01,ACTIVE
2952,4087,2,12,2022-10-03,ACTIVE
2953,2053,1,17,2021-01-29,ACTIVE
2954,4369,2,19,2023-12-04,ACTIVE
2955,4518,2,6,2023-11-30,ACTIVE
2956,2313,5,5,2021-03-03,ACTIVE
2957,2260,5,6,2022-10-23,DORMANT
2958,3150,5,3,2021-01-31,ACTIVE
2959,782,5,16,2019-09-22,ACTIVE
2960,2714,4,18,2025-03-12,ACTIVE
2961,1245,3,14,2019-10-09,ACTIVE
2962,2417,5,15,2020-06-13,ACTIVE
2963,976,1,4,2024-02-26,ACTIVE
2964,3492,2,11,2024-07-21,ACTIVE
2965,3426,5,5,2024-08-11,ACTIVE
2966,417,1,9,2021-03-26,ACTIVE
2967,215,4,5,2020-04-08,ACTIVE
2968,3979,1,7,2023-01-10,ACTIVE
2969,1136,1,18,2022-10-18,ACTIVE
2970,3776,4,18,2019-06-13,ACTIVE
2971,1583,4,20,2023-09-23,DORMANT
2972,4524,2,2,2023-05-30,ACTIVE
2973,733,5,13,2020-05-25,ACTIVE
2974,2747,1,13,2023-12-03,ACTIVE
2975,2264,3,17,2022-05-29,ACTIVE
2976,4509,3,17,2020-07-08,ACTIVE
2977,3805,2,6,2022-07-30,ACTIVE
2978,2428,3,14,2024-03-23,ACTIVE
2979,232,2,14,2022-10-29,ACTIVE
2980,4931,5,12,2019-09-16,DORMANT
2981,4354,2,5,2022-05-09,DORMANT
2982,403,4,5,2023-07-24,ACTIVE
2983,4866,4,4,2022-11-04,ACTIVE
2984,65,4,13,2024-02-09,ACTIVE
2985,2238,4,4,2021-02-04,ACTIVE
2986,950,4,18,2019-03-06,DORMANT
2987,173,4,16,2023-07-28,ACTIVE
2988,2676,4,18,2024-09-20,CLOSED
2989,1251,4,2,2021-05-28,DORMANT
2990,3049,4,4,2019-07-15,DORMANT
2991,4006,5,20,2022-10-15,ACTIVE
2992,638,4,17,2023-12-01,ACTIVE
2993,949,2,20,2019-03-06,ACTIVE
2994,2261,5,6,2022-08-13,ACTIVE
2995,1695,3,18,2022-12-21,ACTIVE
2996,4848,1,20,2019-08-11,DORMANT
2997,4758,5,7,2023-03-13,ACTIVE
2998,143,4,13,2020-03-17,ACTIVE
2999,4582,5,9,2022-12-08,ACTIVE
3000,1461,1,2,2021-06-21,ACTIVE
3001,3888,1,8,2025-06-25,ACTIVE
3002,293,4,14,2021-02-08,DORMANT
3003,1644,4,18,2021-06-01,ACTIVE
3004,2719,2,1,2020-03-26,ACTIVE
3005,838,1,9,2022-01-07,ACTIVE
3006,1038,4,9,2021-01-12,ACTIVE
3007,272,1,2,2023-05-29,ACTIVE
3008,1959,2,16,2023-03-25,ACTIVE
3009,2370,3,4,2024-03-30,ACTIVE
3010,806,1,13,2022-06-02,ACTIVE
3011,3175,2,17,2020-06-11,ACTIVE
3012,883,2,11,2020-12-24,ACTIVE
3013,832,2,2,2019-08-29,ACTIVE
3014,3172,5,4,2024-11-12,ACTIVE
3015,2192,4,12,2019-12-31,ACTIVE
3016,2041,1,2,2022-04-23,ACTIVE
3017,1595,5,1,2022-03-05,ACTIVE
3018,1627,1,6,2019-01-25,ACTIVE
3019,3585,5,16,2024-05-14,ACTIVE
3020,274,4,2,2025-06-23,ACTIVE
3021,590,2,14,2020-07-15,ACTIVE
3022,2701,1,20,2020-11-11,ACTIVE
3023,583,2,12,2024-11-17,DORMANT
3024,3634,4,19,2023-06-05,ACTIVE
3025,1991,1,3,2021-11-01,ACTIVE
3026,1259,3,19,2020-12-20,ACTIVE
3027,2867,3,11,2024-10-25,ACTIVE
3028,3739,3,4,2020-08-09,ACTIVE
3029,572,4,17,2021-08-31,DORMANT
3030,545,3,17,2024-01-21,ACTIVE
3031,4223,1,7,2022-10-03,ACTIVE
3032,4829,3,5,2023-01-06,ACTIVE
3033,4513,1,19,2020-11-21,DORMANT
3034,638,4,19,2019-03-29,ACTIVE
3035,41,2,9,2020-05-08,DORMANT
3036,4883,5,17,2022-05-30,ACTIVE
3037,4393,3,9,2024-07-13,ACTIVE
3038,1621,5,14,2022-02-15,ACTIVE
3039,3673,2,5,2019-05-16,ACTIVE
3040,4138,4,2,2021-09-04,ACTIVE
3041,4129,4,15,2025-02-12,ACTIVE
3042,1300,2,16,2020-06-25,ACTIVE
3043,4712,5,19,2021-07-18,ACTIVE
3044,160,3,1,2022-11-03,DORMANT
3045,1953,1,12,2021-03-21,ACTIVE
3046,1732,4,19,2020-02-16,ACTIVE
3047,2447,2,20,2019-08-05,ACTIVE
3048,3163,5,15,2021-04-09,ACTIVE
3049,1733,3,5,2022-02-07,DORMANT
3050,581,5,1,2019-10-12,ACTIVE
3051,220,3,11,2021-02-08,ACTIVE
3052,4475,1,9,2024-03-11,ACTIVE
3053,1750,1,7,2020-07-22,ACTIVE
3054,1471,2,2,2022-08-14,ACTIVE
3055,4329,2,17,2020-06-13,ACTIVE
3056,1395,3,16,2023-11-03,ACTIVE
3057,922,3,16,2024-09-05,DORMANT
3058,2774,3,14,2024-08-05,ACTIVE
3059,4463,3,2,2022-02-15,CLOSED
3060,4577,1,19,2021-12-13,ACTIVE
3061,3435,2,3,2020-05-18,ACTIVE
3062,3583,2,8,2024-07-17,ACTIVE
3063,1119,4,19,2019-06-01,ACTIVE
3064,1866,2,16,2021-01-06,ACTIVE
3065,4312,2,4,2020-04-23,ACTIVE
3066,725,5,8,2023-08-13,ACTIVE
3067,712,5,1,2022-05-24,ACTIVE
3068,1826,4,4,2022-10-03,ACTIVE
3069,3927,3,7,2022-09-25,ACTIVE
3070,391,4,1,2021-04-29,DORMANT
3071,1071,4,18,2023-08-24,ACTIVE
3072,4488,1,4,2022-10-30,ACTIVE
3073,2766,2,20,2023-04-10,ACTIVE
3074,4481,1,14,2022-08-19,ACTIVE
3075,2429,2,8,2022-06-19,ACTIVE
3076,4495,4,18,2022-11-02,ACTIVE
3077,2148,2,7,2023-09-05,ACTIVE
3078,3573,3,3,2022-11-13,ACTIVE
3079,4479,3,14,2025-05-23,CLOSED
3080,2755,4,12,2023-10-20,DORMANT
3081,3264,5,15,2024-05-14,CLOSED
3082,3826,3,8,2020-09-18,ACTIVE
3083,3417,4,5,2022-06-18,ACTIVE
3084,2058,1,17,2025-03-09,ACTIVE
3085,2312,5,10,2019-12-29,ACTIVE
3086,2880,3,11,2024-12-20,ACTIVE
3087,3643,4,16,2023-03-13,ACTIVE
3088,2610,4,16,2025-05-13,DORMANT
3089,1431,1,4,2022-07-12,ACTIVE
3090,1914,1,5,2020-10-18,ACTIVE
3091,758,5,10,2022-10-15,ACTIVE
3092,2135,3,14,2020-10-28,CLOSED
3093,1913,4,9,2024-12-23,ACTIVE
3094,1740,5,18,2021-07-08,CLOSED
3095,3218,5,20,2024-11-21,CLOSED
3096,4757,1,6,2024-05-04,ACTIVE
3097,1135,4,11,2020-01-23,DORMANT
3098,3713,2,17,2023-11-04,ACTIVE
3099,765,1,9,2021-06-23,ACTIVE
3100,2726,4,3,2020-01-12,ACTIVE
3101,3369,5,16,2019-08-28,DORMANT
3102,3498,5,20,2019-07-01,ACTIVE
3103,1673,3,4,2022-07-04,ACTIVE
3104,3406,2,15,2021-01-13,ACTIVE
3105,583,1,2,2021-04-20,ACTIVE
3106,4767,3,20,2022-07-02,ACTIVE
3107,4634,3,17,2021-12-04,CLOSED
3108,1822,2,19,2021-10-05,ACTIVE
3109,1186,1,20,2020-08-20,ACTIVE
3110,4526,1,16,2021-10-13,ACTIVE
3111,1638,5,19,2019-07-20,ACTIVE
3112,2181,1,17,2019-12-09,ACTIVE
3113,189,3,4,2020-09-22,ACTIVE
3114,1747,5,18,2019-10-25,DORMANT
3115,3827,1,4,2020-11-28,ACTIVE
3116,2621,2,3,2022-05-05,ACTIVE
3117,3946,3,18,2024-02-16,DORMANT
3118,2327,4,20,2023-02-14,ACTIVE
3119,1185,2,5,2021-07-18,ACTIVE
3120,2794,2,9,2020-01-14,ACTIVE
3121,2947,1,15,2020-12-06,ACTIVE
3122,2501,5,9,2023-04-10,ACTIVE
3123,4947,5,14,2021-02-09,ACTIVE
3124,170,3,2,2021-12-30,ACTIVE
3125,4926,1,18,2021-11-17,ACTIVE
3126,2746,5,13,2019-12-15,ACTIVE
3127,1081,4,16,2022-02-15,ACTIVE
3128,1264,1,6,2022-05-16,ACTIVE
3129,4865,1,16,2022-12-17,ACTIVE
3130,4454,5,4,2019-04-03,ACTIVE
3131,2249,2,10,2024-12-28,ACTIVE
3132,3909,1,19,2023-03-27,DORMANT
3133,1326,2,11,2024-01-01,ACTIVE
3134,3178,3,5,2021-12-28,ACTIVE
3135,3874,3,18,2020-08-04,DORMANT
3136,2149,5,3,2023-09-17,ACTIVE
3137,1689,3,8,2021-06-01,ACTIVE
3138,2986,5,11,2019-05-04,ACTIVE
3139,2077,5,19,2023-10-24,ACTIVE
3140,1530,2,3,2023-08-29,ACTIVE
3141,1462,2,12,2020-08-25,ACTIVE
3142,1403,3,15,2022-09-26,ACTIVE
3143,73,2,16,2019-11-01,ACTIVE
3144,4350,1,5,2022-06-05,ACTIVE
3145,4035,4,19,2021-07-25,ACTIVE
3146,4612,1,6,2025-05-02,ACTIVE
3147,2797,1,12,2024-11-01,ACTIVE
3148,4517,5,19,2021-01-18,CLOSED
3149,2494,4,9,2025-01-07,ACTIVE
3150,4975,5,18,2020-11-16,ACTIVE
3151,4232,2,3,2019-05-20,ACTIVE
3152,3577,2,14,2019-02-24,ACTIVE
3153,33,4,5,2019-03-15,ACTIVE
3154,2695,3,5,2021-09-23,ACTIVE
3155,4374,2,4,2024-04-28,ACTIVE
3156,4846,1,16,2020-10-03,CLOSED
3157,3599,4,13,2021-01-13,ACTIVE
3158,2393,4,8,2024-09-04,ACTIVE
3159,4113,2,16,2023-05-24,ACTIVE
3160,2872,2,2,2019-03-03,ACTIVE
3161,2678,5,8,2022-05-08,ACTIVE
3162,1402,5,3,2020-05-07,ACTIVE
3163,818,1,9,2024-06-15,ACTIVE
3164,1661,4,11,2022-02-13,ACTIVE
3165,4563,3,20,2022-10-26,ACTIVE
3166,4724,3,1,2022-06-09,ACTIVE
3167,2439,4,1,2025-03-05,ACTIVE
3168,2984,1,8,2021-09-28,ACTIVE
3169,1211,5,16,2022-01-30,ACTIVE
3170,600,5,10,2019-01-10,ACTIVE
3171,1847,5,2,2022-02-20,ACTIVE
3172,1856,3,16,2021-02-25,ACTIVE
3173,1888,3,4,2024-08-13,DORMANT
3174,680,1,19,2019-09-16,CLOSED
3175,3253,3,9,2024-04-17,ACTIVE
3176,1836,2,3,2025-05-23,ACTIVE
3177,4031,3,11,2024-09-09,DORMANT
3178,2178,5,8,2023-09-08,CLOSED
3179,149,1,7,2020-06-04,ACTIVE
3180,1496,4,1,2020-12-16,ACTIVE
3181,4914,4,8,2023-07-02,ACTIVE
3182,1745,1,17,2019-05-04,ACTIVE
3183,1647,2,11,2023-11-09,ACTIVE
3184,2996,4,7,2021-07-10,ACTIVE
3185,1673,5,9,2024-12-17,CLOSED
3186,1940,4,14,2023-02-12,ACTIVE
3187,658,4,5,2023-10-22,ACTIVE
3188,3668,5,18,2023-04-15,ACTIVE
3189,1054,3,13,2024-05-01,ACTIVE
3190,4072,2,5,2024-01-27,ACTIVE
3191,577,5,8,2024-10-25,ACTIVE
3192,3096,5,15,2019-10-19,ACTIVE
3193,3032,1,4,2024-06-16,ACTIVE
3194,4819,2,1,2023-10-04,ACTIVE
3195,4780,3,6,2019-06-06,ACTIVE
3196,4838,5,19,2022-01-28,ACTIVE
3197,2973,3,12,2021-06-26,ACTIVE
3198,3949,5,7,2023-07-16,ACTIVE
3199,2046,5,13,2021-07-06,ACTIVE
3200,3937,1,7,2024-01-25,CLOSED
3201,2949,4,9,2024-11-27,ACTIVE
3202,1628,2,1,2023-08-30,ACTIVE
3203,1489,1,13,2023-07-24,DORMANT
3204,4146,3,19,2022-07-17,DORMANT
3205,4199,5,1,2019-05-18,ACTIVE
3206,4464,5,20,2023-09-08,DORMANT
3207,936,2,19,2024-10-12,ACTIVE
3208,3564,1,18,2021-10-11,ACTIVE
3209,3630,1,5,2023-09-20,ACTIVE
3210,1715,3,3,2025-01-03,ACTIVE
3211,1803,1,2,2022-09-20,ACTIVE
3212,1421,1,10,2023-04-05,DORMANT
3213,3592,4,6,2020-02-11,ACTIVE
3214,3521,2,19,2019-12-10,CLOSED
3215,3312,1,17,2020-10-13,ACTIVE
3216,2306,3,19,2023-03-25,ACTIVE
3217,1996,5,13,2024-02-17,ACTIVE
3218,1968,1,17,2022-03-05,ACTIVE
3219,3715,1,18,2019-02-08,ACTIVE
3220,4036,5,11,2022-09-05,ACTIVE
3221,4486,4,20,2019-10-14,ACTIVE
3222,4869,2,20,2021-08-25,ACTIVE
3223,3459,4,13,2023-01-26,ACTIVE
3224,394,3,11,2021-06-09,ACTIVE
3225,4779,1,20,2020-10-23,ACTIVE
3226,3731,4,19,2021-10-25,ACTIVE
3227,4366,2,10,2019-08-24,ACTIVE
3228,4245,3,3,2025-04-02,CLOSED
3229,4907,4,6,2021-08-26,ACTIVE
3230,28,1,7,2022-02-02,ACTIVE
3231,3492,2,20,2022-05-15,ACTIVE
3232,4262,1,5,2019-08-27,ACTIVE
3233,1174,1,9,2024-01-29,ACTIVE
3234,339,3,10,2021-04-08,ACTIVE
3235,1069,2,14,2019-02-21,ACTIVE
3236,842,5,11,2024-11-25,ACTIVE
3237,4285,1,17,2022-10-12,ACTIVE
3238,4747,2,11,2021-11-22,ACTIVE
3239,294,1,7,2019-01-22,ACTIVE
3240,1858,4,11,2019-11-03,CLOSED
3241,1323,4,13,2019-01-11,ACTIVE
3242,1648,2,19,2023-07-21,ACTIVE
3243,4899,3,6,2019-07-17,ACTIVE
3244,3621,5,2,2024-05-19,ACTIVE
3245,4527,4,14,2021-12-03,ACTIVE
3246,3095,3,16,2022-04-23,ACTIVE
3247,3492,5,7,2020-07-04,ACTIVE
3248,3496,4,1,2023-01-05,ACTIVE
3249,4583,5,2,2020-05-19,ACTIVE
3250,3802,1,9,2019-05-17,DORMANT
3251,89,2,18,2021-09-15,ACTIVE
3252,4367,4,20,2022-07-26,DORMANT
3253,1957,4,18,2025-01-20,ACTIVE
3254,900,1,18,2021-05-01,CLOSED
3255,3478,4,10,2021-11-12,ACTIVE
3256,1745,4,8,2024-05-29,ACTIVE
3257,4374,4,8,2020-12-11,ACTIVE
3258,2254,4,2,2020-05-21,DORMANT
3259,3662,4,18,2020-11-16,ACTIVE
3260,2961,3,11,2023-03-14,ACTIVE
3261,1634,4,11,2020-12-08,DORMANT
3262,862,1,19,2023-06-12,ACTIVE
3263,4702,4,11,2019-05-22,ACTIVE
3264,1014,5,10,2025-05-17,ACTIVE
3265,3300,5,8,2023-09-04,ACTIVE
3266,1507,1,15,2019-10-29,ACTIVE
3267,3206,3,8,2019-11-14,ACTIVE
3268,4804,1,19,2023-12-16,CLOSED
3269,978,3,1,2021-05-07,ACTIVE
3270,3462,2,20,2020-11-07,DORMANT
3271,1818,5,3,2020-01-14,ACTIVE
3272,3685,5,12,2019-08-05,ACTIVE
3273,4059,5,16,2024-05-16,ACTIVE
3274,2635,3,16,2021-05-17,ACTIVE
3275,4902,1,17,2020-03-09,ACTIVE
3276,4816,3,16,2021-01-25,ACTIVE
3277,3667,5,9,2022-07-31,ACTIVE
3278,949,5,19,2023-02-15,ACTIVE
3279,474,5,1,2022-07-14,ACTIVE
3280,568,5,18,2024-04-23,ACTIVE
3281,3433,2,6,2020-08-21,ACTIVE
3282,4024,5,6,2019-08-24,ACTIVE
3283,2259,3,12,2023-11-19,DORMANT
3284,3145,5,3,2019-04-10,ACTIVE
3285,4311,4,11,2024-12-06,DORMANT
3286,4996,2,6,2022-10-09,ACTIVE
3287,1983,5,14,2024-11-05,CLOSED
3288,1097,4,18,2024-09-14,ACTIVE
3289,3571,3,16,2019-11-10,ACTIVE
3290,3391,2,13,2020-07-04,ACTIVE
3291,2673,5,1,2020-05-31,DORMANT
3292,3647,3,6,2024-07-04,ACTIVE
3293,2420,4,14,2019-01-09,ACTIVE
3294,4280,2,17,2019-02-26,ACTIVE
3295,3349,5,13,2025-05-19,ACTIVE
3296,674,3,13,2020-04-05,ACTIVE
3297,2803,2,9,2022-10-14,ACTIVE
3298,2370,4,6,2024-07-04,ACTIVE
3299,4531,5,6,2021-07-18,ACTIVE
3300,1067,2,5,2024-10-13,ACTIVE
3301,688,4,14,2021-05-04,ACTIVE
3302,4984,4,14,2024-03-06,ACTIVE
3303,69,3,4,2019-05-16,ACTIVE
3304,2104,4,2,2021-01-31,ACTIVE
3305,420,4,2,2021-10-06,ACTIVE
3306,3999,1,17,2023-06-18,ACTIVE
3307,2598,4,10,2024-05-09,ACTIVE
3308,4339,5,14,2021-04-29,ACTIVE
3309,2125,2,19,2024-12-04,ACTIVE
3310,3893,5,17,2024-08-01,ACTIVE
3311,440,5,11,2020-04-23,ACTIVE
3312,1287,3,7,2022-08-03,ACTIVE
3313,1209,1,9,2020-06-19,ACTIVE
3314,1079,1,14,2024-11-13,ACTIVE
3315,2564,5,4,2023-03-01,ACTIVE
3316,3624,2,14,2025-04-20,ACTIVE
3317,1254,1,20,2020-02-18,ACTIVE
3318,3358,1,20,2023-07-15,ACTIVE
3319,3210,5,17,2022-10-26,ACTIVE
3320,3550,1,19,2025-04-09,ACTIVE
3321,615,3,17,2020-09-30,ACTIVE
3322,3079,5,14,2024-09-17,ACTIVE
3323,2724,1,13,2024-04-04,ACTIVE
3324,3491,1,14,2019-12-19,ACTIVE
3325,3544,1,16,2020-03-01,ACTIVE
3326,4516,5,15,2020-05-24,ACTIVE
3327,1901,2,19,2019-05-20,ACTIVE
3328,4372,4,11,2019-09-09,CLOSED
3329,1713,1,12,2020-10-30,ACTIVE
3330,2330,4,11,2019-11-13,ACTIVE
3331,3620,4,5,2024-07-02,ACTIVE
3332,1195,1,8,2021-11-18,ACTIVE
3333,4907,1,6,2020-06-24,DORMANT
3334,1379,4,16,2022-01-28,ACTIVE
3335,1313,2,12,2022-09-05,ACTIVE
3336,2916,4,6,2020-07-23,DORMANT
3337,750,2,13,2020-12-23,ACTIVE
3338,301,3,7,2021-09-27,ACTIVE
3339,4696,2,8,2025-02-14,ACTIVE
3340,3983,5,12,2020-03-25,ACTIVE
3341,4625,1,2,2024-11-11,ACTIVE
3342,3838,3,9,2025-05-19,ACTIVE
3343,278,4,13,2019-01-25,ACTIVE
3344,4759,2,17,2024-01-14,ACTIVE
3345,2559,3,13,2019-09-17,ACTIVE
3346,3918,5,16,2024-07-06,ACTIVE
3347,2162,2,1,2024-04-11,DORMANT
3348,4676,4,7,2022-05-21,ACTIVE
3349,1390,4,13,2024-12-02,ACTIVE
3350,691,2,14,2020-03-27,DORMANT
3351,4733,5,17,2020-11-30,ACTIVE
3352,3469,1,16,2023-04-01,ACTIVE
3353,1849,1,15,2023-08-10,ACTIVE
3354,4919,4,17,2020-01-20,ACTIVE
3355,4971,5,2,2020-09-04,ACTIVE
3356,3817,4,12,2022-12-12,DORMANT
3357,940,1,3,2025-03-16,ACTIVE
3358,3183,4,9,2020-07-10,ACTIVE
3359,3310,2,6,2019-12-16,ACTIVE
3360,2051,2,6,2020-01-25,ACTIVE
3361,1747,5,7,2024-10-14,ACTIVE
3362,2452,1,8,2022-02-16,DORMANT
3363,25,5,3,2021-01-15,ACTIVE
3364,2557,5,15,2024-08-17,ACTIVE
3365,61,1,6,2023-09-27,ACTIVE
3366,123,3,11,2023-10-29,ACTIVE
3367,2103,3,3,2019-01-27,ACTIVE
3368,1187,4,16,2019-10-17,ACTIVE
3369,1731,3,6,2019-01-28,ACTIVE
3370,4642,2,11,2023-11-05,ACTIVE
3371,4090,5,8,2019-04-18,ACTIVE
3372,2473,4,10,2021-06-09,ACTIVE
3373,2966,5,10,2019-07-22,ACTIVE
3374,2278,1,3,2021-02-15,ACTIVE
3375,4088,3,14,2021-09-16,ACTIVE
3376,2965,1,19,2025-06-06,ACTIVE
3377,1311,4,9,2024-04-09,ACTIVE
3378,155,2,13,2024-04-17,ACTIVE
3379,2213,3,9,2024-05-04,ACTIVE
3380,3254,1,12,2020-03-13,ACTIVE
3381,1263,3,14,2021-10-31,ACTIVE
3382,1363,5,5,2021-04-16,ACTIVE
3383,938,2,6,2020-08-29,ACTIVE
3384,512,3,13,2020-10-03,ACTIVE
3385,187,2,13,2023-12-14,ACTIVE
3386,1846,5,6,2024-11-27,DORMANT
3387,1703,5,14,2020-10-04,ACTIVE
3388,391,1,11,2020-12-03,CLOSED
3389,655,4,13,2023-09-19,ACTIVE
3390,4272,1,12,2021-04-28,DORMANT
3391,2822,2,16,2025-02-02,ACTIVE
3392,764,1,6,2023-01-02,ACTIVE
3393,3401,3,9,2024-02-10,ACTIVE
3394,4807,1,17,2020-05-25,ACTIVE
3395,3268,4,20,2024-11-26,ACTIVE
3396,1086,4,16,2021-12-31,ACTIVE
3397,1930,2,12,2021-01-02,ACTIVE
3398,4377,5,18,2025-05-17,ACTIVE
3399,1964,4,9,2022-05-22,ACTIVE
3400,1786,2,3,2023-01-20,ACTIVE
3401,2275,4,10,2024-07-03,ACTIVE
3402,2687,4,11,2023-03-14,ACTIVE
3403,2969,5,2,2020-10-23,ACTIVE
3404,4573,3,8,2022-04-16,ACTIVE
3405,716,2,20,2019-04-14,ACTIVE
3406,243,4,11,2024-10-05,ACTIVE
3407,3916,4,18,2020-07-31,ACTIVE
3408,1524,1,20,2021-12-17,ACTIVE
3409,838,3,7,2024-12-04,ACTIVE
3410,3324,5,14,2021-03-29,CLOSED
3411,2954,2,7,2019-03-20,DORMANT
3412,1346,4,1,2024-01-22,ACTIVE
3413,2424,2,12,2024-03-04,DORMANT
3414,2029,5,1,2020-07-12,ACTIVE
3415,1433,3,3,2023-09-03,ACTIVE
3416,240,1,2,2023-06-08,ACTIVE
3417,139,3,3,2024-11-25,ACTIVE
3418,3194,1,4,2024-01-28,DORMANT
3419,420,2,14,2019-03-11,ACTIVE
3420,304,3,18,2022-04-04,ACTIVE
3421,2163,3,5,2021-12-17,ACTIVE
3422,2027,3,15,2023-01-14,DORMANT
3423,4103,5,16,2019-09-02,ACTIVE
3424,2227,2,8,2020-11-14,ACTIVE
3425,1169,1,8,2023-12-05,ACTIVE
3426,416,3,7,2023-05-21,DORMANT
3427,2714,2,6,2019-03-12,ACTIVE
3428,150,5,7,2024-03-03,ACTIVE
3429,2445,5,19,2022-06-16,ACTIVE
3430,839,2,1,2024-11-25,ACTIVE
3431,1697,1,13,2022-05-16,ACTIVE
3432,4340,2,7,2020-12-22,ACTIVE
3433,1911,2,1,2019-10-29,ACTIVE
3434,1422,4,10,2022-12-24,ACTIVE
3435,4975,5,13,2022-10-03,ACTIVE
3436,3002,1,4,2024-03-30,ACTIVE
3437,1321,4,7,2022-11-30,ACTIVE
3438,4036,2,6,2024-04-09,ACTIVE
3439,1524,5,6,2021-08-09,DORMANT
3440,3879,4,11,2019-09-13,ACTIVE
3441,553,4,9,2021-08-11,ACTIVE
3442,3757,1,7,2022-03-14,ACTIVE
3443,3672,2,9,2023-08-27,ACTIVE
3444,482,1,6,2023-03-28,ACTIVE
3445,600,4,19,2019-12-26,ACTIVE
3446,1165,4,14,2022-04-28,DORMANT
3447,4679,1,1,2025-06-01,ACTIVE
3448,4233,4,16,2024-11-10,ACTIVE
3449,1004,3,9,2022-02-27,ACTIVE
3450,1983,5,15,2021-05-10,CLOSED
3451,1635,2,19,2021-09-16,ACTIVE
3452,2998,5,10,2020-04-28,ACTIVE
3453,687,2,16,2022-12-03,ACTIVE
3454,3415,4,3,2019-12-07,ACTIVE
3455,1760,1,19,2024-04-02,DORMANT
3456,4938,1,13,2022-04-13,ACTIVE
3457,2481,4,14,2023-01-07,ACTIVE
3458,1338,2,7,2019-07-20,DORMANT
3459,115,4,2,2021-01-12,ACTIVE
3460,3958,2,14,2019-04-08,ACTIVE
3461,569,4,17,2023-04-26,ACTIVE
3462,1554,4,13,2022-07-15,ACTIVE
3463,2690,4,2,2021-04-18,ACTIVE
3464,4591,1,5,2019-12-18,ACTIVE
3465,3341,2,4,2022-07-25,ACTIVE
3466,2989,4,3,2024-05-31,ACTIVE
3467,3152,5,14,2020-03-31,CLOSED
3468,3528,5,11,2023-10-24,ACTIVE
3469,3016,1,8,2022-03-03,ACTIVE
3470,822,3,9,2019-09-15,ACTIVE
3471,3575,1,16,2024-10-10,ACTIVE
3472,3788,3,3,2020-04-26,ACTIVE
3473,1609,1,10,2023-02-09,DORMANT
3474,560,5,1,2021-09-26,ACTIVE
3475,4064,4,9,2020-09-26,ACTIVE
3476,4436,2,16,2022-10-28,CLOSED
3477,612,4,9,2022-08-15,ACTIVE
3478,2164,5,12,2021-12-11,ACTIVE
3479,1882,2,1,2022-11-03,CLOSED
3480,4170,3,16,2024-05-31,ACTIVE
3481,3864,3,8,2025-06-17,CLOSED
3482,3709,5,14,2024-10-07,ACTIVE
3483,1710,2,14,2025-06-09,ACTIVE
3484,1762,4,10,2024-09-13,ACTIVE
3485,1693,5,1,2020-10-09,ACTIVE
3486,1246,3,6,2021-10-07,ACTIVE
3487,126,5,9,2023-05-31,CLOSED
3488,4753,4,19,2020-05-07,ACTIVE
3489,1200,1,16,2020-05-05,ACTIVE
3490,2712,1,19,2025-03-18,ACTIVE
3491,3447,4,11,2023-06-09,ACTIVE
3492,991,2,11,2024-12-10,ACTIVE
3493,3066,5,14,2022-01-30,ACTIVE
3494,4955,4,7,2023-12-24,CLOSED
3495,1522,1,12,2021-06-05,DORMANT
3496,4729,3,20,2024-06-07,ACTIVE
3497,2499,4,20,2020-05-08,ACTIVE
3498,2566,4,5,2021-01-28,ACTIVE
3499,4791,4,1,2023-08-11,ACTIVE
3500,2598,1,11,2020-09-24,DORMANT
3501,116,1,15,2019-11-26,ACTIVE
3502,1032,4,10,2024-04-07,DORMANT
3503,1242,4,15,2022-09-12,ACTIVE
3504,1743,2,13,2019-01-10,ACTIVE
3505,3639,3,15,2024-12-14,ACTIVE
3506,4400,5,2,2021-09-11,ACTIVE
3507,4091,5,13,2020-10-30,DORMANT
3508,1976,5,12,2025-03-28,ACTIVE
3509,4184,1,4,2021-11-04,CLOSED
3510,4404,1,12,2020-03-17,ACTIVE
3511,4898,2,15,2023-05-01,ACTIVE
3512,164,1,13,2019-10-01,ACTIVE
3513,3311,4,2,2020-09-09,ACTIVE
3514,3389,3,20,2021-10-23,ACTIVE
3515,996,3,16,2019-09-10,ACTIVE
3516,1878,3,14,2023-04-07,ACTIVE
3517,1824,3,2,2020-03-23,DORMANT
3518,4907,5,17,2020-04-13,ACTIVE
3519,2296,5,16,2022-03-05,ACTIVE
3520,3265,4,4,2019-03-11,ACTIVE
3521,1349,2,11,2020-04-25,ACTIVE
3522,1804,1,13,2020-05-04,ACTIVE
3523,2252,1,6,2020-05-17,ACTIVE
3524,2901,5,17,2023-09-18,ACTIVE
3525,1594,3,1,2019-04-27,ACTIVE
3526,433,4,9,2023-12-19,ACTIVE
3527,3818,2,18,2021-07-07,ACTIVE
3528,4918,5,11,2021-06-22,ACTIVE
3529,1071,4,14,2020-03-03,ACTIVE
3530,4601,4,2,2020-05-08,ACTIVE
3531,115,5,20,2024-10-10,ACTIVE
3532,1440,4,11,2024-01-25,ACTIVE
3533,1791,3,2,2019-03-21,DORMANT
3534,995,4,4,2021-11-11,ACTIVE
3535,4319,2,13,2020-08-17,ACTIVE
3536,4732,4,6,2022-09-09,CLOSED
3537,4768,1,7,2023-03-21,ACTIVE
3538,958,4,20,2025-04-27,ACTIVE
3539,96,5,3,2024-12-16,ACTIVE
3540,2155,1,4,2020-09-17,DORMANT
3541,632,5,20,2019-10-11,ACTIVE
3542,3685,2,3,2024-02-20,CLOSED
3543,1702,3,1,2022-04-26,ACTIVE
3544,698,2,19,2024-08-28,ACTIVE
3545,32,1,13,2021-02-01,ACTIVE
3546,4875,3,14,2021-04-17,ACTIVE
3547,549,4,16,2024-07-08,DORMANT
3548,2249,1,4,2024-07-08,ACTIVE
3549,1894,3,17,2021-11-26,ACTIVE
3550,2835,5,10,2023-06-10,ACTIVE
3551,1704,3,7,2019-03-13,ACTIVE
3552,1157,5,13,2020-10-14,ACTIVE
3553,344,5,13,2019-03-05,ACTIVE
3554,4073,3,14,2019-01-30,ACTIVE
3555,3463,2,6,2020-07-10,ACTIVE
3556,2249,2,16,2025-05-14,DORMANT
3557,945,5,9,2023-10-21,ACTIVE
3558,3881,1,20,2019-10-04,ACTIVE
3559,2051,3,16,2025-03-18,ACTIVE
3560,3286,1,12,2022-05-01,CLOSED
3561,2856,2,16,2020-10-31,ACTIVE
3562,1331,1,5,2024-12-28,ACTIVE
3563,2004,4,11,2019-01-26,ACTIVE
3564,3616,4,1,2024-11-15,ACTIVE
3565,1788,2,10,2019-10-03,ACTIVE
3566,2247,1,11,2022-06-20,ACTIVE
3567,3673,3,15,2019-01-09,ACTIVE
3568,2156,2,3,2025-05-08,ACTIVE
3569,3480,4,15,2023-12-01,ACTIVE
3570,3021,2,11,2019-02-01,ACTIVE
3571,52,1,9,2021-05-01,ACTIVE
3572,2160,1,2,2020-08-27,ACTIVE
3573,4391,1,12,2023-11-08,CLOSED
3574,3652,5,20,2024-08-26,ACTIVE
3575,3916,1,16,2025-06-06,ACTIVE
3576,2113,4,16,2023-12-13,ACTIVE
3577,2622,4,1,2019-02-11,ACTIVE
3578,4561,5,16,2023-12-07,ACTIVE
3579,4730,4,6,2024-09-30,ACTIVE
3580,1355,4,14,2025-02-13,ACTIVE
3581,3755,2,11,2024-05-21,ACTIVE
3582,210,1,1,2025-01-07,ACTIVE
3583,238,2,20,2020-02-13,ACTIVE
3584,336,2,17,2024-03-07,ACTIVE
3585,3839,4,19,2019-12-10,ACTIVE
3586,1577,3,2,2023-09-15,ACTIVE
3587,500,1,14,2019-01-28,ACTIVE
3588,1565,3,8,2020-09-25,ACTIVE
3589,791,4,6,2019-07-31,ACTIVE
3590,3541,5,9,2020-11-18,ACTIVE
3591,3123,2,5,2023-02-12,ACTIVE
3592,1136,4,5,2019-03-13,ACTIVE
3593,3945,4,18,2024-11-27,ACTIVE
3594,2349,3,14,2022-02-10,ACTIVE
3595,4325,5,12,2022-11-21,ACTIVE
3596,150,2,12,2019-08-20,ACTIVE
3597,3207,5,6,2019-02-12,ACTIVE
3598,3529,5,4,2019-09-22,ACTIVE
3599,1625,5,15,2024-01-06,DORMANT
3600,2575,1,15,2019-02-15,ACTIVE
3601,4429,5,17,2024-05-29,CLOSED
3602,4270,4,3,2023-08-03,ACTIVE
3603,3285,1,10,2025-04-04,DORMANT
3604,2109,1,8,2022-06-23,DORMANT
3605,3948,5,9,2020-12-27,ACTIVE
3606,4915,4,3,2025-02-25,ACTIVE
3607,2264,2,1,2021-10-09,ACTIVE
3608,1613,5,11,2020-05-08,ACTIVE
3609,3816,1,13,2020-12-07,ACTIVE
3610,4720,2,12,2024-09-02,ACTIVE
3611,578,2,7,2024-06-28,ACTIVE
3612,423,1,2,2025-05-06,ACTIVE
3613,2764,2,1,2021-01-07,ACTIVE
3614,1230,4,20,2022-06-05,ACTIVE
3615,3177,4,3,2024-12-15,ACTIVE
3616,754,5,4,2020-06-26,ACTIVE
3617,4843,5,17,2023-11-22,DORMANT
3618,688,2,18,2025-06-30,ACTIVE
3619,723,1,17,2022-02-03,ACTIVE
3620,747,4,19,2022-12-31,ACTIVE
3621,4338,3,4,2024-11-02,ACTIVE
3622,2713,5,17,2021-10-22,ACTIVE
3623,708,4,2,2022-12-31,ACTIVE
3624,435,2,10,2023-01-04,ACTIVE
3625,4877,4,12,2022-05-30,ACTIVE
3626,484,4,13,2021-11-14,ACTIVE
3627,3519,2,11,2021-11-24,ACTIVE
3628,1534,5,8,2021-08-29,ACTIVE
3629,170,5,20,2021-09-14,ACTIVE
3630,1021,3,5,2022-10-21,DORMANT
3631,4965,3,2,2022-09-21,ACTIVE
3632,848,5,12,2021-06-17,ACTIVE
3633,696,5,2,2023-12-19,DORMANT
3634,3347,5,6,2023-02-11,DORMANT
3635,4014,5,19,2024-01-04,ACTIVE
3636,32,4,12,2019-12-09,DORMANT
3637,177,3,13,2022-06-02,CLOSED
3638,2965,2,17,2024-09-25,ACTIVE
3639,2113,1,12,2022-04-23,ACTIVE
3640,3887,2,3,2021-07-03,ACTIVE
3641,1503,1,8,2025-01-18,CLOSED
3642,2316,4,16,2023-07-25,ACTIVE
3643,2645,3,4,2019-10-22,ACTIVE
3644,66,1,13,2024-11-09,DORMANT
3645,4229,5,8,2023-05-30,CLOSED
3646,1929,4,1,2024-06-02,ACTIVE
3647,585,1,3,2022-07-05,ACTIVE
3648,1749,5,1,2020-07-10,ACTIVE
3649,2205,4,15,2024-07-15,CLOSED
3650,3631,1,18,2019-11-05,DORMANT
3651,1893,5,20,2023-07-31,ACTIVE
3652,2430,3,3,2022-02-26,DORMANT
3653,3094,4,15,2022-03-30,ACTIVE
3654,974,1,5,2025-02-01,ACTIVE
3655,4025,5,10,2023-11-30,ACTIVE
3656,2643,3,7,2021-08-30,ACTIVE
3657,1443,5,8,2021-07-26,ACTIVE
3658,4330,3,3,2022-07-15,ACTIVE
3659,1478,1,18,2019-08-06,DORMANT
3660,771,5,17,2019-06-13,ACTIVE
3661,306,5,16,2023-09-11,CLOSED
3662,2,2,13,2022-12-11,ACTIVE
3663,271,4,4,2024-09-26,ACTIVE
3664,4517,5,3,2022-05-02,ACTIVE
3665,3215,3,11,2021-03-11,DORMANT
3666,864,4,2,2024-11-01,ACTIVE
3667,2740,1,18,2023-08-18,DORMANT
3668,2915,4,4,2019-08-22,ACTIVE
3669,107,2,17,2024-02-20,ACTIVE
3670,3169,1,6,2021-08-19,DORMANT
3671,4645,5,10,2025-01-03,ACTIVE
3672,2600,1,11,2025-02-21,ACTIVE
3673,2236,1,5,2021-06-24,ACTIVE
3674,2800,2,18,2021-10-10,ACTIVE
3675,1512,3,10,2021-11-11,ACTIVE
3676,19,1,9,2024-06-18,ACTIVE
3677,859,3,16,2020-01-21,CLOSED
3678,1417,4,10,2024-07-17,ACTIVE
3679,3033,2,10,2019-12-30,ACTIVE
3680,4506,5,4,2025-05-10,ACTIVE
3681,1427,1,14,2022-11-08,ACTIVE
3682,2532,3,8,2019-07-27,ACTIVE
3683,4720,1,1,2019-10-02,ACTIVE
3684,4752,2,16,2023-10-19,ACTIVE
3685,4864,5,17,2020-05-10,ACTIVE
3686,4039,4,10,2021-06-20,ACTIVE
3687,4114,4,6,2025-01-15,DORMANT
3688,2232,3,7,2023-10-16,ACTIVE
3689,2453,4,18,2020-04-04,ACTIVE
3690,2847,3,2,2020-01-29,ACTIVE
3691,3203,5,9,2021-07-05,ACTIVE
3692,1817,1,5,2019-06-13,ACTIVE
3693,1781,2,8,2020-09-30,ACTIVE
3694,4104,5,5,2020-07-23,ACTIVE
3695,705,5,15,2025-01-03,ACTIVE
3696,1342,4,8,2021-08-17,DORMANT
3697,3463,4,5,2021-02-06,ACTIVE
3698,3591,2,5,2024-11-27,ACTIVE
3699,1160,1,20,2020-01-29,ACTIVE
3700,4627,5,17,2022-04-20,ACTIVE
3701,3723,4,9,2023-05-16,ACTIVE
3702,3439,5,2,2020-03-18,ACTIVE
3703,3561,1,1,2021-01-16,ACTIVE
3704,3083,3,11,2024-12-17,ACTIVE
3705,1716,1,15,2024-02-10,ACTIVE
3706,2244,5,1,2023-12-05,DORMANT
3707,1761,5,7,2020-05-19,CLOSED
3708,4008,2,19,2020-12-20,ACTIVE
3709,1797,5,15,2024-06-10,ACTIVE
3710,2676,4,6,2023-08-05,ACTIVE
3711,3237,2,20,2024-08-31,DORMANT
3712,44,5,10,2021-05-24,DORMANT
3713,489,1,12,2020-09-25,ACTIVE
3714,4277,5,13,2019-10-09,ACTIVE
3715,3149,1,15,2022-12-14,DORMANT
3716,4724,1,19,2022-08-17,ACTIVE
3717,957,5,17,2021-10-05,ACTIVE
3718,2115,1,13,2025-05-22,ACTIVE
3719,1116,3,2,2022-02-13,DORMANT
3720,1782,2,18,2020-02-08,ACTIVE
3721,2827,5,11,2024-11-07,DORMANT
3722,651,3,5,2020-11-26,ACTIVE
3723,1877,1,4,2021-06-26,ACTIVE
3724,341,1,2,2025-06-17,ACTIVE
3725,2951,2,16,2024-04-10,ACTIVE
3726,3376,3,7,2019-05-01,ACTIVE
3727,2446,3,8,2025-06-22,ACTIVE
3728,2751,5,8,2024-12-25,CLOSED
3729,2145,1,2,2023-11-02,DORMANT
3730,1355,4,15,2023-08-05,ACTIVE
3731,3277,5,5,2020-01-26,ACTIVE
3732,449,5,19,2021-04-20,CLOSED
3733,4173,5,10,2023-01-29,DORMANT
3734,4992,2,9,2022-06-19,CLOSED
3735,4645,2,20,2023-01-05,ACTIVE
3736,798,5,8,2024-01-31,ACTIVE
3737,3497,4,5,2025-02-13,DORMANT
3738,4911,3,19,2020-02-08,ACTIVE
3739,2183,3,13,2024-01-24,ACTIVE
3740,3327,1,14,2020-02-17,DORMANT
3741,646,3,8,2023-03-18,ACTIVE
3742,720,3,16,2019-06-03,ACTIVE
3743,1523,4,5,2025-02-28,ACTIVE
3744,1070,3,1,2019-08-05,ACTIVE
3745,4744,4,19,2021-10-21,ACTIVE
3746,4888,2,19,2021-03-09,ACTIVE
3747,4675,4,17,2021-03-16,ACTIVE
3748,3076,2,10,2021-07-31,DORMANT
3749,3808,4,5,2022-06-25,ACTIVE
3750,3362,5,7,2024-11-05,ACTIVE
3751,2157,2,16,2020-03-09,ACTIVE
3752,4556,2,3,2020-03-04,ACTIVE
3753,2314,3,12,2022-04-02,ACTIVE
3754,3506,2,14,2023-02-27,ACTIVE
3755,4140,4,20,2019-06-11,ACTIVE
3756,633,5,1,2025-05-01,DORMANT
3757,2200,5,7,2024-06-18,ACTIVE
3758,3064,3,18,2024-11-27,ACTIVE
3759,2911,4,4,2024-02-19,DORMANT
3760,623,4,16,2021-06-18,ACTIVE
3761,361,1,11,2023-10-09,ACTIVE
3762,2368,2,18,2022-09-04,ACTIVE
3763,210,3,16,2022-03-01,ACTIVE
3764,3468,5,7,2020-01-29,ACTIVE
3765,931,1,3,2023-09-25,ACTIVE
3766,4585,4,5,2020-12-22,ACTIVE
3767,3944,2,18,2022-10-27,ACTIVE
3768,4697,5,17,2024-08-02,ACTIVE
3769,4870,1,1,2024-09-09,ACTIVE
3770,878,4,16,2022-04-12,DORMANT
3771,4796,5,15,2023-09-30,ACTIVE
3772,2500,5,13,2024-11-23,ACTIVE
3773,2524,4,7,2022-01-24,ACTIVE
3774,4352,4,3,2021-10-13,ACTIVE
3775,392,3,13,2021-11-19,ACTIVE
3776,3903,5,16,2019-06-10,ACTIVE
3777,2322,4,1,2022-08-22,ACTIVE
3778,4941,1,1,2023-07-05,ACTIVE
3779,3982,2,16,2025-02-21,ACTIVE
3780,139,3,2,2022-03-07,ACTIVE
3781,103,4,18,2022-08-26,ACTIVE
3782,484,2,18,2022-04-17,ACTIVE
3783,4320,3,5,2019-12-03,ACTIVE
3784,4074,5,5,2024-12-19,ACTIVE
3785,1849,2,8,2025-04-15,ACTIVE
3786,1885,3,9,2019-03-04,ACTIVE
3787,3206,4,14,2021-03-29,ACTIVE
3788,2162,4,13,2022-11-16,ACTIVE
3789,1465,3,18,2025-04-23,ACTIVE
3790,644,5,4,2022-06-25,ACTIVE
3791,3437,3,18,2022-07-11,ACTIVE
3792,4554,1,20,2021-04-28,ACTIVE
3793,611,3,15,2019-12-27,ACTIVE
3794,4303,3,7,2024-07-28,ACTIVE
3795,1544,4,13,2024-05-28,ACTIVE
3796,3540,5,2,2025-02-04,CLOSED
3797,1467,3,9,2024-04-19,ACTIVE
3798,917,2,5,2021-08-06,ACTIVE
3799,1182,4,1,2023-03-10,ACTIVE
3800,2147,4,19,2024-01-25,ACTIVE
3801,2273,3,20,2024-01-11,ACTIVE
3802,852,2,19,2019-10-19,ACTIVE
3803,4537,3,13,2020-08-10,ACTIVE
3804,720,2,6,2021-03-28,ACTIVE
3805,4681,4,10,2024-11-16,ACTIVE
3806,2015,2,11,2019-06-30,DORMANT
3807,3473,3,16,2020-01-09,ACTIVE
3808,3643,1,1,2024-02-03,CLOSED
3809,3871,1,19,2020-09-15,DORMANT
3810,64,2,5,2025-04-19,ACTIVE
3811,4864,3,6,2024-04-02,DORMANT
3812,560,5,6,2021-05-12,ACTIVE
3813,1734,1,5,2024-12-09,DORMANT
3814,670,4,6,2020-03-17,DORMANT
3815,3895,3,13,2025-04-11,DORMANT
3816,1543,3,1,2023-07-21,ACTIVE
3817,1272,1,1,2021-05-20,ACTIVE
3818,2416,5,14,2025-06-01,ACTIVE
3819,2792,4,8,2023-11-07,ACTIVE
3820,4714,5,9,2023-07-15,ACTIVE
3821,3055,4,10,2024-03-11,ACTIVE
3822,2459,1,6,2021-12-25,ACTIVE
3823,3066,3,9,2020-04-27,ACTIVE
3824,1164,4,18,2019-11-05,CLOSED
3825,4560,3,15,2023-01-23,ACTIVE
3826,2750,2,4,2020-08-15,ACTIVE
3827,1949,2,2,2021-10-15,ACTIVE
3828,60,1,6,2020-02-02,ACTIVE
3829,3103,1,17,2020-04-13,ACTIVE
3830,333,1,7,2020-09-08,ACTIVE
3831,4172,2,20,2019-04-07,CLOSED
3832,190,4,15,2019-07-14,CLOSED
3833,3561,5,2,2022-09-19,ACTIVE
3834,296,1,12,2019-03-24,ACTIVE
3835,2549,5,10,2019-09-08,ACTIVE
3836,177,5,17,2021-12-29,DORMANT
3837,800,2,18,2022-08-08,ACTIVE
3838,806,4,16,2022-11-09,ACTIVE
3839,1743,2,10,2023-01-21,ACTIVE
3840,215,1,8,2022-01-03,CLOSED
3841,1880,2,13,2019-04-10,ACTIVE
3842,2701,2,16,2022-04-13,ACTIVE
3843,597,2,8,2021-01-02,ACTIVE
3844,1718,1,12,2019-11-19,ACTIVE
3845,1356,1,17,2024-08-19,CLOSED
3846,4224,2,16,2023-03-20,ACTIVE
3847,1293,2,9,2022-06-15,DORMANT
3848,2599,5,19,2021-03-16,ACTIVE
3849,3438,4,17,2021-06-26,ACTIVE
3850,4715,5,8,2023-03-14,DORMANT
3851,142,4,12,2024-08-03,ACTIVE
3852,3217,4,9,2019-05-10,ACTIVE
3853,2840,2,6,2023-05-03,ACTIVE
3854,4341,5,10,2020-07-17,ACTIVE
3855,3514,4,9,2022-09-15,ACTIVE
3856,2751,4,4,2019-05-29,ACTIVE
3857,1715,1,11,2022-12-03,ACTIVE
3858,1136,4,6,2023-06-23,ACTIVE
3859,3722,2,18,2023-11-19,ACTIVE
3860,1910,3,4,2024-12-06,ACTIVE
3861,2248,1,12,2022-12-28,ACTIVE
3862,4517,3,9,2025-03-25,ACTIVE
3863,4103,2,15,2020-09-06,ACTIVE
3864,1549,3,9,2023-12-30,ACTIVE
3865,2640,4,6,2019-08-28,ACTIVE
3866,4767,3,11,2021-07-01,ACTIVE
3867,4512,5,7,2022-08-06,ACTIVE
3868,2832,2,14,2022-03-23,DORMANT
3869,1007,5,16,2019-06-08,ACTIVE
3870,3222,3,15,2020-07-16,ACTIVE
3871,3063,5,20,2020-04-20,DORMANT
3872,4524,1,9,2020-07-01,ACTIVE
3873,3053,3,19,2021-11-02,ACTIVE
3874,4430,5,12,2025-03-15,DORMANT
3875,2320,4,11,2021-01-24,DORMANT
3876,3540,3,8,2021-01-04,ACTIVE
3877,2367,1,3,2019-08-10,ACTIVE
3878,527,4,19,2025-05-24,ACTIVE
3879,2808,3,3,2024-04-08,DORMANT
3880,1196,4,3,2020-06-07,ACTIVE
3881,1754,3,6,2023-02-19,ACTIVE
3882,1673,3,11,2020-11-11,ACTIVE
3883,2029,2,20,2024-01-03,ACTIVE
3884,1655,5,14,2025-06-29,ACTIVE
3885,4550,3,2,2020-09-09,ACTIVE
3886,4842,1,12,2021-05-10,ACTIVE
3887,4042,5,16,2024-09-19,ACTIVE
3888,848,2,3,2023-11-20,ACTIVE
3889,868,5,16,2022-07-14,DORMANT
3890,774,5,10,2020-01-28,ACTIVE
3891,543,3,20,2022-02-10,ACTIVE
3892,4418,1,5,2022-07-31,ACTIVE
3893,786,3,13,2023-12-19,ACTIVE
3894,3306,1,12,2025-02-28,ACTIVE
3895,4636,1,1,2019-02-04,ACTIVE
3896,2884,4,20,2024-10-01,ACTIVE
3897,449,3,11,2022-10-11,ACTIVE
3898,3311,2,19,2019-05-30,ACTIVE
3899,4586,5,15,2020-03-12,DORMANT
3900,1906,4,18,2020-03-25,ACTIVE
3901,4560,2,16,2019-09-24,ACTIVE
3902,4410,3,7,2023-06-21,ACTIVE
3903,3252,1,10,2024-11-03,ACTIVE
3904,385,3,16,2019-11-05,ACTIVE
3905,295,3,17,2019-09-22,ACTIVE
3906,1239,4,7,2020-05-06,ACTIVE
3907,4858,2,11,2023-05-26,ACTIVE
3908,2817,4,17,2021-11-06,ACTIVE
3909,1099,2,5,2022-04-27,ACTIVE
3910,1738,4,1,2020-06-05,ACTIVE
3911,2190,5,3,2022-04-04,ACTIVE
3912,2766,1,16,2024-03-29,ACTIVE
3913,1223,1,15,2023-04-24,ACTIVE
3914,3243,1,4,2024-07-27,ACTIVE
3915,3900,5,12,2022-09-30,ACTIVE
3916,4324,5,1,2024-11-11,ACTIVE
3917,411,1,17,2024-03-13,ACTIVE
3918,3000,1,15,2019-02-03,DORMANT
3919,2946,2,20,2023-02-22,ACTIVE
3920,4787,2,20,2019-08-21,CLOSED
3921,878,3,10,2023-06-11,ACTIVE
3922,787,4,11,2024-08-03,ACTIVE
3923,2110,2,18,2024-11-24,ACTIVE
3924,1987,2,2,2022-05-01,ACTIVE
3925,879,2,6,2020-06-05,ACTIVE
3926,1608,2,16,2020-09-28,ACTIVE
3927,2404,5,7,2019-12-07,ACTIVE
3928,71,3,19,2019-02-28,ACTIVE
3929,2311,2,12,2024-07-08,ACTIVE
3930,4402,4,18,2020-08-08,DORMANT
3931,3296,2,10,2023-03-18,ACTIVE
3932,762,5,7,2019-08-31,ACTIVE
3933,4684,1,4,2019-08-16,ACTIVE
3934,2122,1,17,2020-06-01,ACTIVE
3935,3583,3,17,2022-03-14,ACTIVE
3936,4198,1,4,2019-05-07,ACTIVE
3937,1630,2,5,2019-12-01,ACTIVE
3938,4289,5,1,2021-01-27,ACTIVE
3939,1086,3,19,2022-12-02,ACTIVE
3940,2458,2,11,2024-12-08,CLOSED
3941,4396,1,1,2023-11-03,ACTIVE
3942,3267,4,8,2022-08-01,ACTIVE
3943,454,2,4,2025-04-08,ACTIVE
3944,2622,4,15,2024-10-26,ACTIVE
3945,619,4,17,2023-05-13,DORMANT
3946,637,3,18,2023-02-02,ACTIVE
3947,2349,5,3,2024-07-23,ACTIVE
3948,4875,1,18,2019-09-22,ACTIVE
3949,3037,1,7,2020-11-12,ACTIVE
3950,2250,2,17,2025-05-31,DORMANT
3951,2722,1,18,2019-09-04,ACTIVE
3952,2350,3,20,2020-02-28,ACTIVE
3953,4433,1,8,2021-12-18,ACTIVE
3954,1995,2,11,2024-01-10,ACTIVE
3955,2821,1,3,2021-04-12,ACTIVE
3956,1072,5,7,2023-01-21,DORMANT
3957,2032,4,15,2019-01-11,ACTIVE
3958,1250,4,10,2024-06-29,ACTIVE
3959,1296,4,12,2021-10-25,ACTIVE
3960,3557,5,12,2023-10-07,ACTIVE
3961,328,3,19,2025-04-11,ACTIVE
3962,797,2,19,2025-04-15,DORMANT
3963,2862,5,15,2021-08-02,ACTIVE
3964,4761,2,5,2020-03-10,ACTIVE
3965,2794,3,13,2024-11-22,ACTIVE
3966,3095,5,9,2025-04-08,ACTIVE
3967,2978,1,10,2023-10-26,DORMANT
3968,963,3,8,2021-12-03,ACTIVE
3969,1269,4,9,2025-02-06,ACTIVE
3970,373,5,6,2019-09-25,ACTIVE
3971,4381,3,18,2025-01-07,ACTIVE
3972,2569,3,10,2024-11-12,ACTIVE
3973,4903,5,15,2020-01-17,ACTIVE
3974,4743,4,13,2023-12-27,DORMANT
3975,3694,4,11,2020-05-29,ACTIVE
3976,1605,3,2,2023-10-10,ACTIVE
3977,96,2,8,2021-07-18,ACTIVE
3978,4370,3,18,2023-06-26,ACTIVE
3979,3942,5,3,2022-12-19,ACTIVE
3980,1201,5,3,2019-07-18,ACTIVE
3981,3945,5,7,2024-08-17,ACTIVE
3982,4880,4,18,2024-04-10,ACTIVE
3983,132,1,9,2023-11-16,CLOSED
3984,3116,5,18,2021-03-15,ACTIVE
3985,1391,5,1,2024-05-28,DORMANT
3986,1150,2,4,2019-11-23,ACTIVE
3987,3511,2,4,2023-09-10,ACTIVE
3988,3648,3,17,2023-06-06,ACTIVE
3989,808,3,2,2023-07-06,ACTIVE
3990,4840,3,15,2023-04-19,ACTIVE
3991,51,5,13,2025-04-21,ACTIVE
3992,3209,2,9,2021-11-16,ACTIVE
3993,56,3,7,2021-07-18,ACTIVE
3994,3665,2,12,2020-06-13,ACTIVE
3995,744,5,12,2022-06-10,CLOSED
3996,4539,5,14,2022-11-20,ACTIVE
3997,2877,3,15,2024-06-28,ACTIVE
3998,80,5,1,2022-08-23,ACTIVE
3999,4473,5,9,2020-02-28,ACTIVE
4000,3941,2,16,2019-05-30,DORMANT
4001,2967,1,9,2023-02-22,ACTIVE
4002,3729,4,16,2021-12-06,ACTIVE
4003,4537,3,2,2025-06-17,ACTIVE
4004,126,1,10,2019-05-19,ACTIVE
4005,219,3,18,2024-02-14,DORMANT
4006,948,1,13,2024-08-23,DORMANT
4007,4374,5,2,2024-06-18,ACTIVE
4008,595,3,13,2023-11-07,ACTIVE
4009,141,1,3,2024-03-28,DORMANT
4010,2894,4,15,2023-03-23,ACTIVE
4011,3056,5,3,2023-04-24,ACTIVE
4012,1631,3,10,2019-07-04,DORMANT
4013,877,3,6,2022-02-12,ACTIVE
4014,4206,1,14,2024-11-27,ACTIVE
4015,2661,3,9,2023-05-20,ACTIVE
4016,3391,5,18,2021-01-12,ACTIVE
4017,4892,2,8,2025-05-17,ACTIVE
4018,2030,1,6,2019-03-27,ACTIVE
4019,4825,4,15,2019-05-18,ACTIVE
4020,2553,3,14,2019-03-18,ACTIVE
4021,3612,5,15,2024-06-14,ACTIVE
4022,1041,3,20,2022-03-06,ACTIVE
4023,315,4,6,2021-02-14,ACTIVE
4024,3460,5,12,2021-10-13,DORMANT
4025,4173,4,10,2019-04-07,ACTIVE
4026,3026,5,19,2021-09-21,DORMANT
4027,2947,2,8,2023-04-04,ACTIVE
4028,3237,5,5,2021-10-29,ACTIVE
4029,3681,4,10,2019-03-24,ACTIVE
4030,4808,1,11,2024-09-25,ACTIVE
4031,3107,2,20,2023-03-16,CLOSED
4032,1538,3,14,2020-03-05,CLOSED
4033,3873,2,14,2022-01-18,ACTIVE
4034,1868,2,2,2020-05-27,ACTIVE
4035,4950,3,17,2024-04-06,ACTIVE
4036,1162,5,15,2023-08-25,ACTIVE
4037,3921,2,3,2023-08-16,ACTIVE
4038,3883,2,3,2024-03-29,ACTIVE
4039,2757,1,3,2020-10-19,ACTIVE
4040,1913,1,3,2020-10-08,ACTIVE
4041,265,4,18,2021-03-08,ACTIVE
4042,4429,3,6,2019-03-18,ACTIVE
4043,4916,5,14,2024-10-29,ACTIVE
4044,1303,5,3,2023-12-10,DORMANT
4045,1195,4,1,2021-01-11,DORMANT
4046,1527,5,10,2022-05-10,ACTIVE
4047,3605,5,13,2023-01-10,ACTIVE
4048,4395,1,9,2019-04-17,ACTIVE
4049,2249,5,2,2021-08-22,ACTIVE
4050,1159,5,10,2022-08-08,ACTIVE
4051,4368,4,12,2024-01-01,ACTIVE
4052,4631,4,19,2020-11-16,ACTIVE
4053,3514,2,3,2021-07-29,ACTIVE
4054,2079,5,19,2019-11-08,ACTIVE
4055,1145,5,1,2020-09-24,ACTIVE
4056,69,5,15,2020-10-29,ACTIVE
4057,3718,1,13,2020-08-21,ACTIVE
4058,3009,5,7,2022-12-20,ACTIVE
4059,827,1,2,2020-02-19,ACTIVE
4060,1170,2,20,2023-03-23,DORMANT
4061,984,3,11,2021-02-10,ACTIVE
4062,4577,5,16,2020-01-19,ACTIVE
4063,3978,4,14,2023-12-01,ACTIVE
4064,3335,4,15,2020-05-01,ACTIVE
4065,2341,5,20,2023-11-15,ACTIVE
4066,2016,1,19,2025-04-30,ACTIVE
4067,1453,4,7,2019-01-30,ACTIVE
4068,2134,4,9,2019-05-10,ACTIVE
4069,1040,2,4,2021-12-29,ACTIVE
4070,4724,2,6,2019-04-29,ACTIVE
4071,4214,2,10,2019-07-27,ACTIVE
4072,3467,4,3,2019-04-01,ACTIVE
4073,3027,4,1,2019-04-30,ACTIVE
4074,4258,5,6,2021-09-08,ACTIVE
4075,2748,5,5,2019-07-26,ACTIVE
4076,4263,1,15,2020-02-10,ACTIVE
4077,4396,4,11,2024-12-11,ACTIVE
4078,3496,5,20,2019-04-22,ACTIVE
4079,3856,5,13,2020-09-05,ACTIVE
4080,562,2,6,2021-08-02,ACTIVE
4081,2204,2,5,2022-11-10,ACTIVE
4082,3420,2,2,2020-12-06,ACTIVE
4083,1145,3,17,2023-11-12,ACTIVE
4084,2700,5,12,2025-01-03,ACTIVE
4085,1552,2,12,2024-12-19,CLOSED
4086,4022,2,14,2019-04-14,CLOSED
4087,561,4,7,2021-01-31,CLOSED
4088,1188,2,14,2021-08-01,ACTIVE
4089,3134,4,7,2021-04-27,ACTIVE
4090,3412,1,9,2019-06-18,ACTIVE
4091,1690,2,14,2021-09-11,ACTIVE
4092,4408,4,17,2022-01-12,ACTIVE
4093,2424,2,17,2019-04-17,ACTIVE
4094,1370,1,13,2021-06-03,ACTIVE
4095,581,2,18,2024-09-09,ACTIVE
4096,977,4,19,2019-09-04,ACTIVE
4097,4273,1,17,2023-04-03,ACTIVE
4098,4610,1,6,2024-06-25,ACTIVE
4099,2357,1,12,2024-09-02,CLOSED
4100,119,3,6,2020-05-12,ACTIVE
4101,1543,4,3,2021-05-03,ACTIVE
4102,4863,3,15,2019-10-31,ACTIVE
4103,3044,1,3,2022-11-22,ACTIVE
4104,973,3,15,2019-11-12,ACTIVE
4105,916,2,1,2024-02-28,ACTIVE
4106,1438,3,3,2019-10-05,DORMANT
4107,587,5,5,2020-06-25,ACTIVE
4108,351,1,14,2021-02-27,ACTIVE
4109,4592,1,4,2019-12-22,ACTIVE
4110,2563,4,9,2023-03-28,ACTIVE
4111,1871,2,18,2022-05-11,ACTIVE
4112,273,4,10,2019-09-07,ACTIVE
4113,2928,3,8,2019-04-13,ACTIVE
4114,4359,5,13,2023-01-31,DORMANT
4115,3440,5,2,2024-09-13,ACTIVE
4116,3042,5,20,2020-06-15,DORMANT
4117,3949,5,20,2020-07-12,ACTIVE
4118,1765,2,7,2023-06-08,ACTIVE
4119,4291,3,11,2022-07-15,ACTIVE
4120,1771,5,5,2021-02-23,ACTIVE
4121,1523,1,18,2019-01-18,ACTIVE
4122,832,3,8,2022-02-01,ACTIVE
4123,562,2,10,2019-06-01,ACTIVE
4124,3541,5,2,2023-08-28,ACTIVE
4125,4137,2,3,2021-05-22,ACTIVE
4126,1480,5,5,2022-12-08,ACTIVE
4127,4467,1,16,2022-01-12,ACTIVE
4128,1206,3,10,2022-08-24,DORMANT
4129,657,1,11,2022-03-20,ACTIVE
4130,3941,5,19,2020-07-02,ACTIVE
4131,590,4,16,2023-08-15,ACTIVE
4132,4327,3,12,2024-03-06,ACTIVE
4133,4905,2,2,2020-01-11,ACTIVE
4134,1372,5,11,2019-07-27,ACTIVE
4135,4575,1,1,2023-05-05,ACTIVE
4136,3752,4,5,2020-04-04,ACTIVE
4137,3760,5,14,2019-05-02,ACTIVE
4138,2101,2,18,2024-07-22,ACTIVE
4139,1885,1,7,2022-02-17,ACTIVE
4140,748,3,5,2019-09-08,ACTIVE
4141,464,4,8,2024-02-06,ACTIVE
4142,754,5,15,2022-08-15,ACTIVE
4143,583,5,5,2024-09-25,ACTIVE
4144,2206,5,13,2021-06-14,ACTIVE
4145,4115,5,19,2025-04-11,DORMANT
4146,4151,1,2,2023-10-14,ACTIVE
4147,4028,3,5,2020-12-24,ACTIVE
4148,4817,2,5,2023-12-29,ACTIVE
4149,3354,4,6,2019-08-06,ACTIVE
4150,2809,5,16,2024-07-12,DORMANT
4151,3604,5,2,2024-01-31,ACTIVE
4152,3914,3,5,2022-08-30,ACTIVE
4153,1420,3,15,2023-09-13,ACTIVE
4154,2168,1,1,2020-08-26,CLOSED
4155,2145,1,19,2019-10-17,DORMANT
4156,2168,1,3,2020-08-24,CLOSED
4157,1561,4,19,2023-05-21,ACTIVE
4158,1177,1,15,2020-09-01,ACTIVE
4159,1269,5,3,2025-06-11,ACTIVE
4160,3588,1,8,2020-06-19,ACTIVE
4161,1167,4,15,2021-01-26,ACTIVE
4162,3576,1,1,2019-12-20,ACTIVE
4163,2842,1,6,2021-01-04,ACTIVE
4164,1871,5,17,2019-08-23,ACTIVE
4165,3930,5,16,2019-11-02,ACTIVE
4166,2268,5,13,2022-02-07,ACTIVE
4167,2887,1,1,2025-06-19,ACTIVE
4168,160,5,3,2021-11-02,ACTIVE
4169,2659,3,6,2025-01-23,ACTIVE
4170,3764,2,20,2019-02-22,ACTIVE
4171,4735,2,3,2022-04-24,ACTIVE
4172,1056,5,15,2019-10-03,ACTIVE
4173,334,4,15,2024-08-19,ACTIVE
4174,3597,5,11,2019-05-27,ACTIVE
4175,892,5,6,2024-02-12,ACTIVE
4176,2988,1,6,2020-09-21,CLOSED
4177,4448,4,9,2024-05-07,ACTIVE
4178,1363,5,14,2021-05-01,ACTIVE
4179,926,3,11,2020-03-03,ACTIVE
4180,2444,2,6,2020-05-02,ACTIVE
4181,2578,3,18,2023-04-03,ACTIVE
4182,3981,3,20,2022-11-01,DORMANT
4183,2406,3,15,2023-10-28,ACTIVE
4184,1420,4,9,2020-08-06,ACTIVE
4185,2876,4,11,2020-09-07,ACTIVE
4186,60,4,2,2019-08-03,ACTIVE
4187,2525,2,6,2020-05-24,ACTIVE
4188,3798,1,14,2020-05-25,ACTIVE
4189,2660,5,14,2019-01-26,ACTIVE
4190,4097,5,13,2025-02-18,CLOSED
4191,1579,1,5,2024-06-08,ACTIVE
4192,4407,5,9,2024-11-20,ACTIVE
4193,3106,3,11,2022-05-13,ACTIVE
4194,708,2,7,2023-12-01,CLOSED
4195,1781,5,2,2024-09-29,ACTIVE
4196,2414,2,12,2019-12-09,ACTIVE
4197,4954,1,5,2022-11-24,ACTIVE
4198,3407,5,2,2025-02-27,CLOSED
4199,2162,2,14,2019-10-27,ACTIVE
4200,3540,3,7,2019-05-26,ACTIVE
4201,609,3,5,2020-04-06,ACTIVE
4202,309,1,4,2024-05-17,DORMANT
4203,4308,4,10,2021-07-04,ACTIVE
4204,2365,5,16,2021-04-03,ACTIVE
4205,185,3,6,2024-03-26,ACTIVE
4206,246,3,6,2025-01-07,ACTIVE
4207,239,1,9,2022-09-01,ACTIVE
4208,520,3,1,2025-02-24,ACTIVE
4209,3908,5,16,2025-06-08,ACTIVE
4210,277,1,17,2020-05-12,ACTIVE
4211,4029,2,13,2021-03-01,ACTIVE
4212,4310,1,6,2019-04-15,ACTIVE
4213,606,5,2,2019-01-10,ACTIVE
4214,4574,5,8,2019-11-23,ACTIVE
4215,4604,2,4,2021-06-01,ACTIVE
4216,4054,1,9,2023-07-30,ACTIVE
4217,2713,5,7,2021-06-25,ACTIVE
4218,142,5,1,2021-01-07,ACTIVE
4219,3662,2,14,2024-12-14,ACTIVE
4220,2370,4,2,2022-02-13,ACTIVE
4221,1718,1,8,2021-07-12,ACTIVE
4222,4557,5,11,2019-06-20,ACTIVE
4223,4766,3,5,2025-03-09,ACTIVE
4224,3428,2,18,2025-02-14,ACTIVE
4225,2325,4,12,2023-02-22,ACTIVE
4226,1845,4,20,2020-01-22,ACTIVE
4227,400,2,19,2021-10-08,ACTIVE
4228,4764,4,5,2023-06-13,ACTIVE
4229,2564,5,7,2022-02-27,ACTIVE
4230,1523,4,2,2024-09-01,ACTIVE
4231,1335,1,17,2020-05-19,ACTIVE
4232,2624,3,13,2021-07-09,ACTIVE
4233,239,5,11,2024-06-18,ACTIVE
4234,3216,2,5,2023-04-05,ACTIVE
4235,3648,3,13,2022-12-14,DORMANT
4236,1617,5,13,2020-02-16,CLOSED
4237,2430,3,8,2023-11-11,ACTIVE
4238,3653,4,11,2019-01-29,ACTIVE
4239,1722,2,8,2025-04-11,DORMANT
4240,1273,2,10,2021-04-05,ACTIVE
4241,3140,1,11,2024-03-24,ACTIVE
4242,2879,4,1,2021-12-19,ACTIVE
4243,1536,1,7,2019-05-19,ACTIVE
4244,536,1,8,2019-12-23,ACTIVE
4245,949,4,6,2025-03-09,ACTIVE
4246,4959,5,14,2022-03-08,CLOSED
4247,2643,1,20,2023-02-25,ACTIVE
4248,3942,3,7,2022-09-21,ACTIVE
4249,1022,5,3,2023-06-23,ACTIVE
4250,434,4,2,2025-02-03,ACTIVE
4251,1404,2,18,2024-11-30,DORMANT
4252,3512,5,3,2019-10-10,ACTIVE
4253,2936,1,14,2022-02-13,ACTIVE
4254,4879,3,18,2023-12-03,ACTIVE
4255,4265,4,13,2019-02-10,ACTIVE
4256,4805,2,8,2022-04-05,ACTIVE
4257,3334,3,4,2022-05-29,ACTIVE
4258,1603,2,15,2019-11-09,ACTIVE
4259,229,4,12,2024-04-14,ACTIVE
4260,4523,5,14,2022-02-28,ACTIVE
4261,4218,1,20,2019-02-17,ACTIVE
4262,2197,4,7,2019-05-14,ACTIVE
4263,2900,3,12,2023-04-29,ACTIVE
4264,111,5,9,2025-06-22,ACTIVE
4265,1245,2,10,2024-11-03,DORMANT
4266,4160,5,8,2021-12-07,ACTIVE
4267,2686,5,20,2024-03-03,ACTIVE
4268,3802,3,2,2021-07-14,ACTIVE
4269,3868,1,16,2019-08-28,ACTIVE
4270,1378,5,18,2025-04-24,ACTIVE
4271,1772,5,20,2019-02-13,ACTIVE
4272,13,1,10,2022-04-06,ACTIVE
4273,4335,1,6,2023-12-16,ACTIVE
4274,3262,2,6,2022-04-29,ACTIVE
4275,663,2,20,2020-10-25,ACTIVE
4276,3093,1,13,2023-05-05,ACTIVE
4277,694,4,19,2024-01-23,ACTIVE
4278,3391,1,17,2021-01-23,ACTIVE
4279,1182,2,2,2019-04-15,ACTIVE
4280,3019,3,18,2021-07-15,ACTIVE
4281,1505,3,7,2024-03-13,ACTIVE
4282,1903,5,14,2022-10-04,ACTIVE
4283,4172,3,15,2021-08-11,ACTIVE
4284,329,2,8,2023-08-01,CLOSED
4285,1440,3,9,2022-09-04,ACTIVE
4286,3847,4,11,2024-10-05,ACTIVE
4287,4168,1,3,2019-08-28,ACTIVE
4288,225,1,20,2024-12-27,ACTIVE
4289,2521,2,14,2024-10-10,ACTIVE
4290,3715,5,8,2019-06-01,CLOSED
4291,2408,1,3,2019-05-10,ACTIVE
4292,811,3,18,2023-01-03,ACTIVE
4293,3118,4,14,2022-05-20,ACTIVE
4294,4774,5,20,2020-02-04,DORMANT
4295,3291,5,8,2023-10-07,ACTIVE
4296,4387,5,17,2024-04-21,CLOSED
4297,2252,1,8,2020-06-24,ACTIVE
4298,4662,5,5,2019-07-01,ACTIVE
4299,2530,2,12,2021-12-10,ACTIVE
4300,4607,3,2,2023-11-06,CLOSED
4301,924,4,17,2021-12-17,ACTIVE
4302,3053,3,13,2020-02-23,ACTIVE
4303,16,2,14,2022-03-06,ACTIVE
4304,3597,2,9,2020-10-01,ACTIVE
4305,2404,3,9,2024-09-15,ACTIVE
4306,4452,1,9,2020-05-08,ACTIVE
4307,4926,2,20,2019-12-25,CLOSED
4308,4011,5,6,2023-12-09,ACTIVE
4309,2647,4,12,2022-01-13,ACTIVE
4310,1102,4,10,2020-06-22,ACTIVE
4311,2976,2,5,2019-12-10,ACTIVE
4312,1091,5,18,2025-01-27,ACTIVE
4313,2907,3,7,2023-09-10,ACTIVE
4314,1747,4,13,2021-05-15,DORMANT
4315,4310,5,1,2024-08-29,ACTIVE
4316,1721,5,6,2024-04-16,ACTIVE
4317,449,1,8,2025-06-08,ACTIVE
4318,3013,2,9,2021-02-14,ACTIVE
4319,3505,5,7,2021-09-23,CLOSED
4320,1569,3,10,2020-07-29,ACTIVE
4321,3187,4,8,2021-11-01,ACTIVE
4322,3492,1,2,2019-12-27,ACTIVE
4323,2547,3,18,2019-10-23,CLOSED
4324,4806,4,15,2022-11-27,DORMANT
4325,4476,2,6,2022-10-30,ACTIVE
4326,1048,3,14,2023-11-06,ACTIVE
4327,4635,4,18,2020-11-23,DORMANT
4328,4849,1,3,2020-05-14,ACTIVE
4329,4631,4,1,2021-12-03,ACTIVE
4330,4769,5,1,2022-02-06,ACTIVE
4331,1065,1,14,2022-01-26,ACTIVE
4332,3822,3,1,2023-10-29,ACTIVE
4333,568,2,1,2022-05-26,ACTIVE
4334,1437,1,4,2025-01-05,ACTIVE
4335,4511,1,12,2021-08-04,ACTIVE
4336,4545,1,15,2023-06-04,CLOSED
4337,4706,4,4,2020-07-17,ACTIVE
4338,2706,5,10,2019-03-04,ACTIVE
4339,2484,2,11,2023-06-08,ACTIVE
4340,4801,2,6,2024-05-27,DORMANT
4341,4830,5,10,2020-01-29,ACTIVE
4342,3780,4,12,2023-03-07,ACTIVE
4343,4896,4,3,2023-02-10,ACTIVE
4344,2795,5,15,2024-10-07,DORMANT
4345,1861,5,16,2020-06-03,DORMANT
4346,3337,3,10,2020-01-24,ACTIVE
4347,1891,4,11,2020-08-10,ACTIVE
4348,4827,1,16,2023-06-02,ACTIVE
4349,4292,2,17,2020-09-27,ACTIVE
4350,1098,4,14,2019-10-07,ACTIVE
4351,1639,5,16,2024-06-07,ACTIVE
4352,1659,1,14,2025-03-31,ACTIVE
4353,1126,3,6,2019-07-05,ACTIVE
4354,264,3,10,2021-03-15,ACTIVE
4355,2993,1,17,2019-03-16,ACTIVE
4356,161,1,10,2020-12-10,ACTIVE
4357,1257,5,10,2025-03-30,CLOSED
4358,4866,5,14,2022-04-06,ACTIVE
4359,311,2,20,2020-06-18,ACTIVE
4360,227,2,17,2022-12-01,ACTIVE
4361,273,3,9,2024-07-14,CLOSED
4362,4413,1,15,2022-06-07,ACTIVE
4363,1923,3,7,2021-06-14,DORMANT
4364,3158,5,2,2021-08-29,ACTIVE
4365,2339,4,4,2020-10-08,ACTIVE
4366,1602,5,20,2025-05-29,ACTIVE
4367,3719,4,18,2024-07-31,ACTIVE
4368,2423,1,11,2019-02-07,CLOSED
4369,1926,1,5,2022-06-09,DORMANT
4370,567,1,8,2025-01-24,ACTIVE
4371,2916,2,20,2019-04-13,ACTIVE
4372,252,2,5,2019-05-25,ACTIVE
4373,2355,4,2,2021-01-24,ACTIVE
4374,3502,3,5,2020-01-01,ACTIVE
4375,4771,3,3,2025-01-09,ACTIVE
4376,2312,4,12,2025-06-24,ACTIVE
4377,2116,2,19,2024-01-05,ACTIVE
4378,1603,5,7,2023-09-24,ACTIVE
4379,3271,4,19,2019-03-24,ACTIVE
4380,514,3,4,2022-08-04,ACTIVE
4381,442,4,14,2024-03-09,ACTIVE
4382,1,4,19,2023-02-21,ACTIVE
4383,903,1,18,2023-07-15,ACTIVE
4384,1221,2,7,2024-10-27,ACTIVE
4385,2322,1,15,2023-06-04,CLOSED
4386,856,2,1,2019-05-31,ACTIVE
4387,1018,4,12,2020-12-30,ACTIVE
4388,2221,2,19,2024-08-24,ACTIVE
4389,4681,3,6,2019-04-11,ACTIVE
4390,3505,1,13,2021-02-18,ACTIVE
4391,4551,4,6,2021-11-24,ACTIVE
4392,196,3,13,2025-05-19,ACTIVE
4393,4695,2,15,2020-09-28,ACTIVE
4394,1333,2,16,2023-10-26,ACTIVE
4395,4652,3,8,2023-08-24,ACTIVE
4396,1518,2,13,2020-06-08,ACTIVE
4397,4535,1,13,2019-06-14,ACTIVE
4398,2698,5,20,2020-03-03,ACTIVE
4399,4455,2,20,2022-07-05,ACTIVE
4400,3108,4,12,2021-07-22,ACTIVE
4401,1058,2,19,2024-10-17,DORMANT
4402,2706,4,17,2025-05-10,ACTIVE
4403,2064,2,3,2020-07-13,ACTIVE
4404,2793,2,15,2021-04-28,ACTIVE
4405,421,4,17,2022-09-07,ACTIVE
4406,4649,1,6,2024-05-22,ACTIVE
4407,2815,5,19,2022-10-17,ACTIVE
4408,2841,5,12,2024-05-08,DORMANT
4409,1032,1,4,2020-08-12,ACTIVE
4410,1492,2,12,2020-05-13,DORMANT
4411,4976,5,2,2025-03-01,ACTIVE
4412,1886,1,7,2023-03-10,ACTIVE
4413,4948,1,16,2023-06-27,ACTIVE
4414,510,5,12,2022-02-06,ACTIVE
4415,1860,4,16,2024-02-04,DORMANT
4416,1859,3,14,2020-01-23,DORMANT
4417,914,4,1,2020-02-20,ACTIVE
4418,2066,2,9,2021-06-19,ACTIVE
4419,2967,4,7,2023-05-11,CLOSED
4420,4890,3,5,2019-11-08,DORMANT
4421,3838,3,10,2025-04-18,ACTIVE
4422,1597,1,10,2024-07-28,ACTIVE
4423,4443,2,18,2023-05-27,ACTIVE
4424,1056,1,7,2023-09-12,ACTIVE
4425,1024,4,18,2019-07-22,ACTIVE
4426,3205,4,13,2019-04-20,ACTIVE
4427,576,5,11,2019-03-23,ACTIVE
4428,199,1,10,2023-06-08,ACTIVE
4429,1366,1,9,2021-02-07,ACTIVE
4430,1999,1,15,2025-02-18,ACTIVE
4431,1017,1,14,2019-05-19,ACTIVE
4432,3619,3,3,2019-08-09,ACTIVE
4433,26,5,14,2021-05-10,ACTIVE
4434,1559,2,16,2021-08-16,ACTIVE
4435,3725,2,3,2022-12-16,CLOSED
4436,3459,2,8,2023-05-29,ACTIVE
4437,3357,3,2,2025-02-23,DORMANT
4438,2368,5,2,2022-09-09,ACTIVE
4439,471,5,18,2022-07-07,ACTIVE
4440,2468,3,7,2019-07-18,ACTIVE
4441,4747,1,17,2024-03-03,ACTIVE
4442,886,4,6,2022-03-06,ACTIVE
4443,876,1,10,2022-10-01,ACTIVE
4444,942,2,7,2024-07-27,ACTIVE
4445,3042,1,4,2025-01-31,ACTIVE
4446,572,3,11,2020-05-03,ACTIVE
4447,4150,2,16,2025-06-21,ACTIVE
4448,605,4,17,2024-02-21,ACTIVE
4449,4421,2,6,2024-05-06,ACTIVE
4450,3530,1,20,2020-03-17,ACTIVE
4451,4981,5,19,2021-05-14,ACTIVE
4452,4361,5,20,2024-01-14,DORMANT
4453,382,5,18,2024-12-20,DORMANT
4454,1237,2,15,2020-10-17,ACTIVE
4455,2381,5,2,2024-03-05,ACTIVE
4456,3780,3,19,2022-10-11,CLOSED
4457,2106,4,6,2019-08-24,CLOSED
4458,1518,5,12,2021-09-15,ACTIVE
4459,1534,3,1,2022-10-14,ACTIVE
4460,3295,3,11,2021-03-25,ACTIVE
4461,3441,2,19,2022-07-18,ACTIVE
4462,3490,2,4,2023-08-17,ACTIVE
4463,3946,4,19,2023-03-14,ACTIVE
4464,4643,4,6,2023-07-24,ACTIVE
4465,871,1,8,2023-12-29,ACTIVE
4466,2151,4,9,2023-02-03,ACTIVE
4467,3233,2,10,2023-09-29,ACTIVE
4468,3232,3,10,2022-08-27,DORMANT
4469,3767,1,10,2022-05-25,ACTIVE
4470,4961,4,4,2020-09-02,ACTIVE
4471,3208,3,18,2022-08-28,ACTIVE
4472,4494,2,12,2019-08-18,ACTIVE
4473,4488,5,11,2019-12-06,ACTIVE
4474,3827,1,16,2025-01-20,ACTIVE
4475,1613,3,19,2024-12-03,DORMANT
4476,1078,2,11,2019-03-12,ACTIVE
4477,1301,2,4,2023-10-16,ACTIVE
4478,2159,1,12,2021-04-29,ACTIVE
4479,2272,1,17,2021-12-12,ACTIVE
4480,2530,4,13,2023-06-09,ACTIVE
4481,3261,4,4,2019-12-08,ACTIVE
4482,364,1,6,2021-07-23,ACTIVE
4483,846,1,7,2020-08-10,ACTIVE
4484,3033,3,8,2024-07-02,ACTIVE
4485,1328,4,2,2022-01-07,ACTIVE
4486,3163,2,9,2019-04-17,ACTIVE
4487,392,4,10,2024-05-26,ACTIVE
4488,3256,4,19,2024-10-30,ACTIVE
4489,2060,1,1,2019-08-18,ACTIVE
4490,3238,1,16,2024-08-29,ACTIVE
4491,2047,4,18,2022-09-08,ACTIVE
4492,4242,5,8,2020-10-13,ACTIVE
4493,1306,5,10,2022-08-26,CLOSED
4494,2895,4,11,2020-04-16,ACTIVE
4495,2033,5,17,2019-03-15,ACTIVE
4496,765,4,7,2020-10-15,ACTIVE
4497,499,1,3,2022-12-30,CLOSED
4498,3369,1,7,2020-04-06,ACTIVE
4499,2945,1,6,2022-03-19,ACTIVE
4500,3805,2,3,2023-07-26,ACTIVE
4501,4214,1,8,2024-03-22,ACTIVE
4502,4461,1,1,2025-06-20,ACTIVE
4503,136,4,5,2024-01-30,ACTIVE
4504,1101,5,19,2020-10-01,ACTIVE
4505,1872,5,13,2019-10-01,ACTIVE
4506,4034,1,11,2020-04-26,ACTIVE
4507,4114,1,11,2019-03-23,DORMANT
4508,4013,1,2,2019-01-31,ACTIVE
4509,205,4,9,2022-01-12,CLOSED
4510,4595,4,2,2021-09-22,ACTIVE
4511,2372,4,19,2024-09-20,ACTIVE
4512,4691,5,12,2019-09-08,ACTIVE
4513,562,2,9,2023-06-09,ACTIVE
4514,3315,5,9,2021-09-22,ACTIVE
4515,3961,4,10,2023-09-15,ACTIVE
4516,2527,3,5,2019-09-23,ACTIVE
4517,2212,2,9,2019-01-22,ACTIVE
4518,2372,1,18,2022-12-01,ACTIVE
4519,4736,5,10,2024-10-24,ACTIVE
4520,2682,2,17,2023-02-19,ACTIVE
4521,2807,3,10,2020-11-10,CLOSED
4522,3770,2,14,2024-04-16,DORMANT
4523,2256,5,4,2019-08-28,DORMANT
4524,4411,4,10,2019-02-20,ACTIVE
4525,901,1,18,2020-04-20,ACTIVE
4526,1751,4,5,2024-06-27,ACTIVE
4527,4900,4,9,2023-06-14,ACTIVE
4528,3296,5,6,2021-06-12,ACTIVE
4529,3160,4,16,2019-06-06,ACTIVE
4530,1453,4,16,2025-02-24,DORMANT
4531,1244,5,11,2021-10-20,ACTIVE
4532,2323,5,15,2020-10-27,CLOSED
4533,1671,3,19,2024-07-12,ACTIVE
4534,2028,4,3,2022-02-15,ACTIVE
4535,1769,2,16,2023-08-14,ACTIVE
4536,3664,1,20,2019-03-16,ACTIVE
4537,2303,1,5,2021-08-09,ACTIVE
4538,1170,5,9,2024-11-25,ACTIVE
4539,4711,5,5,2024-01-01,ACTIVE
4540,2433,3,4,2023-02-11,DORMANT
4541,387,4,13,2019-04-03,ACTIVE
4542,2431,5,20,2024-11-17,DORMANT
4543,3349,5,17,2019-06-30,ACTIVE
4544,1406,1,20,2020-11-01,ACTIVE
4545,124,4,12,2024-11-13,ACTIVE
4546,3998,3,20,2019-08-20,ACTIVE
4547,3453,5,20,2025-04-17,ACTIVE
4548,3897,5,7,2024-02-19,DORMANT
4549,1625,5,1,2023-05-22,ACTIVE
4550,1182,1,16,2023-11-08,ACTIVE
4551,728,5,7,2024-08-28,ACTIVE
4552,3885,5,2,2022-08-03,ACTIVE
4553,3671,1,12,2025-03-04,ACTIVE
4554,1142,5,11,2025-06-16,ACTIVE
4555,2376,4,8,2024-11-20,ACTIVE
4556,4032,4,1,2019-06-08,DORMANT
4557,359,1,3,2023-05-06,ACTIVE
4558,3743,4,8,2020-01-13,ACTIVE
4559,2845,3,8,2020-12-14,ACTIVE
4560,4539,5,11,2019-04-02,ACTIVE
4561,2212,3,5,2025-02-01,ACTIVE
4562,973,4,8,2022-02-07,ACTIVE
4563,361,1,9,2025-02-04,ACTIVE
4564,2633,1,17,2021-01-07,ACTIVE
4565,3191,3,5,2024-02-07,ACTIVE
4566,4949,4,19,2020-05-06,ACTIVE
4567,1625,5,19,2024-11-20,ACTIVE
4568,3929,4,2,2024-09-19,ACTIVE
4569,1757,4,19,2023-03-10,DORMANT
4570,241,1,15,2021-08-03,ACTIVE
4571,4762,2,8,2020-12-02,ACTIVE
4572,976,5,8,2022-01-07,ACTIVE
4573,4319,5,1,2024-02-11,ACTIVE
4574,2314,1,14,2019-01-30,ACTIVE
4575,1306,4,11,2020-11-14,ACTIVE
4576,788,1,7,2020-01-25,ACTIVE
4577,2429,4,18,2025-05-12,ACTIVE
4578,556,2,15,2022-05-28,ACTIVE
4579,2110,2,10,2019-01-12,ACTIVE
4580,4943,3,4,2023-02-25,ACTIVE
4581,2650,4,1,2023-06-09,ACTIVE
4582,1560,1,14,2023-10-24,DORMANT
4583,4236,1,20,2019-02-18,ACTIVE
4584,1364,1,20,2023-09-12,ACTIVE
4585,3960,3,9,2024-08-19,ACTIVE
4586,590,5,13,2019-09-18,CLOSED
4587,1750,1,17,2019-11-16,ACTIVE
4588,541,2,20,2019-07-05,DORMANT
4589,2423,1,4,2025-03-26,DORMANT
4590,291,1,5,2024-04-11,ACTIVE
4591,2091,1,18,2019-01-21,ACTIVE
4592,3936,5,17,2019-01-16,ACTIVE
4593,3959,1,7,2019-01-06,ACTIVE
4594,3860,5,10,2025-06-03,ACTIVE
4595,1256,5,9,2021-07-29,CLOSED
4596,8,3,13,2019-09-16,ACTIVE
4597,1658,2,18,2021-11-29,DORMANT
4598,4579,1,12,2019-10-03,ACTIVE
4599,4429,1,8,2021-04-06,ACTIVE
4600,1257,1,18,2024-04-14,DORMANT
4601,3951,5,5,2022-08-24,ACTIVE
4602,1040,4,7,2023-04-06,ACTIVE
4603,2117,2,15,2021-08-06,ACTIVE
4604,685,1,3,2020-04-24,ACTIVE
4605,4019,4,18,2020-02-18,ACTIVE
4606,1798,4,6,2023-01-28,ACTIVE
4607,1825,4,6,2022-12-03,DORMANT
4608,3535,2,20,2024-09-23,ACTIVE
4609,63,4,1,2023-12-26,ACTIVE
4610,261,1,17,2021-04-09,ACTIVE
4611,3572,1,11,2022-07-18,ACTIVE
4612,3193,3,2,2019-10-02,ACTIVE
4613,4954,5,9,2024-04-18,ACTIVE
4614,1489,4,19,2022-12-17,CLOSED
4615,1131,5,6,2023-03-08,DORMANT
4616,4276,5,7,2019-05-24,ACTIVE
4617,355,5,4,2021-04-14,ACTIVE
4618,2775,5,3,2024-03-01,DORMANT
4619,589,5,2,2025-02-18,ACTIVE
4620,605,1,10,2021-02-22,ACTIVE
4621,2229,2,10,2024-04-04,ACTIVE
4622,174,4,17,2019-06-27,CLOSED
4623,354,4,16,2025-06-23,ACTIVE
4624,3291,1,1,2025-01-07,DORMANT
4625,434,1,12,2020-09-02,CLOSED
4626,2953,5,20,2020-06-24,ACTIVE
4627,259,2,20,2025-01-06,CLOSED
4628,868,4,10,2022-10-04,ACTIVE
4629,2607,3,1,2025-04-28,ACTIVE
4630,3646,1,16,2020-02-17,ACTIVE
4631,596,3,11,2023-11-08,ACTIVE
4632,394,4,4,2023-11-19,ACTIVE
4633,4432,1,3,2022-07-05,ACTIVE
4634,2111,4,13,2020-05-06,ACTIVE
4635,3865,1,15,2023-09-24,ACTIVE
4636,4140,4,10,2023-06-20,ACTIVE
4637,2201,3,6,2022-01-24,ACTIVE
4638,3998,2,11,2021-09-27,ACTIVE
4639,3854,1,1,2022-11-28,ACTIVE
4640,4950,3,20,2024-09-15,ACTIVE
4641,3755,4,4,2023-06-26,ACTIVE
4642,4371,3,10,2020-04-25,ACTIVE
4643,3430,1,15,2019-06-29,ACTIVE
4644,4522,3,1,2020-08-04,ACTIVE
4645,4579,4,15,2022-11-30,ACTIVE
4646,214,5,3,2023-02-01,ACTIVE
4647,2127,2,1,2023-07-01,ACTIVE
4648,139,2,6,2022-07-18,ACTIVE
4649,4194,5,19,2023-05-02,ACTIVE
4650,3961,1,4,2019-12-30,ACTIVE
4651,664,3,12,2024-10-17,ACTIVE
4652,2833,3,2,2025-06-13,DORMANT
4653,1074,5,17,2020-02-27,ACTIVE
4654,4575,5,6,2025-03-16,ACTIVE
4655,4023,4,12,2024-04-27,ACTIVE
4656,162,4,15,2024-02-27,ACTIVE
4657,1501,2,17,2024-12-09,DORMANT
4658,3179,1,1,2021-06-02,ACTIVE
4659,4491,1,14,2022-03-18,ACTIVE
4660,4897,5,2,2023-11-20,ACTIVE
4661,186,2,4,2023-02-08,ACTIVE
4662,4654,2,20,2020-08-01,ACTIVE
4663,1981,4,2,2024-12-02,ACTIVE
4664,4542,3,14,2019-08-25,ACTIVE
4665,3989,1,18,2024-09-25,ACTIVE
4666,830,2,8,2025-05-10,ACTIVE
4667,3520,4,20,2019-04-23,ACTIVE
4668,3512,4,1,2021-03-02,ACTIVE
4669,3329,4,16,2022-08-08,ACTIVE
4670,3349,3,7,2025-06-21,ACTIVE
4671,2486,2,6,2019-02-20,ACTIVE
4672,4612,5,19,2019-05-24,ACTIVE
4673,1226,5,10,2023-09-02,ACTIVE
4674,4852,4,6,2022-03-02,ACTIVE
4675,2845,4,10,2023-03-03,DORMANT
4676,2734,3,19,2020-01-25,ACTIVE
4677,4421,4,3,2024-07-13,ACTIVE
4678,3997,2,20,2022-03-29,ACTIVE
4679,2671,4,3,2021-01-18,ACTIVE
4680,4783,4,20,2023-09-07,ACTIVE
4681,1499,2,6,2023-05-27,ACTIVE
4682,1689,1,17,2021-05-24,ACTIVE
4683,2448,5,18,2020-12-08,CLOSED
4684,868,4,10,2022-04-23,ACTIVE
4685,4313,2,6,2019-08-02,ACTIVE
4686,3009,5,13,2022-01-22,ACTIVE
4687,3525,3,6,2025-03-16,ACTIVE
4688,2013,1,12,2025-03-16,ACTIVE
4689,240,4,14,2019-01-13,CLOSED
4690,48,1,17,2023-12-24,ACTIVE
4691,4050,4,8,2020-04-30,ACTIVE
4692,3458,4,5,2019-04-29,CLOSED
4693,3280,4,4,2025-05-07,ACTIVE
4694,3229,1,6,2021-06-30,ACTIVE
4695,1249,3,11,2022-01-25,ACTIVE
4696,1168,2,5,2021-04-21,ACTIVE
4697,3491,2,14,2020-10-25,ACTIVE
4698,4971,3,10,2021-10-20,ACTIVE
4699,1898,3,11,2025-01-29,ACTIVE
4700,3537,4,3,2021-02-25,ACTIVE
4701,2180,4,8,2019-12-13,ACTIVE
4702,4721,2,5,2019-08-25,ACTIVE
4703,1971,4,20,2024-10-26,ACTIVE
4704,4697,4,10,2023-04-26,ACTIVE
4705,2721,3,8,2024-05-09,ACTIVE
4706,2382,1,9,2024-08-21,ACTIVE
4707,1944,5,15,2019-08-17,DORMANT
4708,3147,5,1,2021-04-22,ACTIVE
4709,3484,4,5,2021-08-22,ACTIVE
4710,3697,4,15,2019-06-13,DORMANT
4711,2826,5,4,2023-08-31,ACTIVE
4712,1828,3,19,2020-01-17,ACTIVE
4713,223,5,10,2020-08-04,ACTIVE
4714,1747,5,2,2022-12-16,ACTIVE
4715,530,5,5,2021-12-22,CLOSED
4716,134,4,18,2024-06-16,ACTIVE
4717,3804,4,6,2019-09-03,ACTIVE
4718,4487,5,10,2024-09-28,ACTIVE
4719,102,4,15,2024-06-15,DORMANT
4720,3724,5,9,2024-05-25,ACTIVE
4721,2729,3,13,2022-07-29,ACTIVE
4722,2546,4,18,2025-03-17,ACTIVE
4723,2559,1,7,2022-10-03,ACTIVE
4724,3042,4,2,2019-12-30,ACTIVE
4725,2001,3,16,2021-09-18,CLOSED
4726,949,3,2,2021-07-08,ACTIVE
4727,1569,4,4,2019-02-11,ACTIVE
4728,4937,2,2,2024-12-22,DORMANT
4729,2054,5,17,2022-07-06,DORMANT
4730,3006,5,6,2022-04-29,ACTIVE
4731,194,3,10,2024-07-06,ACTIVE
4732,742,4,14,2024-10-21,ACTIVE
4733,3907,2,15,2023-05-25,ACTIVE
4734,2960,1,12,2020-02-05,ACTIVE
4735,4569,5,19,2022-06-25,ACTIVE
4736,2264,2,11,2022-04-25,ACTIVE
4737,3421,5,1,2024-01-08,ACTIVE
4738,2924,4,8,2023-11-18,ACTIVE
4739,3255,5,6,2021-07-02,ACTIVE
4740,3240,1,12,2019-05-09,ACTIVE
4741,3866,4,20,2020-01-14,DORMANT
4742,38,3,16,2022-09-07,ACTIVE
4743,1699,2,18,2020-04-08,ACTIVE
4744,4567,5,12,2023-07-11,ACTIVE
4745,4027,4,20,2020-06-30,ACTIVE
4746,3214,4,2,2020-02-13,ACTIVE
4747,1784,5,7,2020-09-09,ACTIVE
4748,1967,3,9,2021-01-30,ACTIVE
4749,103,5,18,2021-09-28,ACTIVE
4750,42,3,9,2022-03-31,ACTIVE
4751,2995,5,8,2025-01-03,ACTIVE
4752,3219,4,1,2022-12-06,ACTIVE
4753,2991,1,5,2019-09-13,CLOSED
4754,4289,1,16,2023-06-15,ACTIVE
4755,3370,4,14,2023-10-20,ACTIVE
4756,1062,1,13,2020-10-12,ACTIVE
4757,2550,3,11,2023-09-09,ACTIVE
4758,1677,4,20,2022-08-07,ACTIVE
4759,3690,3,13,2019-03-17,DORMANT
4760,3998,4,15,2020-05-19,ACTIVE
4761,326,3,16,2024-06-15,ACTIVE
4762,1121,3,13,2020-10-23,ACTIVE
4763,108,1,8,2021-10-12,ACTIVE
4764,2679,4,18,2024-07-16,ACTIVE
4765,335,5,19,2022-11-17,ACTIVE
4766,2040,1,15,2022-05-07,ACTIVE
4767,804,3,10,2025-02-07,ACTIVE
4768,1849,3,4,2019-08-28,CLOSED
4769,767,5,6,2024-05-11,DORMANT
4770,3528,5,8,2023-11-13,ACTIVE
4771,2307,3,7,2024-10-14,ACTIVE
4772,2830,5,12,2025-01-27,ACTIVE
4773,1489,2,18,2023-07-27,ACTIVE
4774,4130,1,18,2019-06-14,ACTIVE
4775,3567,4,19,2021-08-11,ACTIVE
4776,2374,5,4,2019-03-04,DORMANT
4777,837,5,1,2019-02-20,ACTIVE
4778,3310,2,5,2024-09-21,ACTIVE
4779,3613,4,7,2022-09-06,ACTIVE
4780,4835,2,11,2022-04-29,ACTIVE
4781,2792,4,11,2020-10-31,ACTIVE
4782,4213,1,10,2024-11-07,CLOSED
4783,3984,5,7,2022-12-16,ACTIVE
4784,3769,1,16,2020-09-07,ACTIVE
4785,1505,4,1,2020-07-16,ACTIVE
4786,2451,5,1,2022-02-04,ACTIVE
4787,3045,2,12,2023-03-15,ACTIVE
4788,2034,3,16,2022-06-13,ACTIVE
4789,1700,2,5,2023-03-02,ACTIVE
4790,2281,3,14,2019-12-22,ACTIVE
4791,1308,2,18,2021-02-05,ACTIVE
4792,2528,4,9,2019-10-31,ACTIVE
4793,3839,1,2,2024-03-09,ACTIVE
4794,976,3,12,2023-02-24,DORMANT
4795,2057,4,10,2020-08-06,ACTIVE
4796,4811,1,2,2020-01-02,ACTIVE
4797,2427,1,15,2023-07-24,ACTIVE
4798,3675,5,4,2024-08-08,ACTIVE
4799,2429,5,19,2020-04-03,ACTIVE
4800,4940,5,4,2019-04-30,ACTIVE
4801,3734,3,9,2023-07-28,ACTIVE
4802,360,3,13,2023-02-10,CLOSED
4803,2224,1,10,2019-12-30,CLOSED
4804,485,3,14,2023-01-09,ACTIVE
4805,1429,1,3,2024-05-22,ACTIVE
4806,2081,4,3,2021-05-01,ACTIVE
4807,696,2,20,2021-08-07,ACTIVE
4808,4661,1,16,2025-04-12,ACTIVE
4809,202,1,9,2024-04-13,ACTIVE
4810,3858,4,14,2024-04-27,ACTIVE
4811,1199,5,16,2021-02-02,ACTIVE
4812,1268,5,9,2022-03-26,ACTIVE
4813,2971,5,5,2023-06-18,DORMANT
4814,74,1,13,2021-06-20,ACTIVE
4815,96,1,15,2025-02-11,ACTIVE
4816,4269,3,4,2023-02-27,ACTIVE
4817,3478,3,14,2024-02-13,ACTIVE
4818,2203,2,20,2022-11-11,ACTIVE
4819,258,2,20,2025-05-16,ACTIVE
4820,3659,3,7,2021-01-11,ACTIVE
4821,4426,1,4,2023-08-21,ACTIVE
4822,2807,4,17,2024-10-30,DORMANT
4823,4257,3,9,2022-09-27,ACTIVE
4824,186,1,4,2019-07-15,ACTIVE
4825,143,3,3,2024-10-08,DORMANT
4826,3354,5,19,2019-05-31,DORMANT
4827,640,3,9,2021-12-20,ACTIVE
4828,3750,5,8,2023-07-29,ACTIVE
4829,2075,1,7,2020-03-03,ACTIVE
4830,3969,5,7,2019-11-27,ACTIVE
4831,202,3,4,2021-06-08,ACTIVE
4832,3093,5,19,2021-08-12,ACTIVE
4833,3166,4,12,2019-12-20,ACTIVE
4834,3080,5,20,2025-03-14,ACTIVE
4835,4568,5,6,2024-08-06,DORMANT
4836,2103,2,12,2023-03-30,DORMANT
4837,911,4,20,2021-07-03,ACTIVE
4838,1572,1,4,2023-03-30,ACTIVE
4839,3449,5,2,2025-04-09,ACTIVE
4840,2160,4,15,2024-08-17,ACTIVE
4841,4326,1,6,2023-04-25,ACTIVE
4842,2545,4,18,2021-07-12,ACTIVE
4843,1330,2,5,2023-07-17,ACTIVE
4844,3614,1,4,2024-01-27,ACTIVE
4845,461,1,11,2025-01-22,ACTIVE
4846,807,5,11,2022-05-11,ACTIVE
4847,3700,3,9,2023-07-22,ACTIVE
4848,2274,1,3,2019-12-30,ACTIVE
4849,59,1,11,2024-05-01,ACTIVE
4850,2476,2,2,2022-12-19,DORMANT
4851,4824,2,9,2020-10-19,ACTIVE
4852,1156,2,10,2023-02-01,ACTIVE
4853,498,5,11,2022-06-28,CLOSED
4854,4326,1,3,2022-12-16,ACTIVE
4855,4429,2,17,2021-01-01,ACTIVE
4856,3977,2,11,2024-08-04,ACTIVE
4857,1608,4,17,2024-02-27,ACTIVE
4858,721,4,19,2022-06-05,ACTIVE
4859,1275,2,4,2024-12-05,ACTIVE
4860,3868,5,2,2021-10-06,ACTIVE
4861,691,3,14,2022-07-14,ACTIVE
4862,4024,4,15,2022-04-06,ACTIVE
4863,4153,4,3,2023-09-25,ACTIVE
4864,3438,1,20,2020-11-26,ACTIVE
4865,2356,1,13,2020-06-05,ACTIVE
4866,750,2,13,2022-09-12,ACTIVE
4867,3052,1,18,2022-10-14,ACTIVE
4868,4774,1,20,2024-01-22,ACTIVE
4869,3565,3,7,2023-09-25,ACTIVE
4870,4656,5,16,2022-01-25,DORMANT
4871,1705,2,16,2020-10-14,ACTIVE
4872,3446,3,6,2021-01-28,ACTIVE
4873,4445,2,6,2022-07-03,ACTIVE
4874,2378,5,4,2020-03-17,ACTIVE
4875,3232,2,3,2020-02-13,CLOSED
4876,2216,1,1,2021-03-20,ACTIVE
4877,886,5,3,2024-11-02,ACTIVE
4878,865,3,19,2020-11-27,ACTIVE
4879,3495,3,9,2019-04-08,ACTIVE
4880,3055,4,14,2024-01-28,ACTIVE
4881,786,3,19,2020-06-25,CLOSED
4882,457,4,19,2023-03-07,CLOSED
4883,345,1,13,2019-07-10,ACTIVE
4884,554,3,16,2024-02-17,ACTIVE
4885,788,5,8,2019-09-15,ACTIVE
4886,1820,4,16,2019-06-04,ACTIVE
4887,705,3,9,2023-02-19,ACTIVE
4888,4908,1,9,2025-03-25,ACTIVE
4889,953,5,3,2019-03-15,ACTIVE
4890,815,5,7,2019-01-24,ACTIVE
4891,1549,1,20,2023-10-08,ACTIVE
4892,144,3,18,2023-08-09,CLOSED
4893,2778,2,2,2024-09-22,DORMANT
4894,3767,3,1,2021-11-26,ACTIVE
4895,4959,4,12,2023-02-06,DORMANT
4896,3826,4,16,2020-04-05,ACTIVE
4897,1217,3,12,2022-04-07,ACTIVE
4898,1808,4,10,2024-10-18,ACTIVE
4899,4471,2,9,2025-03-10,ACTIVE
4900,4773,2,18,2023-05-26,ACTIVE
4901,2740,5,4,2021-07-02,DORMANT
4902,1290,4,8,2023-10-09,ACTIVE
4903,556,3,4,2019-03-13,ACTIVE
4904,863,5,16,2021-04-07,ACTIVE
4905,2486,2,8,2025-02-05,ACTIVE
4906,4977,5,7,2025-03-05,ACTIVE
4907,2356,1,13,2019-06-26,ACTIVE
4908,966,4,8,2020-12-07,ACTIVE
4909,2396,3,7,2024-04-12,ACTIVE
4910,476,2,5,2021-06-02,ACTIVE
4911,1339,5,18,2022-03-23,DORMANT
4912,525,3,19,2019-06-03,ACTIVE
4913,2572,4,10,2019-01-30,ACTIVE
4914,562,3,11,2021-11-16,ACTIVE
4915,3703,4,8,2021-09-02,ACTIVE
4916,4665,4,6,2020-11-21,ACTIVE
4917,1206,4,11,2024-02-18,ACTIVE
4918,4034,5,16,2024-11-15,ACTIVE
4919,3848,4,4,2019-08-25,DORMANT
4920,4202,3,2,2024-12-25,DORMANT
4921,2239,1,13,2020-09-21,ACTIVE
4922,1161,3,7,2020-09-09,ACTIVE
4923,4796,5,17,2023-04-21,ACTIVE
4924,3826,4,13,2023-06-28,ACTIVE
4925,72,1,10,2019-12-26,DORMANT
4926,755,5,13,2020-08-04,ACTIVE
4927,3853,2,10,2025-03-04,ACTIVE
4928,905,2,7,2023-10-23,ACTIVE
4929,52,2,10,2020-08-23,ACTIVE
4930,2622,1,16,2021-09-05,ACTIVE
4931,3191,3,3,2024-06-20,ACTIVE
4932,3949,1,4,2020-05-29,ACTIVE
4933,1288,1,4,2024-05-23,ACTIVE
4934,4781,1,4,2021-03-20,ACTIVE
4935,1773,2,16,2024-06-20,ACTIVE
4936,3903,3,9,2022-12-17,ACTIVE
4937,3921,1,6,2020-04-13,ACTIVE
4938,950,3,10,2020-09-21,ACTIVE
4939,3139,4,4,2019-04-24,ACTIVE
4940,2417,1,12,2022-05-10,DORMANT
4941,2280,1,10,2022-10-19,ACTIVE
4942,1426,1,12,2019-09-04,ACTIVE
4943,1585,4,19,2023-06-05,ACTIVE
4944,1047,4,19,2025-05-09,ACTIVE
4945,2166,2,1,2020-06-28,ACTIVE
4946,4024,5,4,2023-06-26,ACTIVE
4947,1177,3,13,2022-07-24,ACTIVE
4948,2161,5,8,2023-03-03,DORMANT
4949,1032,1,14,2020-12-18,ACTIVE
4950,3289,1,16,2021-02-16,ACTIVE
4951,4527,2,2,2025-03-12,ACTIVE
4952,1316,5,8,2025-01-31,CLOSED
4953,893,1,13,2019-02-21,ACTIVE
4954,107,5,1,2025-06-02,CLOSED
4955,3081,2,12,2024-07-04,ACTIVE
4956,745,5,17,2025-01-31,ACTIVE
4957,622,3,7,2021-08-26,DORMANT
4958,4241,2,16,2023-10-01,ACTIVE
4959,821,5,14,2020-08-22,ACTIVE
4960,412,1,10,2019-06-20,ACTIVE
4961,114,4,3,2023-07-17,ACTIVE
4962,2447,4,12,2021-12-23,ACTIVE
4963,3347,2,8,2020-03-30,ACTIVE
4964,4220,4,16,2020-12-27,ACTIVE
4965,86,3,1,2022-12-03,ACTIVE
4966,4143,2,17,2021-06-05,DORMANT
4967,1573,1,6,2025-01-06,ACTIVE
4968,2006,1,1,2023-03-06,ACTIVE
4969,4080,2,15,2020-09-27,ACTIVE
4970,804,4,13,2023-04-21,ACTIVE
4971,3335,4,6,2025-05-14,ACTIVE
4972,3350,1,13,2024-09-13,ACTIVE
4973,1070,3,4,2019-06-24,ACTIVE
4974,2670,4,1,2021-11-22,ACTIVE
4975,4142,3,10,2023-10-15,ACTIVE
4976,2772,4,4,2025-04-20,ACTIVE
4977,4636,2,13,2020-07-21,ACTIVE
4978,4183,5,4,2019-11-19,ACTIVE
4979,1409,1,16,2024-08-22,ACTIVE
4980,3741,2,9,2024-09-28,DORMANT
4981,265,4,4,2023-11-19,ACTIVE
4982,3849,1,20,2024-11-13,DORMANT
4983,3094,5,8,2019-12-09,ACTIVE
4984,4799,5,4,2025-02-18,ACTIVE
4985,1474,4,9,2023-01-14,ACTIVE
4986,4282,1,11,2022-02-22,DORMANT
4987,326,4,5,2019-01-07,ACTIVE
4988,1207,5,9,2019-11-26,ACTIVE
4989,4493,2,8,2019-03-24,ACTIVE
4990,1505,2,4,2023-04-09,ACTIVE
4991,3535,3,20,2020-06-10,ACTIVE
4992,1441,5,1,2022-02-10,ACTIVE
4993,956,5,20,2021-06-08,ACTIVE
4994,555,4,13,2021-01-31,ACTIVE
4995,3255,3,5,2021-10-20,ACTIVE
4996,4140,3,20,2023-08-08,ACTIVE
4997,4997,1,10,2024-08-28,ACTIVE
4998,4578,4,16,2024-08-18,ACTIVE
4999,2037,2,8,2024-01-30,CLOSED
5000,1287,1,12,2021-11-27,ACTIVE
5001,1198,3,3,2021-06-22,ACTIVE
5002,4662,2,4,2019-05-14,ACTIVE
5003,2268,5,17,2024-05-22,ACTIVE
5004,3630,4,20,2022-01-30,ACTIVE
5005,3466,3,13,2024-05-18,ACTIVE
5006,772,5,6,2022-03-18,ACTIVE
5007,2457,3,3,2024-08-01,ACTIVE
5008,471,2,14,2019-04-03,ACTIVE
5009,1371,1,7,2021-02-12,ACTIVE
5010,3133,2,3,2019-07-07,CLOSED
5011,672,4,6,2024-12-23,ACTIVE
5012,1175,4,13,2019-06-15,CLOSED
5013,111,3,14,2019-09-02,ACTIVE
5014,3560,2,15,2022-04-21,ACTIVE
5015,1027,1,16,2021-10-29,ACTIVE
5016,3555,4,1,2022-12-30,ACTIVE
5017,3234,1,15,2022-03-25,ACTIVE
5018,4440,5,7,2021-04-09,ACTIVE
5019,1473,3,9,2024-12-01,ACTIVE
5020,2380,1,15,2023-11-14,ACTIVE
5021,4873,3,14,2025-01-23,ACTIVE
5022,2972,5,19,2020-03-12,ACTIVE
5023,2382,1,18,2025-03-20,DORMANT
5024,3291,1,9,2025-02-16,DORMANT
5025,4754,5,1,2023-12-16,ACTIVE
5026,1834,2,12,2023-12-30,ACTIVE
5027,454,1,10,2021-03-04,ACTIVE
5028,741,1,7,2019-06-22,ACTIVE
5029,2381,4,14,2022-07-04,DORMANT
5030,2358,2,1,2023-10-05,ACTIVE
5031,1444,1,15,2020-03-25,ACTIVE
5032,3681,5,1,2024-05-08,ACTIVE
5033,1749,3,13,2024-10-25,DORMANT
5034,2402,5,20,2020-09-06,ACTIVE
5035,4920,2,2,2019-08-14,DORMANT
5036,3172,4,3,2021-01-08,ACTIVE
5037,4241,4,4,2023-06-20,ACTIVE
5038,2007,4,16,2021-07-29,ACTIVE
5039,1787,5,12,2019-03-17,ACTIVE
5040,1410,3,4,2019-03-10,CLOSED
5041,1763,3,12,2024-02-18,ACTIVE
5042,910,1,7,2021-05-19,ACTIVE
5043,761,3,20,2022-10-25,ACTIVE
5044,3241,3,3,2024-01-12,ACTIVE
5045,2690,1,5,2024-10-16,ACTIVE
5046,531,5,12,2020-01-12,ACTIVE
5047,1360,5,12,2022-11-09,ACTIVE
5048,3819,2,20,2025-05-12,ACTIVE
5049,2028,5,7,2024-04-25,ACTIVE
5050,2561,4,12,2019-07-24,ACTIVE
5051,2178,4,2,2021-01-14,ACTIVE
5052,1538,2,14,2024-01-27,ACTIVE
5053,1274,3,16,2023-03-30,ACTIVE
5054,2782,2,7,2019-11-21,ACTIVE
5055,947,1,4,2020-11-11,ACTIVE
5056,1299,2,20,2020-11-01,ACTIVE
5057,2512,2,5,2023-09-24,ACTIVE
5058,2189,4,14,2024-02-24,ACTIVE
5059,882,1,9,2024-05-22,ACTIVE
5060,1848,1,5,2023-08-31,ACTIVE
5061,1976,2,2,2022-06-10,ACTIVE
5062,4269,1,5,2020-03-21,ACTIVE
5063,4569,1,3,2019-02-23,ACTIVE
5064,2965,5,10,2020-11-22,ACTIVE
5065,3064,1,8,2024-05-24,ACTIVE
5066,3129,3,10,2019-01-04,ACTIVE
5067,498,1,2,2019-09-14,ACTIVE
5068,2217,4,14,2021-04-13,ACTIVE
5069,989,5,4,2023-08-26,ACTIVE
5070,2609,4,12,2022-03-07,DORMANT
5071,2476,4,20,2022-09-09,ACTIVE
5072,4515,3,14,2020-04-17,ACTIVE
5073,1371,5,16,2023-10-31,ACTIVE
5074,3589,2,5,2024-07-19,ACTIVE
5075,2503,1,16,2023-06-26,ACTIVE
5076,4810,3,4,2025-02-18,CLOSED
5077,179,3,3,2025-06-12,DORMANT
5078,1930,2,1,2021-01-28,ACTIVE
5079,2549,3,4,2021-06-24,ACTIVE
5080,4835,2,9,2025-03-18,ACTIVE
5081,112,2,1,2025-01-28,ACTIVE
5082,3220,2,16,2022-03-29,ACTIVE
5083,715,3,3,2025-01-28,ACTIVE
5084,1402,2,6,2021-12-22,ACTIVE
5085,2925,3,13,2021-12-24,ACTIVE
5086,1382,5,17,2022-04-07,ACTIVE
5087,3128,2,15,2024-10-29,ACTIVE
5088,4909,3,12,2022-07-15,ACTIVE
5089,3012,3,8,2024-10-21,ACTIVE
5090,1209,3,16,2019-11-28,ACTIVE
5091,3126,1,3,2022-04-26,ACTIVE
5092,37,1,4,2021-11-14,ACTIVE
5093,1829,2,7,2025-03-25,DORMANT
5094,3061,5,15,2022-02-15,ACTIVE
5095,3342,2,11,2022-02-05,ACTIVE
5096,3942,4,16,2025-04-08,ACTIVE
5097,810,4,14,2023-06-23,ACTIVE
5098,3073,5,13,2020-05-17,CLOSED
5099,4119,5,9,2021-12-15,ACTIVE
5100,1527,5,18,2022-08-27,ACTIVE
5101,3520,1,3,2020-07-05,ACTIVE
5102,4892,1,20,2021-07-12,ACTIVE
5103,496,4,5,2019-05-01,ACTIVE
5104,4996,5,2,2023-12-01,ACTIVE
5105,425,3,17,2024-09-04,ACTIVE
5106,2748,4,16,2022-02-09,ACTIVE
5107,2066,5,20,2019-01-23,ACTIVE
5108,1983,3,13,2024-01-24,ACTIVE
5109,1469,5,20,2024-12-03,ACTIVE
5110,3801,2,11,2020-04-24,ACTIVE
5111,1234,3,8,2025-06-12,ACTIVE
5112,1798,2,5,2025-03-28,ACTIVE
5113,565,1,2,2021-02-07,ACTIVE
5114,3020,4,4,2022-02-17,ACTIVE
5115,1305,5,3,2025-05-22,ACTIVE
5116,133,4,2,2021-09-14,ACTIVE
5117,449,5,3,2022-10-13,DORMANT
5118,1831,2,16,2022-03-21,CLOSED
5119,2159,3,20,2022-09-10,ACTIVE
5120,3627,3,9,2024-05-25,ACTIVE
5121,850,5,6,2021-04-18,ACTIVE
5122,3963,2,15,2024-01-24,DORMANT
5123,1481,5,5,2021-07-06,ACTIVE
5124,901,5,9,2021-07-28,ACTIVE
5125,4855,5,6,2025-01-18,ACTIVE
5126,1540,3,3,2022-10-24,ACTIVE
5127,1900,5,13,2021-08-10,ACTIVE
5128,2945,3,15,2024-05-13,ACTIVE
5129,4958,1,11,2019-10-03,ACTIVE
5130,3245,2,16,2020-06-12,ACTIVE
5131,515,1,15,2022-12-30,ACTIVE
5132,1592,5,6,2021-08-16,DORMANT
5133,84,3,14,2024-01-16,CLOSED
5134,3743,2,11,2019-02-19,CLOSED
5135,4894,4,20,2022-06-12,ACTIVE
5136,2128,2,10,2024-01-27,ACTIVE
5137,1602,2,16,2023-04-29,ACTIVE
5138,4618,5,12,2020-05-02,ACTIVE
5139,1223,1,7,2024-10-28,ACTIVE
5140,4330,1,7,2022-08-02,ACTIVE
5141,1843,4,18,2023-02-10,CLOSED
5142,2292,5,15,2024-04-24,ACTIVE
5143,1590,2,6,2019-09-12,DORMANT
5144,2897,1,19,2021-08-17,ACTIVE
5145,4489,1,8,2023-08-24,ACTIVE
5146,9,3,20,2020-04-08,ACTIVE
5147,4709,2,15,2024-04-20,ACTIVE
5148,715,5,4,2019-02-05,DORMANT
5149,1928,1,18,2019-01-16,ACTIVE
5150,110,5,13,2021-07-07,ACTIVE
5151,4930,2,1,2024-06-14,ACTIVE
5152,266,2,8,2024-03-27,DORMANT
5153,3224,1,19,2023-06-02,ACTIVE
5154,955,4,17,2021-04-02,CLOSED
5155,1350,5,10,2024-10-21,ACTIVE
5156,1575,5,1,2024-05-20,DORMANT
5157,2224,3,1,2024-02-25,ACTIVE
5158,3832,2,5,2021-01-09,ACTIVE
5159,3256,2,1,2021-01-27,ACTIVE
5160,1059,1,20,2021-06-24,ACTIVE
5161,1958,1,13,2021-03-08,DORMANT
5162,4945,1,9,2024-07-26,ACTIVE
5163,3148,3,16,2023-05-06,ACTIVE
5164,2520,4,8,2023-11-13,ACTIVE
5165,3654,1,14,2022-11-21,DORMANT
5166,2571,1,17,2022-10-23,ACTIVE
5167,2928,1,4,2020-04-02,ACTIVE
5168,3888,3,7,2025-03-29,ACTIVE
5169,888,5,17,2022-09-29,DORMANT
5170,745,4,16,2022-10-29,ACTIVE
5171,3515,5,14,2022-12-31,ACTIVE
5172,2931,2,16,2019-06-04,ACTIVE
5173,2680,2,2,2022-01-20,DORMANT
5174,176,1,15,2022-10-01,ACTIVE
5175,566,5,11,2022-01-19,ACTIVE
5176,3218,3,13,2020-11-30,ACTIVE
5177,4358,4,4,2019-04-15,ACTIVE
5178,4627,5,1,2020-08-18,ACTIVE
5179,1395,5,15,2021-10-10,ACTIVE
5180,1221,4,12,2020-06-23,ACTIVE
5181,948,5,9,2019-01-12,ACTIVE
5182,585,5,7,2024-04-27,ACTIVE
5183,2863,4,3,2019-12-30,ACTIVE
5184,1621,3,16,2020-10-23,DORMANT
5185,3356,4,4,2022-09-03,ACTIVE
5186,2350,1,14,2020-06-21,ACTIVE
5187,3192,1,13,2019-11-10,CLOSED
5188,3208,1,20,2023-01-18,ACTIVE
5189,2577,1,19,2022-11-23,ACTIVE
5190,532,2,2,2023-11-11,ACTIVE
5191,1232,3,10,2022-05-30,ACTIVE
5192,1994,2,19,2020-08-02,ACTIVE
5193,1698,5,15,2019-09-19,ACTIVE
5194,3371,5,7,2020-05-10,ACTIVE
5195,1546,4,15,2019-05-10,ACTIVE
5196,3166,1,17,2022-03-28,CLOSED
5197,1438,4,16,2021-03-02,ACTIVE
5198,371,5,17,2024-01-13,DORMANT
5199,4505,1,16,2023-04-16,DORMANT
5200,617,3,18,2024-11-06,ACTIVE
5201,4167,5,17,2021-08-25,DORMANT
5202,4015,4,4,2022-09-17,DORMANT
5203,4180,4,2,2020-09-21,ACTIVE
5204,2257,5,17,2020-05-20,CLOSED
5205,4355,2,17,2019-07-26,ACTIVE
5206,3311,3,2,2024-01-29,CLOSED
5207,932,5,2,2022-06-23,ACTIVE
5208,2330,5,15,2023-01-22,ACTIVE
5209,394,4,16,2022-03-14,ACTIVE
5210,2466,1,11,2023-07-19,ACTIVE
5211,3278,1,2,2021-06-02,ACTIVE
5212,1930,1,8,2021-08-08,ACTIVE
5213,626,4,12,2019-10-12,DORMANT
5214,4658,1,14,2020-12-19,ACTIVE
5215,2880,5,14,2020-05-16,ACTIVE
5216,3167,2,12,2019-09-15,ACTIVE
5217,3423,2,2,2024-08-01,ACTIVE
5218,2110,2,14,2021-03-20,ACTIVE
5219,1166,1,12,2024-09-30,ACTIVE
5220,2782,2,9,2024-04-06,ACTIVE
5221,1892,1,8,2022-05-24,ACTIVE
5222,3183,5,20,2022-02-02,DORMANT
5223,1640,5,16,2020-06-05,ACTIVE
5224,782,4,10,2021-08-26,ACTIVE
5225,4693,4,7,2023-11-13,ACTIVE
5226,2057,3,15,2021-09-27,ACTIVE
5227,2324,5,9,2021-06-06,ACTIVE
5228,2275,1,4,2021-01-14,CLOSED
5229,2234,3,6,2021-12-03,ACTIVE
5230,2639,5,12,2023-09-01,ACTIVE
5231,3288,1,15,2019-07-30,ACTIVE
5232,2481,5,19,2025-05-12,ACTIVE
5233,2617,5,2,2022-02-04,ACTIVE
5234,356,1,19,2024-05-10,ACTIVE
5235,4488,5,20,2023-08-30,ACTIVE
5236,4675,5,20,2025-03-02,ACTIVE
5237,3347,5,2,2019-04-29,ACTIVE
5238,3523,4,15,2020-04-30,DORMANT
5239,2468,2,12,2024-11-26,DORMANT
5240,164,5,1,2021-10-28,ACTIVE
5241,3635,1,14,2020-05-26,ACTIVE
5242,4734,5,4,2021-12-02,ACTIVE
5243,3664,4,11,2024-01-07,ACTIVE
5244,3255,4,7,2019-05-12,CLOSED
5245,3382,5,13,2024-04-07,CLOSED
5246,2065,3,14,2023-12-21,ACTIVE
5247,4266,2,7,2019-07-17,ACTIVE
5248,3985,1,11,2019-08-08,ACTIVE
5249,3888,1,20,2021-05-17,ACTIVE
5250,340,1,20,2024-11-11,ACTIVE
5251,4822,1,11,2022-08-08,CLOSED
5252,3782,4,9,2025-01-09,ACTIVE
5253,3591,2,4,2021-02-05,ACTIVE
5254,1934,5,2,2022-12-16,ACTIVE
5255,1646,5,2,2022-03-27,DORMANT
5256,4229,3,9,2019-09-14,CLOSED
5257,2688,5,19,2024-05-23,DORMANT
5258,4919,2,15,2024-05-09,ACTIVE
5259,2127,5,18,2023-07-26,ACTIVE
5260,4442,4,16,2025-01-27,ACTIVE
5261,4705,5,2,2025-05-06,ACTIVE
5262,639,1,12,2023-06-27,ACTIVE
5263,1225,1,1,2020-09-28,CLOSED
5264,3706,1,2,2024-10-15,DORMANT
5265,3911,1,14,2019-01-08,ACTIVE
5266,4246,4,7,2023-04-29,ACTIVE
5267,1550,4,17,2019-05-15,ACTIVE
5268,4146,4,15,2021-04-09,ACTIVE
5269,1506,5,17,2019-01-25,ACTIVE
5270,4431,1,9,2024-07-02,ACTIVE
5271,1376,3,13,2020-01-09,DORMANT
5272,668,3,2,2025-02-21,CLOSED
5273,2375,1,15,2024-12-09,ACTIVE
5274,4091,2,20,2021-02-10,DORMANT
5275,1016,5,11,2024-04-20,ACTIVE
5276,336,3,19,2020-07-12,ACTIVE
5277,4762,4,14,2022-05-17,ACTIVE
5278,81,2,4,2023-06-13,CLOSED
5279,2135,4,11,2021-08-11,ACTIVE
5280,1800,2,16,2023-03-19,ACTIVE
5281,258,2,2,2021-06-26,ACTIVE
5282,185,5,2,2023-08-08,ACTIVE
5283,123,4,9,2024-03-24,ACTIVE
5284,4701,4,4,2023-04-07,ACTIVE
5285,5000,3,8,2021-11-28,ACTIVE
5286,3515,1,18,2024-01-05,ACTIVE
5287,1395,1,15,2020-09-10,ACTIVE
5288,2353,3,2,2023-12-13,ACTIVE
5289,3220,2,11,2024-03-24,ACTIVE
5290,1309,3,17,2019-07-25,DORMANT
5291,3945,3,7,2020-08-05,ACTIVE
5292,1942,4,8,2023-09-01,ACTIVE
5293,491,3,10,2020-11-27,ACTIVE
5294,1055,2,3,2019-07-27,ACTIVE
5295,702,1,13,2020-02-09,CLOSED
5296,2935,5,17,2023-02-19,DORMANT
5297,4696,3,13,2021-05-16,ACTIVE
5298,1135,3,19,2024-03-22,ACTIVE
5299,80,4,9,2025-05-07,ACTIVE
5300,836,4,16,2021-05-07,ACTIVE
5301,652,3,5,2025-01-05,ACTIVE
5302,417,3,9,2019-07-06,ACTIVE
5303,3681,2,9,2019-01-20,ACTIVE
5304,3867,1,6,2022-09-23,DORMANT
5305,746,1,10,2019-03-08,ACTIVE
5306,2003,5,18,2023-01-02,DORMANT
5307,240,1,11,2021-02-24,DORMANT
5308,2894,5,15,2024-06-21,ACTIVE
5309,1945,4,7,2024-11-02,ACTIVE
5310,856,5,14,2022-11-30,ACTIVE
5311,3516,5,8,2022-11-19,ACTIVE
5312,2647,1,19,2023-03-28,ACTIVE
5313,3195,3,15,2019-06-25,ACTIVE
5314,4516,4,19,2019-12-25,DORMANT
5315,4805,2,18,2023-04-12,ACTIVE
5316,2599,5,17,2019-10-18,ACTIVE
5317,1354,5,3,2024-12-17,ACTIVE
5318,2036,5,3,2020-04-23,ACTIVE
5319,2881,3,7,2020-10-09,ACTIVE
5320,680,2,10,2019-09-21,ACTIVE
5321,487,1,17,2023-04-11,ACTIVE
5322,3621,4,15,2022-01-09,CLOSED
5323,3651,3,8,2022-12-07,ACTIVE
5324,4719,2,17,2024-06-28,ACTIVE
5325,1439,4,3,2024-08-27,ACTIVE
5326,4315,1,4,2021-06-26,ACTIVE
5327,1485,4,8,2019-05-10,ACTIVE
5328,691,5,13,2021-07-26,ACTIVE
5329,1013,5,1,2021-03-25,ACTIVE
5330,4543,3,18,2023-10-20,ACTIVE
5331,2348,4,11,2023-02-19,ACTIVE
5332,3709,5,6,2019-01-15,ACTIVE
5333,4471,3,16,2023-02-28,ACTIVE
5334,1923,3,19,2024-07-30,DORMANT
5335,638,3,17,2022-04-24,ACTIVE
5336,3009,1,18,2021-10-03,ACTIVE
5337,2234,5,11,2020-12-07,ACTIVE
5338,2126,5,14,2020-12-03,ACTIVE
5339,3458,2,12,2021-01-15,ACTIVE
5340,4290,1,20,2024-06-07,ACTIVE
5341,3175,5,7,2019-02-05,ACTIVE
5342,3689,5,17,2021-01-16,ACTIVE
5343,1400,2,5,2024-08-26,CLOSED
5344,2335,4,14,2024-09-11,DORMANT
5345,1506,4,13,2022-11-04,ACTIVE
5346,250,1,12,2020-10-07,ACTIVE
5347,536,3,14,2021-05-05,ACTIVE
5348,3533,2,9,2020-05-31,ACTIVE
5349,3550,2,4,2021-03-08,ACTIVE
5350,458,5,19,2024-04-13,DORMANT
5351,2739,5,1,2020-04-29,ACTIVE
5352,3370,2,13,2020-03-18,CLOSED
5353,4136,3,6,2023-07-12,ACTIVE
5354,3697,4,1,2021-10-10,ACTIVE
5355,3412,1,17,2021-08-20,ACTIVE
5356,4070,4,3,2020-07-26,DORMANT
5357,3388,1,17,2019-12-24,ACTIVE
5358,3186,3,2,2020-09-12,ACTIVE
5359,3239,2,7,2024-03-18,ACTIVE
5360,261,3,1,2024-01-05,ACTIVE
5361,1248,2,15,2021-03-16,ACTIVE
5362,3334,5,4,2021-12-01,ACTIVE
5363,3323,1,6,2021-03-26,ACTIVE
5364,2574,5,13,2024-08-22,ACTIVE
5365,126,2,13,2023-06-13,ACTIVE
5366,1230,1,20,2022-04-25,ACTIVE
5367,3212,1,1,2022-09-21,ACTIVE
5368,3134,5,2,2020-07-08,ACTIVE
5369,1307,1,6,2023-11-05,ACTIVE
5370,2102,2,11,2024-10-23,ACTIVE
5371,136,2,18,2021-04-04,ACTIVE
5372,2378,5,13,2022-03-18,ACTIVE
5373,1460,3,12,2019-07-26,ACTIVE
5374,4232,2,20,2022-06-18,DORMANT
5375,813,2,7,2021-06-12,ACTIVE
5376,852,1,20,2024-12-12,ACTIVE
5377,1745,1,7,2025-04-23,ACTIVE
5378,1939,2,7,2021-01-06,ACTIVE
5379,871,5,2,2022-12-11,ACTIVE
5380,635,3,11,2019-10-15,ACTIVE
5381,669,1,1,2022-05-23,ACTIVE
5382,1294,1,13,2023-12-23,DORMANT
5383,3089,3,12,2021-02-05,ACTIVE
5384,269,1,13,2020-07-26,ACTIVE
5385,861,5,7,2020-01-03,ACTIVE
5386,482,1,12,2022-11-25,ACTIVE
5387,3291,1,17,2022-05-09,ACTIVE
5388,3391,2,8,2025-05-21,ACTIVE
5389,1262,5,3,2024-10-11,ACTIVE
5390,2333,5,7,2020-10-07,ACTIVE
5391,103,2,19,2021-01-20,ACTIVE
5392,3795,4,20,2019-12-27,ACTIVE
5393,4888,3,8,2021-11-10,CLOSED
5394,4335,5,14,2021-07-29,ACTIVE
5395,2693,4,14,2021-05-04,ACTIVE
5396,3672,3,2,2024-09-24,ACTIVE
5397,882,5,6,2019-07-13,CLOSED
5398,2236,1,16,2021-12-16,CLOSED
5399,4984,5,9,2023-04-27,ACTIVE
5400,3035,3,15,2023-01-20,ACTIVE
5401,4890,4,19,2019-11-29,ACTIVE
5402,2578,1,15,2021-01-16,ACTIVE
5403,676,3,12,2021-05-15,DORMANT
5404,2440,3,9,2020-10-06,ACTIVE
5405,1682,5,16,2023-03-17,ACTIVE
5406,1277,2,6,2019-05-30,ACTIVE
5407,4768,2,20,2023-07-16,ACTIVE
5408,3248,1,15,2021-03-12,DORMANT
5409,4935,3,13,2021-05-31,ACTIVE
5410,3649,4,10,2022-05-21,ACTIVE
5411,1313,1,14,2025-05-17,ACTIVE
5412,1074,1,3,2023-08-03,CLOSED
5413,4100,5,12,2023-08-22,ACTIVE
5414,1655,4,1,2020-11-04,CLOSED
5415,3748,3,16,2022-09-22,DORMANT
5416,4089,3,10,2024-11-10,ACTIVE
5417,1894,3,9,2024-12-02,DORMANT
5418,1286,1,18,2022-12-15,ACTIVE
5419,535,5,1,2024-11-30,DORMANT
5420,3448,1,10,2022-10-23,ACTIVE
5421,1380,2,7,2021-12-19,ACTIVE
5422,646,2,10,2025-04-03,ACTIVE
5423,24,3,12,2024-05-18,ACTIVE
5424,4653,5,11,2023-12-29,ACTIVE
5425,4452,3,9,2023-10-31,ACTIVE
5426,4966,3,5,2020-12-24,ACTIVE
5427,4671,1,4,2023-05-26,CLOSED
5428,4125,3,20,2023-11-06,ACTIVE
5429,365,3,13,2023-12-20,ACTIVE
5430,2656,5,8,2020-03-24,DORMANT
5431,409,5,16,2023-08-30,DORMANT
5432,1315,5,1,2019-07-14,ACTIVE
5433,219,3,17,2023-09-05,ACTIVE
5434,4704,5,15,2022-05-03,ACTIVE
5435,1540,5,15,2020-07-28,ACTIVE
5436,3434,4,18,2023-10-25,DORMANT
5437,4954,4,6,2025-06-15,ACTIVE
5438,1603,2,2,2023-12-24,ACTIVE
5439,2705,1,5,2024-02-28,ACTIVE
5440,3649,1,19,2020-08-13,ACTIVE
5441,1106,5,7,2020-07-01,ACTIVE
5442,3412,2,9,2020-01-24,ACTIVE
5443,2489,2,2,2022-12-29,ACTIVE
5444,617,4,7,2023-10-19,ACTIVE
5445,4322,2,14,2020-10-22,ACTIVE
5446,2419,3,15,2023-02-28,ACTIVE
5447,28,5,12,2023-08-17,DORMANT
5448,3056,3,20,2020-06-17,ACTIVE
5449,16,1,4,2019-10-24,ACTIVE
5450,3349,4,13,2023-02-26,ACTIVE
5451,333,3,9,2019-11-27,ACTIVE
5452,4579,5,12,2021-05-04,ACTIVE
5453,4662,3,10,2022-07-08,ACTIVE
5454,2162,3,9,2021-12-14,ACTIVE
5455,2086,2,7,2022-07-29,ACTIVE
5456,4550,4,12,2021-05-24,ACTIVE
5457,3954,1,16,2021-01-11,ACTIVE
5458,2790,5,15,2024-07-10,ACTIVE
5459,4262,5,7,2023-05-05,DORMANT
5460,2253,1,8,2023-12-23,ACTIVE
5461,4974,5,7,2025-01-02,DORMANT
5462,245,2,11,2020-01-26,ACTIVE
5463,1895,3,4,2020-01-08,ACTIVE
5464,1357,2,18,2022-11-21,ACTIVE
5465,943,2,19,2025-04-28,ACTIVE
5466,3468,2,7,2021-07-19,ACTIVE
5467,3193,1,13,2023-02-11,ACTIVE
5468,1746,4,9,2021-01-15,DORMANT
5469,4506,1,18,2023-02-17,ACTIVE
5470,2358,1,7,2023-11-06,ACTIVE
5471,3880,2,20,2024-05-15,CLOSED
5472,3778,4,16,2023-05-15,ACTIVE
5473,2116,1,5,2020-11-15,ACTIVE
5474,2268,4,7,2020-04-10,CLOSED
5475,2268,2,6,2024-08-31,CLOSED
5476,1497,1,2,2022-05-17,ACTIVE
5477,2797,4,7,2023-05-06,ACTIVE
5478,4482,5,9,2019-05-25,ACTIVE
5479,930,1,13,2025-06-10,ACTIVE
5480,3325,1,17,2023-12-13,ACTIVE
5481,4501,1,17,2019-02-13,ACTIVE
5482,4588,4,15,2019-04-17,ACTIVE
5483,357,3,18,2024-07-21,ACTIVE
5484,4311,1,15,2019-05-30,ACTIVE
5485,4065,5,11,2022-07-11,DORMANT
5486,3842,5,12,2019-04-20,DORMANT
5487,3931,2,17,2021-11-07,ACTIVE
5488,4848,3,12,2021-01-19,ACTIVE
5489,827,3,7,2025-04-05,ACTIVE
5490,666,4,7,2020-12-24,ACTIVE
5491,2029,2,10,2019-11-24,ACTIVE
5492,3692,4,16,2021-05-11,ACTIVE
5493,2583,2,11,2022-08-10,ACTIVE
5494,554,3,16,2022-12-07,ACTIVE
5495,328,4,2,2020-04-05,DORMANT
5496,1189,2,2,2022-01-09,DORMANT
5497,150,3,18,2022-07-02,ACTIVE
5498,4753,3,5,2021-01-13,ACTIVE
5499,2854,1,14,2023-01-20,ACTIVE
5500,1937,4,8,2021-06-16,ACTIVE
5501,4389,1,6,2020-03-18,ACTIVE
5502,2737,3,9,2024-01-08,ACTIVE
5503,957,4,6,2021-06-04,ACTIVE
5504,3249,4,17,2022-06-15,ACTIVE
5505,416,5,8,2019-09-18,ACTIVE
5506,3455,2,3,2022-07-20,DORMANT
5507,2646,5,12,2019-10-07,DORMANT
5508,3775,5,13,2024-01-25,ACTIVE
5509,85,3,18,2019-06-01,ACTIVE
5510,1936,2,11,2023-05-16,ACTIVE
5511,1417,5,2,2023-07-30,DORMANT
5512,1071,5,14,2024-08-23,ACTIVE
5513,3413,4,1,2023-03-15,ACTIVE
5514,1522,3,15,2023-04-15,ACTIVE
5515,1502,5,18,2021-08-08,ACTIVE
5516,4092,2,18,2022-09-03,ACTIVE
5517,2474,1,17,2021-01-01,ACTIVE
5518,736,1,1,2019-08-26,ACTIVE
5519,2839,3,14,2020-06-22,ACTIVE
5520,2563,1,20,2021-02-07,ACTIVE
5521,3907,4,16,2024-10-22,ACTIVE
5522,1273,4,4,2022-12-28,DORMANT
5523,4837,2,6,2023-10-01,ACTIVE
5524,1863,3,16,2019-10-23,ACTIVE
5525,4227,3,20,2019-01-14,ACTIVE
5526,1764,1,6,2020-09-03,ACTIVE
5527,4419,5,15,2020-01-30,CLOSED
5528,823,5,1,2019-07-10,ACTIVE
5529,543,5,7,2024-03-12,ACTIVE
5530,2766,2,11,2024-11-23,ACTIVE
5531,2079,3,1,2019-01-07,ACTIVE
5532,885,1,8,2022-01-09,ACTIVE
5533,4287,2,14,2024-07-28,ACTIVE
5534,3650,4,5,2020-10-13,DORMANT
5535,4511,4,13,2022-10-12,DORMANT
5536,3572,4,15,2022-08-27,ACTIVE
5537,3934,3,9,2021-03-12,ACTIVE
5538,3667,4,8,2020-03-24,ACTIVE
5539,1722,5,19,2025-05-21,ACTIVE
5540,375,4,17,2024-10-22,ACTIVE
5541,558,2,19,2024-06-07,ACTIVE
5542,1281,4,18,2019-02-14,CLOSED
5543,3424,5,18,2023-04-02,ACTIVE
5544,1129,4,4,2023-01-20,ACTIVE
5545,1361,1,2,2024-07-15,ACTIVE
5546,3598,5,5,2020-07-28,ACTIVE
5547,1101,3,17,2022-12-01,ACTIVE
5548,1535,4,7,2019-04-03,ACTIVE
5549,2626,2,16,2025-06-27,ACTIVE
5550,4128,4,1,2020-08-26,ACTIVE
5551,1632,2,12,2019-11-23,ACTIVE
5552,58,1,19,2024-02-10,ACTIVE
5553,1128,3,9,2024-01-21,ACTIVE
5554,312,5,16,2020-08-13,ACTIVE
5555,3718,5,7,2022-12-09,DORMANT
5556,2002,3,15,2021-04-30,ACTIVE
5557,2738,1,12,2020-03-15,DORMANT
5558,3878,1,4,2019-11-24,ACTIVE
5559,2283,4,6,2022-07-04,ACTIVE
5560,3184,1,6,2023-07-24,ACTIVE
5561,1432,4,15,2023-04-27,ACTIVE
5562,3126,2,3,2022-01-02,ACTIVE
5563,4898,3,2,2022-06-11,ACTIVE
5564,4335,2,5,2023-03-25,ACTIVE
5565,1776,2,8,2024-03-20,ACTIVE
5566,1319,2,19,2023-04-16,ACTIVE
5567,4208,2,16,2023-12-21,ACTIVE
5568,3160,5,19,2025-03-26,DORMANT
5569,1329,1,16,2022-12-21,ACTIVE
5570,4386,3,6,2024-08-09,ACTIVE
5571,3975,3,1,2021-01-13,DORMANT
5572,4678,2,18,2021-03-21,ACTIVE
5573,4466,3,8,2023-10-19,ACTIVE
5574,220,4,5,2019-06-23,ACTIVE
5575,3303,3,12,2022-01-03,ACTIVE
5576,2867,2,18,2022-01-27,ACTIVE
5577,1897,3,5,2024-08-04,ACTIVE
5578,4445,1,13,2022-06-10,ACTIVE
5579,2303,2,12,2024-12-16,ACTIVE
5580,4548,5,16,2019-08-24,CLOSED
5581,4185,1,14,2024-02-11,DORMANT
5582,4967,3,11,2021-01-11,ACTIVE
5583,3727,5,9,2025-02-15,ACTIVE
5584,2043,1,10,2025-01-24,ACTIVE
5585,523,4,16,2023-08-20,ACTIVE
5586,2708,1,19,2019-10-18,ACTIVE
5587,2999,5,10,2022-11-19,ACTIVE
5588,3922,4,4,2023-02-06,ACTIVE
5589,910,3,8,2024-12-26,ACTIVE
5590,4538,2,11,2022-04-29,ACTIVE
5591,4134,3,6,2024-06-11,ACTIVE
5592,1881,2,4,2020-07-21,ACTIVE
5593,3280,2,5,2023-03-23,ACTIVE
5594,4306,5,18,2021-12-10,ACTIVE
5595,2561,4,3,2025-06-03,ACTIVE
5596,3073,4,7,2025-04-22,ACTIVE
5597,3827,1,12,2019-11-05,ACTIVE
5598,4477,3,3,2024-11-08,ACTIVE
5599,2876,5,17,2025-01-05,ACTIVE
5600,2907,3,3,2020-04-06,ACTIVE
5601,4490,1,11,2020-09-26,ACTIVE
5602,4492,1,6,2020-09-28,ACTIVE
5603,545,5,11,2020-10-07,ACTIVE
5604,3098,1,4,2020-06-01,DORMANT
5605,3626,5,17,2024-04-02,ACTIVE
5606,3506,1,1,2022-10-28,DORMANT
5607,1085,4,12,2019-07-09,ACTIVE
5608,553,5,3,2019-03-20,ACTIVE
5609,1154,4,16,2023-04-20,ACTIVE
5610,3939,4,3,2021-03-26,ACTIVE
5611,2246,5,14,2024-03-20,ACTIVE
5612,1687,3,17,2019-03-13,DORMANT
5613,694,2,19,2024-09-21,ACTIVE
5614,3791,1,7,2021-03-13,ACTIVE
5615,498,1,11,2022-02-03,ACTIVE
5616,2096,3,16,2023-08-22,ACTIVE
5617,613,2,19,2024-08-17,ACTIVE
5618,3968,3,5,2023-12-03,ACTIVE
5619,376,2,1,2024-10-28,ACTIVE
5620,806,5,10,2020-11-19,ACTIVE
5621,921,5,18,2020-07-29,ACTIVE
5622,4971,4,10,2021-06-18,ACTIVE
5623,3605,4,1,2025-05-24,ACTIVE
5624,1444,5,13,2022-02-10,ACTIVE
5625,1546,4,4,2024-03-20,ACTIVE
5626,1211,5,12,2020-12-20,ACTIVE
5627,2081,3,16,2019-08-14,ACTIVE
5628,4688,1,19,2022-09-18,ACTIVE
5629,2149,5,12,2022-12-11,ACTIVE
5630,1509,5,6,2025-05-14,ACTIVE
5631,914,5,16,2020-06-28,ACTIVE
5632,2781,4,12,2024-07-10,ACTIVE
5633,390,4,10,2020-02-23,ACTIVE
5634,4050,4,5,2021-11-17,ACTIVE
5635,4256,4,19,2020-08-31,ACTIVE
5636,4988,3,12,2019-03-28,ACTIVE
5637,3626,5,8,2024-12-07,ACTIVE
5638,1071,3,4,2020-12-13,ACTIVE
5639,4792,4,7,2024-08-24,ACTIVE
5640,4854,3,5,2025-06-10,ACTIVE
5641,2571,5,11,2022-07-01,ACTIVE
5642,3738,5,17,2020-06-03,DORMANT
5643,2780,4,3,2024-05-28,ACTIVE
5644,339,5,2,2020-01-22,ACTIVE
5645,1977,3,19,2019-01-14,ACTIVE
5646,3437,2,2,2019-04-01,CLOSED
5647,795,5,14,2019-01-04,ACTIVE
5648,1723,3,1,2021-03-06,ACTIVE
5649,3220,3,16,2019-08-04,ACTIVE
5650,899,3,15,2022-03-28,ACTIVE
5651,103,5,18,2023-05-22,ACTIVE
5652,2860,2,2,2023-10-24,ACTIVE
5653,4189,4,11,2020-12-04,DORMANT
5654,1448,4,17,2020-12-31,ACTIVE
5655,4215,5,13,2024-08-26,CLOSED
5656,2033,5,12,2023-07-01,ACTIVE
5657,4033,1,2,2023-01-29,ACTIVE
5658,3061,2,18,2023-10-29,ACTIVE
5659,1535,3,10,2022-01-09,ACTIVE
5660,2848,3,12,2025-01-22,ACTIVE
5661,3210,4,17,2025-03-31,ACTIVE
5662,4571,5,14,2025-01-31,DORMANT
5663,3464,2,19,2023-08-23,ACTIVE
5664,435,4,13,2022-10-18,ACTIVE
5665,1258,2,3,2020-11-27,ACTIVE
5666,55,5,8,2022-04-12,ACTIVE
5667,931,3,5,2025-04-04,ACTIVE
5668,2800,1,12,2021-09-14,ACTIVE
5669,312,2,1,2021-10-10,ACTIVE
5670,957,3,16,2022-06-15,ACTIVE
5671,4084,2,12,2023-06-30,ACTIVE
5672,4853,2,17,2020-09-21,ACTIVE
5673,2513,2,9,2022-06-09,ACTIVE
5674,1264,5,13,2020-08-10,ACTIVE
5675,2748,4,4,2023-03-21,ACTIVE
5676,2783,2,4,2021-03-04,ACTIVE
5677,1094,5,15,2022-06-13,ACTIVE
5678,2787,1,10,2023-04-17,CLOSED
5679,2816,4,6,2025-02-02,ACTIVE
5680,3764,5,3,2024-07-13,ACTIVE
5681,4036,1,15,2019-04-29,ACTIVE
5682,4840,4,6,2022-04-28,ACTIVE
5683,2324,5,11,2020-09-05,ACTIVE
5684,233,1,2,2020-04-30,ACTIVE
5685,2102,5,2,2024-06-19,ACTIVE
5686,4353,1,1,2022-01-07,ACTIVE
5687,2029,2,11,2019-11-18,ACTIVE
5688,1930,2,5,2019-05-19,ACTIVE
5689,1459,4,6,2022-07-13,ACTIVE
5690,1649,1,3,2019-08-12,ACTIVE
5691,408,2,20,2020-07-25,ACTIVE
5692,3341,4,5,2023-05-03,ACTIVE
5693,1978,3,20,2021-03-19,ACTIVE
5694,2414,2,9,2021-09-13,ACTIVE
5695,4938,2,19,2024-03-29,ACTIVE
5696,1761,5,5,2021-10-20,ACTIVE
5697,3598,3,12,2023-03-24,ACTIVE
5698,1379,1,12,2022-06-26,ACTIVE
5699,621,4,16,2023-11-15,ACTIVE
5700,930,3,7,2023-08-28,ACTIVE
5701,975,1,14,2025-02-12,ACTIVE
5702,4488,2,9,2019-09-06,ACTIVE
5703,4448,4,15,2023-12-23,ACTIVE
5704,2854,4,11,2021-10-20,ACTIVE
5705,1690,3,4,2025-04-12,ACTIVE
5706,4672,5,11,2024-08-24,ACTIVE
5707,4619,1,9,2021-04-05,ACTIVE
5708,726,3,6,2020-06-20,ACTIVE
5709,162,5,17,2020-05-06,ACTIVE
5710,659,5,9,2024-02-03,ACTIVE
5711,2898,5,6,2025-05-28,ACTIVE
5712,4620,4,6,2024-12-04,ACTIVE
5713,4100,1,4,2020-08-14,ACTIVE
5714,2543,1,20,2023-02-01,ACTIVE
5715,1579,3,11,2021-08-05,ACTIVE
5716,3995,2,3,2023-04-25,ACTIVE
5717,1075,3,18,2020-11-13,ACTIVE
5718,3206,1,16,2020-09-20,ACTIVE
5719,4045,4,16,2023-09-16,ACTIVE
5720,3434,3,12,2020-08-15,ACTIVE
5721,878,2,14,2020-01-22,DORMANT
5722,1092,3,9,2023-05-26,ACTIVE
5723,3060,5,7,2020-10-13,ACTIVE
5724,1675,2,14,2025-02-18,ACTIVE
5725,1609,5,20,2019-04-11,ACTIVE
5726,2827,4,20,2021-12-29,ACTIVE
5727,1218,1,10,2022-04-12,ACTIVE
5728,3053,3,11,2020-03-08,CLOSED
5729,314,3,7,2022-05-23,ACTIVE
5730,730,5,19,2020-06-20,ACTIVE
5731,4040,5,19,2020-08-23,ACTIVE
5732,384,1,11,2023-07-25,ACTIVE
5733,1813,3,6,2019-11-15,ACTIVE
5734,2325,1,8,2025-03-22,ACTIVE
5735,3430,5,1,2021-04-25,ACTIVE
5736,2746,5,8,2024-02-06,ACTIVE
5737,1865,2,5,2023-03-08,CLOSED
5738,3292,5,10,2019-03-12,ACTIVE
5739,4847,5,2,2022-02-26,ACTIVE
5740,228,1,4,2020-03-19,ACTIVE
5741,2065,2,2,2020-08-21,ACTIVE
5742,12,2,15,2020-01-22,ACTIVE
5743,1523,3,20,2024-08-27,ACTIVE
5744,692,4,10,2023-04-28,ACTIVE
5745,3706,3,2,2022-01-04,ACTIVE
5746,1740,3,6,2024-02-13,DORMANT
5747,1526,3,14,2020-07-06,ACTIVE
5748,70,2,5,2024-07-04,ACTIVE
5749,2249,1,2,2022-10-20,ACTIVE
5750,3124,5,14,2019-10-07,ACTIVE
5751,4725,2,13,2021-02-09,ACTIVE
5752,3331,5,2,2023-01-06,ACTIVE
5753,1288,5,9,2021-08-11,ACTIVE
5754,576,4,3,2019-11-25,ACTIVE
5755,2173,3,15,2023-04-09,ACTIVE
5756,4955,4,3,2019-04-19,ACTIVE
5757,745,3,12,2019-12-25,ACTIVE
5758,2528,2,6,2021-08-13,CLOSED
5759,3074,5,19,2019-11-14,ACTIVE
5760,4211,4,17,2019-12-07,ACTIVE
5761,4577,2,6,2022-09-02,DORMANT
5762,1025,2,19,2019-12-15,ACTIVE
5763,942,3,17,2024-09-05,ACTIVE
5764,768,5,16,2020-09-29,DORMANT
5765,2439,3,8,2020-02-05,ACTIVE
5766,834,3,19,2025-06-21,ACTIVE
5767,2191,2,8,2023-05-02,DORMANT
5768,628,3,20,2020-01-03,ACTIVE
5769,377,1,15,2022-10-20,ACTIVE
5770,3887,5,8,2021-06-22,ACTIVE
5771,90,3,3,2022-01-01,ACTIVE
5772,2856,3,16,2019-07-05,DORMANT
5773,1066,4,3,2025-06-24,ACTIVE
5774,1059,5,1,2020-08-16,ACTIVE
5775,3060,5,8,2023-04-15,ACTIVE
5776,4073,3,9,2021-03-03,ACTIVE
5777,2601,1,12,2019-12-21,DORMANT
5778,4220,4,18,2019-04-16,ACTIVE
5779,2105,1,17,2020-02-22,CLOSED
5780,2854,3,8,2020-10-03,ACTIVE
5781,2656,5,20,2025-03-02,ACTIVE
5782,1516,5,11,2020-07-18,ACTIVE
5783,3018,1,7,2022-07-26,DORMANT
5784,4148,2,14,2025-02-14,ACTIVE
5785,1574,3,10,2023-10-17,ACTIVE
5786,2537,5,15,2019-09-15,ACTIVE
5787,3927,2,12,2023-05-15,DORMANT
5788,2053,5,20,2024-10-26,ACTIVE
5789,3797,5,17,2021-11-12,ACTIVE
5790,632,2,8,2025-02-10,ACTIVE
5791,1862,1,14,2023-06-29,DORMANT
5792,3953,3,15,2023-09-08,ACTIVE
5793,1233,2,11,2019-02-18,ACTIVE
5794,2265,2,12,2019-06-17,ACTIVE
5795,2048,5,20,2024-01-28,ACTIVE
5796,536,2,16,2024-08-30,ACTIVE
5797,3534,3,20,2020-01-27,ACTIVE
5798,4826,1,18,2022-02-02,ACTIVE
5799,3098,1,10,2023-07-15,ACTIVE
5800,1276,1,19,2023-09-24,ACTIVE
5801,3074,3,18,2022-12-20,ACTIVE
5802,1026,5,1,2019-08-17,ACTIVE
5803,2052,3,4,2024-07-24,ACTIVE
5804,3622,2,7,2019-12-18,ACTIVE
5805,4564,4,1,2025-03-22,ACTIVE
5806,201,4,8,2019-08-22,ACTIVE
5807,4404,4,17,2019-09-23,ACTIVE
5808,3324,1,8,2021-05-07,ACTIVE
5809,3359,3,5,2025-06-19,CLOSED
5810,2972,3,1,2020-05-13,ACTIVE
5811,4979,1,15,2021-05-26,ACTIVE
5812,586,2,4,2025-03-08,CLOSED
5813,3346,4,7,2019-04-09,ACTIVE
5814,3855,4,14,2023-07-03,ACTIVE
5815,4605,1,12,2022-11-12,ACTIVE
5816,3425,4,3,2020-06-07,ACTIVE
5817,4101,5,20,2024-12-05,ACTIVE
5818,360,3,18,2021-05-05,ACTIVE
5819,3670,4,8,2025-03-06,ACTIVE
5820,4310,4,2,2022-12-03,ACTIVE
5821,3478,5,6,2020-04-25,ACTIVE
5822,4659,2,7,2023-07-24,ACTIVE
5823,2813,2,7,2019-11-25,ACTIVE
5824,45,5,13,2024-05-31,ACTIVE
5825,2751,2,1,2020-02-21,ACTIVE
5826,634,1,8,2025-04-20,ACTIVE
5827,1211,5,13,2021-08-02,CLOSED
5828,1750,3,20,2024-08-14,ACTIVE
5829,3242,3,19,2025-06-08,ACTIVE
5830,2769,3,17,2021-09-06,DORMANT
5831,594,4,13,2023-07-15,ACTIVE
5832,1425,5,16,2022-12-22,ACTIVE
5833,1927,5,15,2022-06-04,ACTIVE
5834,857,2,11,2023-08-05,ACTIVE
5835,552,5,12,2023-05-06,ACTIVE
5836,4139,5,3,2020-01-25,ACTIVE
5837,2889,2,9,2021-04-29,ACTIVE
5838,4275,5,14,2021-03-29,ACTIVE
5839,1481,5,7,2019-01-12,ACTIVE
5840,607,1,11,2024-12-16,ACTIVE
5841,672,2,10,2019-01-11,ACTIVE
5842,3316,1,3,2020-05-04,ACTIVE
5843,17,4,19,2025-05-08,ACTIVE
5844,2874,2,2,2024-08-18,ACTIVE
5845,2595,5,17,2022-02-20,ACTIVE
5846,2485,5,2,2025-05-17,ACTIVE
5847,616,1,16,2021-03-22,ACTIVE
5848,3206,1,17,2019-02-25,ACTIVE
5849,2850,4,10,2020-12-08,ACTIVE
5850,4408,4,4,2021-10-06,ACTIVE
5851,3808,5,11,2019-01-23,ACTIVE
5852,2073,3,17,2021-02-10,ACTIVE
5853,525,4,12,2019-08-19,ACTIVE
5854,3174,5,10,2019-07-29,ACTIVE
5855,1474,4,16,2022-03-31,ACTIVE
5856,2426,2,4,2022-11-01,ACTIVE
5857,4984,1,3,2022-04-08,ACTIVE
5858,3275,5,9,2021-06-17,ACTIVE
5859,3339,4,6,2023-02-06,ACTIVE
5860,2008,1,12,2022-06-04,DORMANT
5861,4558,3,1,2021-05-22,ACTIVE
5862,2413,4,14,2023-04-28,DORMANT
5863,2152,5,10,2020-04-19,ACTIVE
5864,3183,2,18,2019-07-14,ACTIVE
5865,428,1,13,2021-11-01,ACTIVE
5866,4565,1,9,2024-06-29,ACTIVE
5867,1015,2,19,2020-06-12,ACTIVE
5868,1605,5,4,2019-09-28,DORMANT
5869,870,3,3,2023-04-30,ACTIVE
5870,2728,2,6,2024-04-05,ACTIVE
5871,2853,3,9,2024-10-13,ACTIVE
5872,886,5,10,2023-12-27,ACTIVE
5873,2609,4,9,2020-05-04,ACTIVE
5874,1274,4,17,2019-12-28,ACTIVE
5875,4427,5,10,2021-09-21,ACTIVE
5876,1956,3,6,2021-02-07,DORMANT
5877,587,2,16,2021-11-08,ACTIVE
5878,201,5,17,2020-06-28,ACTIVE
5879,4550,5,11,2021-09-05,ACTIVE
5880,3618,4,20,2021-07-20,ACTIVE
5881,826,2,7,2019-04-01,ACTIVE
5882,111,4,4,2024-07-03,ACTIVE
5883,2912,3,10,2019-08-26,ACTIVE
5884,3900,3,14,2022-06-04,ACTIVE
5885,908,1,17,2021-04-30,ACTIVE
5886,3716,5,14,2021-02-15,ACTIVE
5887,3690,2,20,2020-09-25,CLOSED
5888,555,2,13,2022-05-09,DORMANT
5889,1904,4,2,2022-06-02,ACTIVE
5890,107,4,9,2021-09-09,ACTIVE
5891,3337,2,3,2020-10-24,ACTIVE
5892,2535,4,4,2021-09-16,ACTIVE
5893,2227,1,12,2023-06-05,ACTIVE
5894,3294,5,15,2020-02-29,ACTIVE
5895,1394,1,20,2022-12-01,ACTIVE
5896,2685,3,8,2023-06-24,ACTIVE
5897,2836,2,18,2019-04-15,CLOSED
5898,167,1,5,2025-04-18,DORMANT
5899,2711,1,2,2022-01-27,ACTIVE
5900,3625,4,9,2019-06-27,ACTIVE
5901,2348,4,14,2022-07-12,ACTIVE
5902,1405,4,1,2022-03-01,ACTIVE
5903,1526,3,20,2022-05-07,DORMANT
5904,4410,1,4,2020-12-20,ACTIVE
5905,4912,5,17,2020-02-13,ACTIVE
5906,4839,4,10,2025-04-28,DORMANT
5907,2775,3,2,2020-10-15,ACTIVE
5908,826,3,6,2024-12-05,ACTIVE
5909,1125,4,19,2019-11-04,ACTIVE
5910,569,2,9,2020-05-04,ACTIVE
5911,1959,1,19,2022-09-06,ACTIVE
5912,3740,4,19,2020-08-30,ACTIVE
5913,2110,5,9,2023-03-30,ACTIVE
5914,4465,1,3,2019-01-24,DORMANT
5915,4190,3,6,2022-04-30,DORMANT
5916,4095,5,6,2021-01-22,ACTIVE
5917,2931,1,17,2019-12-15,ACTIVE
5918,764,5,13,2019-01-25,ACTIVE
5919,3361,3,13,2021-10-11,ACTIVE
5920,3451,4,7,2020-08-21,ACTIVE
5921,2148,5,9,2023-11-04,ACTIVE
5922,3396,4,18,2021-03-11,ACTIVE
5923,4425,3,1,2021-08-16,ACTIVE
5924,3720,3,20,2023-05-11,ACTIVE
5925,4802,5,13,2021-11-17,ACTIVE
5926,221,5,8,2021-03-01,ACTIVE
5927,1862,3,9,2019-06-21,ACTIVE
5928,2615,5,1,2024-09-16,ACTIVE
5929,1022,5,9,2019-10-26,ACTIVE
5930,110,5,20,2020-10-09,ACTIVE
5931,4245,5,11,2021-01-17,CLOSED
5932,3849,1,20,2023-11-16,ACTIVE
5933,699,3,4,2023-01-15,ACTIVE
5934,108,3,16,2023-02-01,ACTIVE
5935,389,2,14,2022-01-13,ACTIVE
5936,425,4,20,2021-07-14,ACTIVE
5937,2495,2,18,2024-08-22,ACTIVE
5938,2966,5,9,2025-04-25,ACTIVE
5939,2704,5,1,2021-09-06,ACTIVE
5940,2000,1,3,2022-01-28,ACTIVE
5941,3576,1,20,2020-09-07,ACTIVE
5942,1528,1,1,2022-07-08,ACTIVE
5943,4054,1,3,2025-05-14,ACTIVE
5944,2027,1,14,2021-08-11,DORMANT
5945,2369,1,14,2023-06-12,ACTIVE
5946,2767,1,13,2023-03-21,DORMANT
5947,1856,1,1,2022-02-14,ACTIVE
5948,447,1,15,2020-05-13,ACTIVE
5949,1598,3,20,2025-03-02,ACTIVE
5950,210,1,7,2020-08-09,ACTIVE
5951,849,4,16,2022-01-08,ACTIVE
5952,1652,1,20,2023-10-19,ACTIVE
5953,1917,5,1,2020-09-05,ACTIVE
5954,3530,5,15,2020-10-05,ACTIVE
5955,1919,1,20,2019-02-27,ACTIVE
5956,577,1,15,2022-02-09,DORMANT
5957,689,5,19,2020-08-19,ACTIVE
5958,790,4,6,2024-01-24,ACTIVE
5959,1356,2,6,2025-06-20,ACTIVE
5960,1688,3,1,2019-06-11,ACTIVE
5961,350,5,16,2023-12-27,ACTIVE
5962,2718,1,18,2024-05-27,ACTIVE
5963,3540,3,13,2019-11-20,ACTIVE
5964,4522,1,12,2021-06-17,DORMANT
5965,4423,2,18,2021-01-29,CLOSED
5966,1130,2,10,2020-05-16,DORMANT
5967,4351,5,14,2019-02-26,CLOSED
5968,4540,3,20,2022-04-03,ACTIVE
5969,4209,3,11,2025-06-02,ACTIVE
5970,4785,2,18,2021-10-24,ACTIVE
5971,991,1,12,2021-03-17,ACTIVE
5972,1874,5,17,2024-03-15,ACTIVE
5973,4142,4,3,2022-02-03,ACTIVE
5974,4853,2,1,2020-09-11,ACTIVE
5975,1377,2,1,2021-02-17,ACTIVE
5976,1227,5,6,2021-02-17,ACTIVE
5977,564,1,19,2019-06-15,ACTIVE
5978,2888,3,4,2022-07-01,ACTIVE
5979,1341,2,13,2020-10-27,ACTIVE
5980,3738,5,12,2019-05-08,DORMANT
5981,1438,5,8,2019-03-17,ACTIVE
5982,95,5,20,2021-06-05,ACTIVE
5983,3297,3,7,2022-05-29,ACTIVE
5984,949,2,7,2020-09-26,ACTIVE
5985,4649,5,7,2023-06-30,ACTIVE
5986,2693,3,14,2020-09-06,ACTIVE
5987,4162,1,18,2021-09-12,DORMANT
5988,3282,4,19,2022-03-02,ACTIVE
5989,1498,2,20,2020-03-16,DORMANT
5990,4761,3,19,2023-04-07,DORMANT
5991,2732,4,18,2019-09-01,ACTIVE
5992,2744,4,6,2021-02-06,DORMANT
5993,4276,3,16,2020-02-19,ACTIVE
5994,2882,3,3,2019-09-06,ACTIVE
5995,202,3,2,2025-04-19,ACTIVE
5996,1499,5,15,2021-05-11,DORMANT
5997,3087,1,20,2023-12-01,ACTIVE
5998,3114,5,11,2021-03-29,DORMANT
5999,2591,4,19,2021-05-11,ACTIVE
6000,1949,4,18,2019-07-29,ACTIVE
6001,3605,4,11,2024-07-19,ACTIVE
6002,3964,3,3,2024-11-27,ACTIVE
6003,694,2,4,2024-12-29,ACTIVE
6004,1720,5,6,2020-11-06,ACTIVE
6005,3934,2,12,2024-11-04,DORMANT
6006,3733,1,4,2024-12-27,DORMANT
6007,2660,1,12,2022-09-17,ACTIVE
6008,1722,5,4,2019-01-26,ACTIVE
6009,4052,4,2,2023-07-09,ACTIVE
6010,2292,1,12,2019-12-28,ACTIVE
6011,4200,2,13,2024-03-09,CLOSED
6012,2699,2,16,2023-08-10,ACTIVE
6013,3375,3,4,2019-12-26,ACTIVE
6014,1011,4,8,2024-05-20,CLOSED
6015,1042,3,5,2021-09-22,ACTIVE
6016,1558,5,14,2019-03-18,ACTIVE
6017,1208,1,15,2024-11-12,ACTIVE
6018,1681,3,11,2021-08-14,CLOSED
6019,3622,3,10,2019-08-06,ACTIVE
6020,3353,5,10,2024-09-30,ACTIVE
6021,1679,2,6,2023-01-07,ACTIVE
6022,3597,2,16,2020-11-17,ACTIVE
6023,2746,5,4,2019-02-02,ACTIVE
6024,3546,2,9,2020-02-29,ACTIVE
6025,2994,5,10,2021-02-25,ACTIVE
6026,781,2,5,2021-01-08,DORMANT
6027,946,5,10,2021-02-05,DORMANT
6028,3429,2,16,2023-12-23,ACTIVE
6029,3099,3,11,2023-11-07,ACTIVE
6030,548,3,6,2022-10-09,ACTIVE
6031,2208,2,7,2019-07-18,ACTIVE
6032,2985,5,12,2020-12-15,DORMANT
6033,2591,3,13,2019-10-15,ACTIVE
6034,2175,1,17,2024-07-17,ACTIVE
6035,1798,2,9,2021-03-21,ACTIVE
6036,1881,1,8,2024-07-23,ACTIVE
6037,3057,1,16,2021-07-05,ACTIVE
6038,2258,4,3,2024-04-21,ACTIVE
6039,2198,1,5,2023-11-21,ACTIVE
6040,31,1,13,2024-05-26,ACTIVE
6041,612,4,18,2020-12-17,CLOSED
6042,4398,4,16,2021-04-04,DORMANT
6043,3011,4,14,2023-09-24,ACTIVE
6044,2913,5,11,2021-10-22,ACTIVE
6045,3803,4,18,2025-02-10,ACTIVE
6046,2813,5,8,2023-05-04,ACTIVE
6047,683,2,12,2021-02-01,ACTIVE
6048,257,5,19,2019-01-22,ACTIVE
6049,940,2,20,2025-03-09,ACTIVE
6050,2895,4,2,2020-04-10,ACTIVE
6051,3186,4,9,2019-06-21,CLOSED
6052,777,2,9,2021-03-07,ACTIVE
6053,2733,3,14,2023-03-22,ACTIVE
6054,732,5,15,2019-09-01,ACTIVE
6055,2043,1,11,2020-02-25,ACTIVE
6056,970,4,13,2019-12-07,ACTIVE
6057,103,5,5,2024-06-06,ACTIVE
6058,1084,5,6,2019-05-03,ACTIVE
6059,4863,4,5,2021-05-21,ACTIVE
6060,3071,2,1,2020-03-09,DORMANT
6061,3749,4,18,2025-02-13,ACTIVE
6062,372,5,8,2021-11-03,DORMANT
6063,679,3,17,2019-03-11,ACTIVE
6064,202,2,11,2020-10-12,ACTIVE
6065,89,4,11,2025-06-23,ACTIVE
6066,1997,1,3,2023-06-04,ACTIVE
6067,4495,4,8,2024-03-23,ACTIVE
6068,188,5,8,2019-08-15,ACTIVE
6069,4748,5,3,2022-11-06,ACTIVE
6070,1555,1,10,2024-07-31,ACTIVE
6071,4683,2,19,2025-02-05,ACTIVE
6072,230,5,14,2020-06-19,ACTIVE
6073,3553,2,18,2022-01-27,ACTIVE
6074,55,2,3,2019-09-27,ACTIVE
6075,4367,4,20,2022-01-22,DORMANT
6076,4032,2,14,2023-12-21,DORMANT
6077,1124,5,11,2020-10-20,ACTIVE
6078,3141,5,10,2025-05-21,DORMANT
6079,3371,3,14,2024-08-11,ACTIVE
6080,1553,2,1,2024-11-20,ACTIVE
6081,116,3,16,2024-06-19,DORMANT
6082,3614,4,6,2024-01-04,ACTIVE
6083,4419,3,18,2025-05-10,ACTIVE
6084,2611,2,16,2022-03-12,DORMANT
6085,360,5,19,2021-06-14,CLOSED
6086,28,4,16,2023-02-15,ACTIVE
6087,3838,2,5,2024-05-25,CLOSED
6088,3534,4,12,2019-01-17,ACTIVE
6089,1419,1,6,2024-03-18,ACTIVE
6090,4040,2,2,2023-06-01,ACTIVE
6091,2917,1,16,2022-07-25,CLOSED
6092,1295,3,11,2020-03-11,ACTIVE
6093,3630,2,12,2024-06-27,DORMANT
6094,2076,1,11,2021-05-07,CLOSED
6095,4840,5,20,2022-03-01,DORMANT
6096,3678,3,19,2019-09-20,ACTIVE
6097,3154,2,8,2024-04-29,ACTIVE
6098,1779,2,18,2025-03-05,ACTIVE
6099,4676,5,5,2021-03-18,ACTIVE
6100,3895,5,12,2019-12-24,CLOSED
6101,2499,1,10,2022-06-28,ACTIVE
6102,4529,1,15,2020-01-11,ACTIVE
6103,374,1,5,2021-09-15,ACTIVE
6104,2266,4,17,2019-01-18,ACTIVE
6105,1132,3,4,2023-10-05,ACTIVE
6106,1843,2,12,2021-10-22,DORMANT
6107,1574,3,18,2021-07-02,CLOSED
6108,4445,5,8,2020-07-19,ACTIVE
6109,788,3,20,2022-09-14,ACTIVE
6110,1546,3,17,2023-01-11,ACTIVE
6111,4122,1,8,2022-06-29,ACTIVE
6112,4955,5,13,2020-09-03,DORMANT
6113,370,3,3,2021-11-28,ACTIVE
6114,4980,2,3,2020-03-11,ACTIVE
6115,4375,1,7,2020-10-09,DORMANT
6116,1703,3,18,2019-03-24,ACTIVE
6117,1658,5,7,2023-11-25,ACTIVE
6118,1929,2,2,2023-09-28,ACTIVE
6119,4056,5,7,2021-11-16,ACTIVE
6120,607,5,2,2023-06-01,DORMANT
6121,2577,5,7,2019-01-21,ACTIVE
6122,4125,4,14,2022-05-26,ACTIVE
6123,323,2,15,2021-12-04,ACTIVE
6124,1877,5,16,2021-08-11,ACTIVE
6125,584,4,8,2022-12-01,ACTIVE
6126,2810,1,16,2021-03-08,ACTIVE
6127,656,4,7,2020-10-17,ACTIVE
6128,4882,1,11,2021-02-01,ACTIVE
6129,223,4,4,2020-09-09,ACTIVE
6130,2123,5,18,2020-12-11,ACTIVE
6131,2221,4,13,2019-12-03,ACTIVE
6132,3551,4,17,2022-12-05,ACTIVE
6133,2443,5,12,2021-02-06,ACTIVE
6134,4929,1,18,2023-02-14,DORMANT
6135,3986,5,10,2023-06-15,ACTIVE
6136,167,2,7,2021-10-17,ACTIVE
6137,2017,4,12,2021-12-13,ACTIVE
6138,118,2,12,2023-11-11,ACTIVE
6139,1810,5,13,2022-04-28,ACTIVE
6140,2207,5,1,2024-03-05,DORMANT
6141,1251,3,7,2023-06-15,ACTIVE
6142,4007,2,16,2019-07-08,ACTIVE
6143,3110,3,16,2023-11-24,ACTIVE
6144,4559,2,16,2023-04-21,ACTIVE
6145,1672,3,16,2021-05-19,ACTIVE
6146,2152,3,14,2023-05-11,ACTIVE
6147,2298,2,11,2022-08-29,ACTIVE
6148,1037,5,19,2022-04-07,ACTIVE
6149,2615,1,11,2024-12-18,ACTIVE
6150,1880,5,2,2020-11-08,ACTIVE
6151,597,1,7,2021-08-06,DORMANT
6152,621,2,9,2023-05-07,ACTIVE
6153,71,4,9,2019-06-01,ACTIVE
6154,1804,5,14,2021-07-10,ACTIVE
6155,4534,3,10,2022-02-02,ACTIVE
6156,1068,5,16,2022-01-20,ACTIVE
6157,1926,2,18,2020-12-13,ACTIVE
6158,1038,4,1,2021-03-15,ACTIVE
6159,3443,4,2,2024-03-23,ACTIVE
6160,3184,5,20,2020-03-07,ACTIVE
6161,1403,5,4,2023-05-22,ACTIVE
6162,2362,5,2,2022-08-21,ACTIVE
6163,1439,2,4,2019-01-28,ACTIVE
6164,3812,1,6,2022-08-04,DORMANT
6165,485,1,4,2019-12-21,ACTIVE
6166,4265,3,18,2024-02-06,ACTIVE
6167,4899,2,5,2024-06-27,ACTIVE
6168,246,4,11,2024-12-23,DORMANT
6169,4945,3,13,2019-06-03,ACTIVE
6170,3372,4,3,2023-01-26,ACTIVE
6171,1351,4,19,2021-03-26,ACTIVE
6172,530,5,20,2022-01-24,ACTIVE
6173,4943,4,11,2024-11-25,ACTIVE
6174,3815,4,11,2021-12-05,ACTIVE
6175,1789,2,2,2022-04-24,ACTIVE
6176,1703,5,15,2020-03-29,ACTIVE
6177,3626,5,8,2025-06-28,DORMANT
6178,3321,3,2,2025-05-21,CLOSED
6179,760,5,8,2022-01-11,ACTIVE
6180,1404,1,20,2022-09-12,ACTIVE
6181,798,2,15,2020-03-24,ACTIVE
6182,532,3,16,2019-11-17,ACTIVE
6183,1918,1,13,2022-03-14,ACTIVE
6184,4960,4,17,2019-10-05,ACTIVE
6185,4138,1,14,2021-11-03,ACTIVE
6186,3417,3,14,2020-02-18,DORMANT
6187,599,5,1,2019-02-16,ACTIVE
6188,306,2,1,2024-04-23,DORMANT
6189,4905,3,3,2020-10-17,ACTIVE
6190,2910,1,15,2023-03-24,ACTIVE
6191,679,1,5,2022-09-09,ACTIVE
6192,3385,3,5,2023-12-31,DORMANT
6193,731,3,4,2022-08-09,DORMANT
6194,2026,3,14,2022-01-12,ACTIVE
6195,4999,5,20,2022-10-28,ACTIVE
6196,4229,3,7,2021-06-27,ACTIVE
6197,2767,4,15,2025-06-30,ACTIVE
6198,2099,2,11,2019-11-12,CLOSED
6199,392,2,14,2024-05-21,CLOSED
6200,2744,4,6,2019-08-09,ACTIVE
6201,3785,1,10,2024-04-29,ACTIVE
6202,3838,1,7,2025-03-11,ACTIVE
6203,4604,1,10,2021-04-24,ACTIVE
6204,1686,1,14,2023-02-23,ACTIVE
6205,2915,5,5,2022-01-13,ACTIVE
6206,1419,4,1,2021-10-24,ACTIVE
6207,4192,2,19,2023-09-27,ACTIVE
6208,4202,4,8,2022-05-23,ACTIVE
6209,4091,2,19,2022-09-21,ACTIVE
6210,3727,1,17,2022-04-05,ACTIVE
6211,4774,5,19,2019-10-14,ACTIVE
6212,3630,3,16,2024-04-27,ACTIVE
6213,3314,3,4,2024-12-14,CLOSED
6214,4952,1,8,2022-12-27,ACTIVE
6215,4886,1,4,2022-01-14,ACTIVE
6216,4611,4,13,2023-06-10,ACTIVE
6217,1085,5,7,2024-04-14,ACTIVE
6218,1008,5,1,2024-06-16,ACTIVE
6219,1318,4,9,2020-09-14,ACTIVE
6220,2350,5,4,2025-05-26,ACTIVE
6221,2694,5,14,2024-04-14,DORMANT
6222,2279,3,9,2022-06-12,ACTIVE
6223,3723,5,3,2025-01-13,ACTIVE
6224,3694,1,15,2020-02-10,ACTIVE
6225,4393,3,5,2023-03-09,ACTIVE
6226,4551,1,1,2023-10-02,ACTIVE
6227,4336,1,11,2024-05-22,ACTIVE
6228,3248,4,19,2024-07-16,ACTIVE
6229,3135,5,5,2021-05-26,ACTIVE
6230,2599,5,17,2025-02-22,ACTIVE
6231,2186,5,19,2025-05-21,ACTIVE
6232,4053,5,17,2019-11-04,ACTIVE
6233,4550,3,5,2019-12-11,ACTIVE
6234,3825,2,20,2024-03-28,ACTIVE
6235,3521,1,9,2021-02-23,ACTIVE
6236,1250,2,6,2023-01-27,ACTIVE
6237,2075,2,13,2021-03-06,CLOSED
6238,2505,2,11,2022-02-12,ACTIVE
6239,4791,3,1,2020-03-25,ACTIVE
6240,4806,2,17,2022-11-28,ACTIVE
6241,2015,3,6,2025-03-26,ACTIVE
6242,4945,4,3,2023-07-28,ACTIVE
6243,949,4,16,2019-09-01,ACTIVE
6244,107,4,13,2024-10-13,ACTIVE
6245,2492,3,12,2021-08-03,ACTIVE
6246,4693,3,11,2024-06-06,ACTIVE
6247,155,1,2,2021-10-23,ACTIVE
6248,3241,2,19,2023-03-04,ACTIVE
6249,796,5,8,2024-08-12,ACTIVE
6250,4368,5,13,2019-05-23,ACTIVE
6251,1571,2,14,2023-11-19,ACTIVE
6252,1635,5,15,2021-12-15,ACTIVE
6253,1939,5,17,2019-03-02,ACTIVE
6254,1533,5,15,2024-10-16,ACTIVE
6255,3029,3,10,2019-03-20,DORMANT
6256,4218,3,1,2021-08-15,ACTIVE
6257,1441,3,12,2020-01-25,ACTIVE
6258,1399,2,9,2020-06-04,ACTIVE
6259,3647,4,5,2023-08-03,CLOSED
6260,3398,5,15,2023-11-13,ACTIVE
6261,4246,1,3,2019-09-10,ACTIVE
6262,4803,3,19,2023-09-11,ACTIVE
6263,3043,1,7,2024-08-12,ACTIVE
6264,1616,5,7,2020-11-26,ACTIVE
6265,1514,4,7,2024-09-24,DORMANT
6266,2599,1,2,2024-01-02,ACTIVE
6267,845,5,2,2020-10-14,DORMANT
6268,3420,5,12,2023-02-14,ACTIVE
6269,3531,3,5,2020-02-22,ACTIVE
6270,2328,4,4,2021-09-28,ACTIVE
6271,3041,5,7,2020-07-12,DORMANT
6272,1977,4,16,2021-07-19,ACTIVE
6273,1836,3,3,2022-07-22,ACTIVE
6274,4900,1,2,2020-08-17,ACTIVE
6275,355,2,17,2022-01-25,ACTIVE
6276,1606,2,9,2021-12-31,ACTIVE
6277,4474,2,20,2025-03-14,CLOSED
6278,3196,4,8,2019-08-04,DORMANT
6279,2128,2,12,2024-05-17,ACTIVE
6280,988,1,7,2024-11-18,DORMANT
6281,4329,5,14,2020-04-14,ACTIVE
6282,154,4,16,2019-06-29,ACTIVE
6283,907,1,1,2023-01-23,ACTIVE
6284,3764,4,10,2020-01-12,ACTIVE
6285,1621,4,11,2024-01-02,DORMANT
6286,3629,4,7,2023-10-23,ACTIVE
6287,3575,3,18,2025-05-16,ACTIVE
6288,4419,5,19,2023-02-11,ACTIVE
6289,332,2,14,2022-05-07,ACTIVE
6290,4339,3,17,2021-04-28,ACTIVE
6291,430,5,19,2021-01-22,ACTIVE
6292,2424,2,13,2019-09-07,ACTIVE
6293,81,3,3,2020-10-02,ACTIVE
6294,1574,3,2,2021-06-08,ACTIVE
6295,420,1,9,2023-02-14,DORMANT
6296,467,3,7,2021-02-09,ACTIVE
6297,3394,4,14,2024-01-02,ACTIVE
6298,1566,3,5,2024-05-24,ACTIVE
6299,1519,4,20,2020-04-25,ACTIVE
6300,4031,5,15,2023-10-23,DORMANT
6301,2036,5,20,2023-11-12,ACTIVE
6302,804,4,1,2020-04-29,ACTIVE
6303,1078,1,20,2025-04-23,ACTIVE
6304,1633,1,7,2024-09-05,ACTIVE
6305,1985,5,5,2021-12-21,DORMANT
6306,4,3,4,2024-07-10,CLOSED
6307,603,5,11,2019-08-21,CLOSED
6308,2368,5,19,2023-01-27,ACTIVE
6309,3676,4,6,2019-12-15,ACTIVE
6310,501,1,20,2020-02-18,DORMANT
6311,185,4,18,2023-09-07,ACTIVE
6312,3510,5,5,2022-08-06,ACTIVE
6313,3252,2,20,2021-10-06,DORMANT
6314,3148,3,15,2019-10-14,ACTIVE
6315,2941,5,20,2025-06-12,ACTIVE
6316,1296,4,6,2021-02-20,ACTIVE
6317,55,2,4,2019-12-23,CLOSED
6318,1725,2,17,2024-12-26,ACTIVE
6319,2911,5,15,2023-03-15,ACTIVE
6320,1871,1,18,2023-04-14,ACTIVE
6321,4173,2,6,2022-04-21,DORMANT
6322,2344,3,20,2020-02-27,ACTIVE
6323,3291,4,19,2020-02-01,ACTIVE
6324,3349,4,12,2019-11-01,ACTIVE
6325,1602,4,9,2021-11-08,ACTIVE
6326,2794,5,8,2024-06-09,ACTIVE
6327,3338,4,15,2025-03-23,ACTIVE
6328,2091,4,1,2022-06-07,ACTIVE
6329,1252,3,2,2021-04-30,DORMANT
6330,171,1,3,2023-06-20,ACTIVE
6331,2810,5,19,2020-05-09,ACTIVE
6332,2355,5,10,2022-04-20,ACTIVE
6333,1774,4,14,2020-05-19,ACTIVE
6334,3755,3,19,2020-08-29,ACTIVE
6335,3992,2,11,2022-11-13,ACTIVE
6336,2082,4,6,2022-08-09,ACTIVE
6337,827,4,19,2022-03-07,ACTIVE
6338,1666,5,14,2023-04-29,ACTIVE
6339,130,5,8,2023-10-28,DORMANT
6340,1418,4,2,2022-09-30,ACTIVE
6341,3788,5,18,2019-02-06,DORMANT
6342,1408,3,4,2019-11-10,ACTIVE
6343,594,2,3,2019-08-08,ACTIVE
6344,1038,2,2,2022-11-28,ACTIVE
6345,2129,2,4,2023-09-15,DORMANT
6346,3279,4,18,2024-04-16,ACTIVE
6347,4300,4,11,2020-02-08,ACTIVE
6348,23,4,9,2020-04-23,ACTIVE
6349,1634,3,8,2021-04-03,DORMANT
6350,4002,2,8,2019-08-08,CLOSED
6351,4200,5,5,2022-05-04,ACTIVE
6352,1406,5,13,2021-09-10,ACTIVE
6353,1479,1,7,2020-11-14,ACTIVE
6354,1195,1,5,2023-09-07,CLOSED
6355,576,5,13,2024-05-23,ACTIVE
6356,1607,2,20,2023-10-26,ACTIVE
6357,4370,4,16,2021-09-30,ACTIVE
6358,452,5,14,2025-03-31,ACTIVE
6359,125,5,5,2021-04-08,CLOSED
6360,3455,1,19,2021-01-12,ACTIVE
6361,2365,2,4,2022-02-07,ACTIVE
6362,1867,5,11,2022-01-28,DORMANT
6363,1684,4,2,2023-10-02,DORMANT
6364,907,4,13,2022-05-19,ACTIVE
6365,3535,3,16,2024-02-04,ACTIVE
6366,430,4,9,2020-11-05,ACTIVE
6367,2752,5,16,2022-11-18,ACTIVE
6368,3826,5,7,2025-04-24,ACTIVE
6369,362,4,16,2022-06-22,ACTIVE
6370,4892,1,13,2021-09-28,DORMANT
6371,432,2,5,2020-09-15,DORMANT
6372,2723,5,15,2019-04-09,ACTIVE
6373,4955,4,7,2022-01-31,ACTIVE
6374,3062,4,18,2024-08-21,ACTIVE
6375,3224,5,20,2024-03-31,DORMANT
6376,1631,3,2,2022-06-03,ACTIVE
6377,4672,2,8,2019-06-28,ACTIVE
6378,4989,5,10,2025-01-08,ACTIVE
6379,270,4,10,2021-04-14,ACTIVE
6380,1124,3,11,2020-08-04,ACTIVE
6381,3177,5,8,2022-10-08,ACTIVE
6382,3393,2,16,2022-12-11,ACTIVE
6383,4534,3,16,2023-06-17,ACTIVE
6384,1043,4,17,2023-05-13,ACTIVE
6385,1642,1,6,2019-07-15,ACTIVE
6386,2442,2,18,2025-06-30,ACTIVE
6387,3298,3,17,2025-03-05,ACTIVE
6388,1384,5,12,2021-07-24,ACTIVE
6389,3997,5,15,2022-08-15,ACTIVE
6390,15,3,7,2021-08-14,ACTIVE
6391,1675,5,14,2021-12-21,ACTIVE
6392,3618,3,4,2020-07-20,ACTIVE
6393,1481,2,17,2022-01-06,DORMANT
6394,1746,5,11,2021-06-05,ACTIVE
6395,3047,2,6,2019-10-11,ACTIVE
6396,4211,4,10,2021-12-16,DORMANT
6397,976,4,15,2020-01-11,ACTIVE
6398,1686,4,6,2021-02-26,ACTIVE
6399,2084,4,16,2020-01-08,ACTIVE
6400,2290,5,12,2021-05-06,ACTIVE
6401,1687,3,19,2023-08-26,ACTIVE
6402,4159,5,16,2025-04-10,ACTIVE
6403,509,5,14,2024-11-03,ACTIVE
6404,188,2,6,2019-04-09,CLOSED
6405,2783,3,9,2023-02-27,ACTIVE
6406,4189,1,1,2024-04-13,ACTIVE
6407,4101,1,8,2022-05-16,ACTIVE
6408,3510,3,7,2020-09-16,ACTIVE
6409,3518,1,14,2019-03-24,ACTIVE
6410,2073,3,8,2023-05-20,ACTIVE
6411,98,2,11,2019-01-01,ACTIVE
6412,1292,2,9,2020-11-16,ACTIVE
6413,3465,5,19,2019-09-07,ACTIVE
6414,1788,1,7,2020-02-14,ACTIVE
6415,684,3,6,2022-11-10,ACTIVE
6416,1133,2,18,2022-01-12,ACTIVE
6417,4123,5,5,2020-05-04,ACTIVE
6418,3205,1,19,2025-04-05,ACTIVE
6419,3124,1,11,2021-03-09,ACTIVE
6420,3837,1,5,2021-07-31,ACTIVE
6421,4877,2,9,2023-02-12,ACTIVE
6422,1615,2,8,2024-06-17,DORMANT
6423,1042,1,11,2022-08-20,ACTIVE
6424,2866,2,6,2020-11-25,ACTIVE
6425,855,1,15,2019-05-15,CLOSED
6426,2027,4,6,2023-01-31,ACTIVE
6427,1988,2,11,2019-07-05,ACTIVE
6428,2551,3,15,2020-04-22,DORMANT
6429,240,2,12,2019-01-01,CLOSED
6430,490,1,9,2023-08-13,ACTIVE
6431,3852,3,10,2021-09-18,ACTIVE
6432,1037,5,15,2019-09-27,ACTIVE
6433,1339,3,17,2019-07-14,ACTIVE
6434,4781,3,16,2025-04-21,ACTIVE
6435,3270,2,8,2019-03-20,ACTIVE
6436,2555,3,17,2022-01-26,ACTIVE
6437,3501,3,11,2021-02-24,ACTIVE
6438,3863,1,11,2020-03-22,ACTIVE
6439,1768,2,6,2019-05-03,ACTIVE
6440,4709,1,2,2023-06-22,ACTIVE
6441,162,2,1,2023-05-01,ACTIVE
6442,656,5,20,2019-12-25,ACTIVE
6443,3007,3,6,2025-04-05,ACTIVE
6444,4717,2,5,2023-11-01,ACTIVE
6445,3507,3,9,2021-03-15,ACTIVE
6446,1257,3,5,2023-11-15,ACTIVE
6447,2159,4,18,2023-04-03,ACTIVE
6448,1952,1,19,2024-03-10,ACTIVE
6449,750,2,15,2020-10-30,ACTIVE
6450,709,5,15,2025-03-01,ACTIVE
6451,1622,4,9,2019-05-23,ACTIVE
6452,4137,1,14,2025-02-12,ACTIVE
6453,4656,5,5,2024-12-09,ACTIVE
6454,466,5,17,2022-01-28,ACTIVE
6455,3996,3,15,2019-10-11,ACTIVE
6456,1101,1,20,2020-01-19,ACTIVE
6457,1714,4,17,2023-04-28,ACTIVE
6458,4586,2,9,2019-07-06,ACTIVE
6459,117,2,13,2020-09-15,ACTIVE
6460,2482,4,13,2020-06-28,DORMANT
6461,196,3,5,2021-07-02,ACTIVE
6462,4715,3,14,2024-11-07,ACTIVE
6463,1475,5,7,2021-08-17,ACTIVE
6464,2473,1,5,2023-10-14,ACTIVE
6465,4130,5,12,2024-12-03,ACTIVE
6466,3055,2,3,2021-11-09,CLOSED
6467,1275,4,9,2024-12-19,ACTIVE
6468,3710,1,10,2022-08-08,ACTIVE
6469,339,4,1,2024-07-30,DORMANT
6470,3512,1,14,2022-10-09,ACTIVE
6471,4276,2,1,2023-06-01,ACTIVE
6472,4718,2,10,2019-08-11,ACTIVE
6473,3300,1,11,2020-03-11,ACTIVE
6474,1657,3,20,2023-07-20,ACTIVE
6475,643,1,2,2019-11-23,ACTIVE
6476,1681,2,2,2022-05-17,ACTIVE
6477,1351,4,11,2024-11-23,ACTIVE
6478,619,5,8,2020-07-20,ACTIVE
6479,1170,4,3,2024-08-04,DORMANT
6480,252,2,9,2020-09-21,ACTIVE
6481,302,4,16,2022-10-09,ACTIVE
6482,3142,3,16,2020-12-25,ACTIVE
6483,1567,3,10,2019-09-22,ACTIVE
6484,3165,1,6,2023-01-27,DORMANT
6485,3958,4,20,2023-01-04,ACTIVE
6486,2211,4,20,2022-07-31,ACTIVE
6487,3153,2,20,2024-05-08,ACTIVE
6488,3660,1,11,2020-11-29,ACTIVE
6489,612,1,8,2023-10-09,ACTIVE
6490,1944,4,20,2023-02-27,ACTIVE
6491,74,5,1,2019-06-03,ACTIVE
6492,2874,4,6,2025-06-21,ACTIVE
6493,4638,4,8,2022-08-16,ACTIVE
6494,157,4,14,2021-03-21,DORMANT
6495,3559,3,3,2019-05-31,ACTIVE
6496,256,1,2,2025-01-31,ACTIVE
6497,3111,3,1,2021-12-14,ACTIVE
6498,1052,5,11,2021-02-17,ACTIVE
6499,2418,2,6,2022-08-27,ACTIVE
6500,2257,5,8,2019-06-03,ACTIVE
6501,2635,1,7,2024-07-12,ACTIVE
6502,2897,2,6,2020-05-15,ACTIVE
6503,1892,5,18,2019-05-29,ACTIVE
6504,3684,1,12,2019-01-08,ACTIVE
6505,4412,5,8,2023-08-11,DORMANT
6506,3465,2,19,2023-09-05,DORMANT
6507,2492,2,5,2020-08-15,ACTIVE
6508,3740,5,19,2020-04-13,ACTIVE
6509,1776,3,9,2025-06-26,ACTIVE
6510,3937,5,12,2020-03-26,ACTIVE
6511,1971,5,15,2024-01-22,ACTIVE
6512,3720,5,13,2019-05-08,DORMANT
6513,3954,3,13,2021-05-02,ACTIVE
6514,2493,4,5,2019-03-28,ACTIVE
6515,4666,2,2,2022-01-09,ACTIVE
6516,649,1,19,2020-06-17,ACTIVE
6517,1641,2,8,2025-02-15,ACTIVE
6518,4435,2,14,2021-04-03,ACTIVE
6519,529,4,6,2023-02-16,CLOSED
6520,2102,2,7,2020-01-14,DORMANT
6521,419,2,14,2020-03-31,ACTIVE
6522,2353,3,6,2024-03-17,ACTIVE
6523,3510,3,16,2019-11-14,ACTIVE
6524,85,3,4,2019-08-18,ACTIVE
6525,2300,3,7,2020-05-22,ACTIVE
6526,1752,3,16,2021-02-28,ACTIVE
6527,4222,1,4,2023-03-31,ACTIVE
6528,2658,4,7,2023-02-07,ACTIVE
6529,3976,5,2,2021-07-12,ACTIVE
6530,2352,3,8,2021-01-29,ACTIVE
6531,3100,4,10,2023-11-26,ACTIVE
6532,1290,5,2,2020-03-21,ACTIVE
6533,3124,2,6,2022-09-28,CLOSED
6534,2703,2,4,2019-11-21,ACTIVE
6535,644,4,1,2021-05-26,ACTIVE
6536,2906,1,6,2019-06-16,ACTIVE
6537,4068,1,12,2020-08-03,ACTIVE
6538,4064,4,14,2021-04-18,ACTIVE
6539,4670,1,15,2023-05-19,ACTIVE
6540,2923,1,18,2023-12-05,ACTIVE
6541,2022,2,17,2024-02-06,ACTIVE
6542,3625,1,9,2022-01-14,CLOSED
6543,2871,1,15,2022-03-18,ACTIVE
6544,3119,4,18,2021-02-10,ACTIVE
6545,137,1,18,2021-07-16,ACTIVE
6546,4226,3,5,2021-08-13,ACTIVE
6547,1219,3,16,2024-10-07,DORMANT
6548,1018,4,9,2020-08-28,ACTIVE
6549,3701,3,3,2019-01-05,ACTIVE
6550,4528,2,12,2024-10-31,ACTIVE
6551,3141,4,14,2023-02-11,ACTIVE
6552,3530,1,1,2021-09-28,DORMANT
6553,2588,3,9,2020-02-18,ACTIVE
6554,2383,2,9,2020-12-15,ACTIVE
6555,2606,4,20,2025-02-05,ACTIVE
6556,3088,4,13,2024-01-07,ACTIVE
6557,3528,1,8,2024-07-07,ACTIVE
6558,2558,5,11,2023-01-27,ACTIVE
6559,209,3,14,2021-02-21,ACTIVE
6560,3811,2,16,2020-06-10,ACTIVE
6561,4154,4,11,2019-01-01,ACTIVE
6562,2008,3,19,2019-09-28,ACTIVE
6563,2864,2,10,2021-12-07,DORMANT
6564,3377,2,8,2020-11-24,ACTIVE
6565,1369,4,11,2024-07-15,ACTIVE
6566,3801,3,8,2024-06-18,ACTIVE
6567,1038,2,20,2024-10-14,ACTIVE
6568,4473,4,10,2023-09-06,ACTIVE
6569,2291,3,17,2024-07-27,ACTIVE
6570,993,3,11,2024-09-30,ACTIVE
6571,2939,4,12,2024-07-14,ACTIVE
6572,4511,3,10,2020-04-14,ACTIVE
6573,394,5,20,2025-04-09,CLOSED
6574,3687,2,17,2019-12-03,ACTIVE
6575,4825,2,3,2021-01-25,ACTIVE
6576,358,3,7,2023-09-16,ACTIVE
6577,4005,4,3,2024-09-30,ACTIVE
6578,1182,1,17,2020-02-17,ACTIVE
6579,2066,3,8,2019-01-08,ACTIVE
6580,3903,1,19,2019-09-04,ACTIVE
6581,3419,3,14,2020-02-16,ACTIVE
6582,3130,1,5,2023-04-13,DORMANT
6583,155,3,19,2022-09-30,ACTIVE
6584,3559,4,13,2019-08-23,ACTIVE
6585,1555,1,18,2020-08-10,ACTIVE
6586,487,5,11,2023-01-08,ACTIVE
6587,1383,4,12,2019-08-21,DORMANT
6588,2416,3,8,2024-03-20,CLOSED
6589,1071,1,12,2024-04-28,CLOSED
6590,2255,2,1,2024-03-01,CLOSED
6591,1507,4,18,2019-11-06,ACTIVE
6592,1876,1,2,2021-08-01,ACTIVE
6593,2191,4,12,2021-06-26,ACTIVE
6594,1071,1,19,2023-05-20,ACTIVE
6595,191,2,7,2024-09-30,ACTIVE
6596,140,5,7,2020-06-29,ACTIVE
6597,4711,2,1,2025-06-06,ACTIVE
6598,4011,3,18,2019-12-22,DORMANT
6599,3412,4,8,2021-04-14,ACTIVE
6600,2973,5,10,2023-06-22,ACTIVE
6601,1515,4,1,2023-01-05,ACTIVE
6602,3121,1,15,2021-05-26,ACTIVE
6603,3971,3,15,2024-01-16,ACTIVE
6604,4720,3,4,2023-06-25,ACTIVE
6605,3525,4,10,2022-02-16,ACTIVE
6606,1346,3,8,2023-08-03,ACTIVE
6607,4183,4,14,2022-10-26,DORMANT
6608,1918,1,13,2021-01-06,ACTIVE
6609,4378,1,17,2023-11-26,ACTIVE
6610,3911,4,7,2024-01-16,ACTIVE
6611,453,2,6,2023-02-03,DORMANT
6612,4143,2,9,2019-06-05,ACTIVE
6613,1612,1,20,2021-07-22,ACTIVE
6614,3168,5,20,2020-07-29,ACTIVE
6615,2079,2,8,2022-08-26,ACTIVE
6616,2582,4,14,2019-09-05,ACTIVE
6617,2065,1,20,2022-12-22,ACTIVE
6618,1259,3,3,2021-12-03,ACTIVE
6619,4488,3,13,2020-03-28,ACTIVE
6620,354,2,9,2022-02-16,CLOSED
6621,4401,5,9,2021-06-27,ACTIVE
6622,3637,2,11,2021-07-28,ACTIVE
6623,1564,5,6,2021-12-29,ACTIVE
6624,712,2,12,2019-09-24,ACTIVE
6625,3503,3,4,2023-01-01,ACTIVE
6626,2733,5,4,2022-04-25,ACTIVE
6627,4882,3,17,2019-03-02,ACTIVE
6628,857,4,7,2025-01-24,ACTIVE
6629,4273,4,6,2024-12-19,ACTIVE
6630,1430,1,20,2019-06-04,ACTIVE
6631,2493,3,8,2020-12-22,ACTIVE
6632,3199,3,7,2019-01-07,ACTIVE
6633,3421,1,8,2020-06-06,ACTIVE
6634,2069,4,9,2023-10-02,ACTIVE
6635,4807,4,1,2019-09-08,ACTIVE
6636,3492,5,3,2023-05-19,ACTIVE
6637,152,5,18,2023-07-22,ACTIVE
6638,3232,4,19,2024-12-07,ACTIVE
6639,2907,2,11,2024-09-26,ACTIVE
6640,3552,3,16,2024-03-27,ACTIVE
6641,1467,5,18,2022-07-09,ACTIVE
6642,4192,2,6,2023-11-23,ACTIVE
6643,3424,5,2,2023-01-08,ACTIVE
6644,4058,1,4,2023-02-11,ACTIVE
6645,2926,3,5,2022-06-08,ACTIVE
6646,3666,5,14,2019-08-12,ACTIVE
6647,4736,4,1,2020-12-19,ACTIVE
6648,3431,1,14,2021-08-06,ACTIVE
6649,1157,1,13,2019-01-28,ACTIVE
6650,4208,4,16,2021-06-19,ACTIVE
6651,3409,1,4,2021-04-28,ACTIVE
6652,1162,3,6,2019-04-11,ACTIVE
6653,1260,5,9,2024-10-06,ACTIVE
6654,4091,1,1,2020-02-19,ACTIVE
6655,2842,3,17,2024-02-03,DORMANT
6656,3203,4,4,2023-01-28,CLOSED
6657,2982,5,6,2022-12-24,ACTIVE
6658,3555,4,16,2023-12-07,ACTIVE
6659,3473,5,7,2020-02-25,DORMANT
6660,1225,1,5,2019-01-21,ACTIVE
6661,4388,1,9,2020-09-27,ACTIVE
6662,2390,5,19,2020-04-08,ACTIVE
6663,1015,3,1,2024-11-14,ACTIVE
6664,4681,3,8,2023-02-24,ACTIVE
6665,2027,3,20,2019-01-24,ACTIVE
6666,3714,2,4,2020-01-31,ACTIVE
6667,1493,3,17,2022-11-28,ACTIVE
6668,4123,1,1,2024-06-12,ACTIVE
6669,1701,2,2,2024-02-13,ACTIVE
6670,455,3,14,2024-10-02,ACTIVE
6671,918,1,2,2021-10-10,ACTIVE
6672,14,2,1,2020-02-26,ACTIVE
6673,4375,1,13,2019-05-11,ACTIVE
6674,490,5,8,2020-02-24,ACTIVE
6675,985,1,9,2024-06-03,ACTIVE
6676,961,2,20,2021-02-13,ACTIVE
6677,1783,3,2,2021-12-27,ACTIVE
6678,1870,2,17,2023-05-17,ACTIVE
6679,3305,3,6,2022-11-27,ACTIVE
6680,2645,3,3,2019-06-24,ACTIVE
6681,4346,4,20,2022-07-27,DORMANT
6682,4836,5,17,2020-04-08,ACTIVE
6683,3669,4,6,2020-01-25,ACTIVE
6684,4402,2,8,2019-05-16,ACTIVE
6685,1826,4,14,2025-03-21,ACTIVE
6686,3308,3,10,2020-08-23,ACTIVE
6687,3363,2,20,2020-09-10,ACTIVE
6688,3111,4,10,2023-04-26,ACTIVE
6689,2766,1,15,2024-06-23,ACTIVE
6690,4279,5,8,2022-11-11,ACTIVE
6691,3771,1,11,2019-01-09,ACTIVE
6692,2693,2,16,2022-04-18,ACTIVE
6693,30,4,3,2023-09-18,ACTIVE
6694,767,3,15,2020-08-16,ACTIVE
6695,615,4,13,2020-08-28,ACTIVE
6696,1005,2,11,2024-04-08,ACTIVE
6697,2122,2,14,2023-01-09,ACTIVE
6698,3127,2,7,2024-12-03,ACTIVE
6699,3010,2,19,2023-08-23,ACTIVE
6700,3820,4,15,2025-04-11,ACTIVE
6701,24,1,6,2022-07-30,DORMANT
6702,4060,3,20,2022-05-21,ACTIVE
6703,3094,3,7,2023-08-15,ACTIVE
6704,2911,5,14,2023-08-29,ACTIVE
6705,1971,2,4,2021-11-14,ACTIVE
6706,1539,2,9,2023-10-02,ACTIVE
6707,3142,2,7,2019-08-21,CLOSED
6708,4768,1,15,2023-03-20,ACTIVE
6709,3970,2,3,2020-11-15,ACTIVE
6710,2925,5,5,2025-02-09,ACTIVE
6711,571,5,17,2025-04-17,ACTIVE
6712,4860,1,1,2025-05-27,ACTIVE
6713,1243,2,1,2021-08-06,ACTIVE
6714,713,4,16,2019-11-01,ACTIVE
6715,4863,4,14,2024-06-23,ACTIVE
6716,1294,3,11,2024-05-25,ACTIVE
6717,2867,1,14,2023-01-28,ACTIVE
6718,1675,4,8,2019-05-10,ACTIVE
6719,3664,3,19,2019-07-06,ACTIVE
6720,1360,5,2,2022-12-15,ACTIVE
6721,636,3,10,2023-04-14,ACTIVE
6722,1210,2,5,2024-03-24,DORMANT
6723,2613,2,15,2025-04-01,ACTIVE
6724,1298,5,1,2019-10-05,ACTIVE
6725,358,1,2,2023-01-22,ACTIVE
6726,241,2,19,2021-02-25,ACTIVE
6727,2605,2,17,2022-06-09,DORMANT
6728,4065,3,15,2024-02-21,ACTIVE
6729,1827,3,18,2025-05-10,ACTIVE
6730,3559,3,8,2019-12-31,ACTIVE
6731,3861,4,14,2023-02-10,ACTIVE
6732,4252,5,8,2020-04-12,ACTIVE
6733,4448,1,8,2023-07-07,ACTIVE
6734,4140,3,19,2024-04-08,ACTIVE
6735,138,1,13,2024-06-18,DORMANT
6736,3735,3,5,2022-07-21,ACTIVE
6737,1968,2,10,2022-09-13,ACTIVE
6738,4850,1,7,2025-02-09,ACTIVE
6739,143,4,9,2024-01-22,ACTIVE
6740,3634,3,14,2024-07-21,CLOSED
6741,2560,5,6,2022-05-02,ACTIVE
6742,4158,2,10,2019-09-29,ACTIVE
6743,2020,3,1,2022-08-16,ACTIVE
6744,2850,1,11,2025-02-21,ACTIVE
6745,1193,3,8,2019-11-27,ACTIVE
6746,2314,2,6,2023-11-11,ACTIVE
6747,2356,5,17,2024-01-02,DORMANT
6748,2507,5,4,2024-01-10,ACTIVE
6749,334,5,6,2024-10-29,ACTIVE
6750,2563,2,15,2021-05-10,DORMANT
6751,2721,3,10,2024-12-13,DORMANT
6752,2439,2,17,2024-01-20,ACTIVE
6753,1796,2,10,2019-05-10,ACTIVE
6754,254,3,5,2023-11-27,ACTIVE
6755,3658,4,19,2023-04-08,DORMANT
6756,1424,5,7,2025-03-11,ACTIVE
6757,3238,1,19,2023-03-28,ACTIVE
6758,3332,1,10,2021-08-27,ACTIVE
6759,1028,3,19,2023-12-09,CLOSED
6760,2167,1,11,2020-08-20,ACTIVE
6761,3995,4,3,2020-09-06,ACTIVE
6762,470,2,11,2022-03-12,ACTIVE
6763,1094,5,6,2020-02-27,ACTIVE
6764,4790,1,6,2024-02-08,ACTIVE
6765,2913,1,15,2024-05-06,ACTIVE
6766,181,3,3,2020-11-18,ACTIVE
6767,4068,3,11,2025-04-30,ACTIVE
6768,3077,2,8,2019-05-27,CLOSED
6769,1221,5,8,2024-08-21,DORMANT
6770,4143,1,16,2024-02-07,ACTIVE
6771,3624,2,3,2024-04-11,ACTIVE
6772,4730,5,8,2024-10-03,ACTIVE
6773,1564,2,8,2025-03-27,ACTIVE
6774,4685,1,13,2022-02-19,ACTIVE
6775,3633,3,1,2025-01-18,ACTIVE
6776,2358,3,10,2023-06-06,ACTIVE
6777,1563,3,5,2024-06-07,ACTIVE
6778,4936,4,5,2023-05-02,ACTIVE
6779,1414,2,17,2024-03-14,ACTIVE
6780,2507,1,14,2024-07-27,ACTIVE
6781,4829,2,6,2023-08-23,ACTIVE
6782,1018,3,14,2025-02-04,ACTIVE
6783,3655,2,12,2020-07-05,ACTIVE
6784,758,5,20,2020-12-26,ACTIVE
6785,3780,2,1,2022-03-23,ACTIVE
6786,621,4,5,2025-05-29,ACTIVE
6787,1889,4,18,2019-06-15,ACTIVE
6788,3585,3,14,2021-02-22,ACTIVE
6789,182,1,7,2023-04-09,ACTIVE
6790,2729,5,15,2020-02-05,ACTIVE
6791,2296,1,9,2019-04-25,ACTIVE
6792,2668,1,15,2019-12-17,ACTIVE
6793,1800,5,16,2021-05-25,ACTIVE
6794,1500,4,9,2022-06-03,ACTIVE
6795,985,3,7,2020-09-05,ACTIVE
6796,3554,2,7,2019-05-11,DORMANT
6797,2365,4,17,2025-04-30,DORMANT
6798,3306,3,11,2023-03-28,CLOSED
6799,2216,4,6,2024-05-08,ACTIVE
6800,2791,5,14,2019-06-30,ACTIVE
6801,126,1,15,2019-12-15,ACTIVE
6802,2621,5,8,2019-06-10,ACTIVE
6803,4216,2,4,2019-04-24,ACTIVE
6804,1452,5,1,2024-08-27,ACTIVE
6805,1009,1,6,2022-09-27,ACTIVE
6806,1214,4,1,2023-01-25,DORMANT
6807,3705,3,5,2023-06-17,DORMANT
6808,3131,2,19,2019-05-23,ACTIVE
6809,697,4,5,2024-01-11,ACTIVE
6810,2271,3,5,2024-06-18,ACTIVE
6811,1516,1,17,2024-10-10,ACTIVE
6812,1035,5,12,2020-08-18,DORMANT
6813,2841,4,7,2021-07-28,CLOSED
6814,1536,3,15,2022-07-23,ACTIVE
6815,814,3,19,2022-08-11,ACTIVE
6816,310,5,13,2022-02-26,ACTIVE
6817,1012,4,12,2019-12-30,DORMANT
6818,1019,4,19,2021-12-26,DORMANT
6819,3412,1,13,2024-09-25,ACTIVE
6820,3719,4,6,2022-10-29,ACTIVE
6821,4921,5,1,2020-10-21,ACTIVE
6822,3811,4,6,2022-03-06,ACTIVE
6823,2045,1,13,2025-04-04,ACTIVE
6824,1117,3,13,2021-03-06,ACTIVE
6825,4724,4,13,2019-02-04,ACTIVE
6826,1157,5,20,2024-03-31,ACTIVE
6827,989,4,4,2019-09-15,CLOSED
6828,2467,2,5,2019-09-27,ACTIVE
6829,1829,1,13,2024-06-23,ACTIVE
6830,2078,3,9,2022-09-09,ACTIVE
6831,2346,2,17,2021-08-11,ACTIVE
6832,1085,5,3,2023-09-22,ACTIVE
6833,2506,4,20,2023-02-19,ACTIVE
6834,4045,1,18,2023-05-06,ACTIVE
6835,2352,4,15,2023-10-08,ACTIVE
6836,3006,4,1,2024-05-28,ACTIVE
6837,4436,4,9,2024-12-12,ACTIVE
6838,2496,4,6,2025-03-09,ACTIVE
6839,77,1,18,2022-10-24,ACTIVE
6840,2563,2,1,2021-08-02,ACTIVE
6841,1573,5,7,2024-12-22,ACTIVE
6842,4188,2,10,2024-03-22,ACTIVE
6843,4562,1,6,2021-02-28,CLOSED
6844,3671,5,7,2025-06-20,ACTIVE
6845,3112,3,6,2019-10-27,ACTIVE
6846,2738,2,8,2022-08-14,ACTIVE
6847,1353,1,2,2025-05-15,ACTIVE
6848,947,1,9,2020-01-09,ACTIVE
6849,4650,1,9,2024-06-02,ACTIVE
6850,3869,5,7,2024-10-10,ACTIVE
6851,3138,4,9,2021-12-13,ACTIVE
6852,3487,3,17,2020-04-18,ACTIVE
6853,4188,5,3,2019-04-22,ACTIVE
6854,1003,5,16,2021-09-16,CLOSED
6855,4464,2,16,2025-06-29,ACTIVE
6856,820,3,2,2020-09-10,ACTIVE
6857,423,1,11,2021-03-05,ACTIVE
6858,572,5,16,2021-06-01,ACTIVE
6859,2910,3,15,2023-08-31,DORMANT
6860,4531,2,1,2023-06-16,ACTIVE
6861,1424,4,17,2022-01-13,ACTIVE
6862,1634,3,3,2022-01-03,ACTIVE
6863,1754,1,19,2020-08-18,ACTIVE
6864,468,5,20,2020-05-22,ACTIVE
6865,4888,4,7,2025-03-25,ACTIVE
6866,2923,2,11,2024-07-28,ACTIVE
6867,2304,1,18,2022-11-18,ACTIVE
6868,1707,4,14,2024-08-24,ACTIVE
6869,73,2,16,2025-02-06,DORMANT
6870,147,1,6,2022-07-10,DORMANT
6871,317,5,2,2021-07-14,ACTIVE
6872,606,2,11,2024-10-26,ACTIVE
6873,575,4,11,2019-08-17,DORMANT
6874,1178,1,10,2023-11-04,ACTIVE
6875,3327,3,4,2025-01-11,ACTIVE
6876,3423,1,17,2021-03-27,ACTIVE
6877,2595,4,10,2021-05-18,ACTIVE
6878,2883,4,9,2020-03-22,CLOSED
6879,312,3,13,2021-03-08,ACTIVE
6880,2856,4,11,2022-05-18,ACTIVE
6881,765,1,10,2022-08-02,ACTIVE
6882,2996,2,5,2020-04-13,ACTIVE
6883,3201,1,3,2021-05-03,ACTIVE
6884,436,4,4,2024-07-12,ACTIVE
6885,3352,3,3,2022-01-28,ACTIVE
6886,4454,3,10,2023-06-09,DORMANT
6887,2978,5,13,2020-12-25,ACTIVE
6888,2931,3,5,2023-05-18,ACTIVE
6889,2300,3,13,2023-01-10,ACTIVE
6890,135,4,1,2023-02-14,ACTIVE
6891,3915,2,11,2019-04-03,ACTIVE
6892,4619,2,3,2022-06-30,ACTIVE
6893,804,4,17,2020-07-14,CLOSED
6894,2708,3,19,2023-07-15,ACTIVE
6895,2367,1,13,2020-06-29,ACTIVE
6896,4176,2,16,2021-02-16,ACTIVE
6897,3263,4,18,2019-07-07,ACTIVE
6898,1477,1,20,2020-08-30,ACTIVE
6899,3416,3,19,2020-11-05,ACTIVE
6900,2462,4,6,2024-12-26,ACTIVE
6901,3943,2,7,2025-06-03,ACTIVE
6902,2041,1,15,2022-01-08,ACTIVE
6903,4464,1,5,2023-06-15,ACTIVE
6904,1007,2,16,2022-07-03,ACTIVE
6905,993,1,6,2025-02-04,ACTIVE
6906,4692,2,3,2022-07-04,DORMANT
6907,1897,4,12,2019-08-06,ACTIVE
6908,3066,5,4,2025-05-03,ACTIVE
6909,2749,3,3,2022-09-02,ACTIVE
6910,2662,4,16,2020-08-13,ACTIVE
6911,2979,3,16,2020-11-09,ACTIVE
6912,1824,3,19,2020-09-07,ACTIVE
6913,3408,2,15,2021-04-29,DORMANT
6914,4507,5,9,2024-06-30,ACTIVE
6915,4483,3,20,2020-12-27,ACTIVE
6916,1749,3,2,2019-03-16,ACTIVE
6917,2662,4,6,2019-12-02,ACTIVE
6918,19,5,14,2021-03-14,ACTIVE
6919,3359,5,9,2021-05-04,ACTIVE
6920,276,3,10,2023-05-25,ACTIVE
6921,4079,5,18,2019-12-29,ACTIVE
6922,4755,4,15,2025-02-15,ACTIVE
6923,2946,2,4,2024-07-14,ACTIVE
6924,4648,3,5,2022-02-03,ACTIVE
6925,4775,1,6,2024-10-18,ACTIVE
6926,4699,3,15,2024-09-06,ACTIVE
6927,365,3,20,2021-06-23,ACTIVE
6928,1974,2,2,2024-05-12,ACTIVE
6929,795,1,16,2023-03-11,ACTIVE
6930,590,1,5,2024-11-09,DORMANT
6931,4295,1,4,2024-02-24,ACTIVE
6932,4314,2,1,2019-12-29,ACTIVE
6933,741,5,8,2024-09-16,ACTIVE
6934,4746,1,10,2023-10-21,ACTIVE
6935,2195,5,15,2023-09-03,CLOSED
6936,670,4,2,2022-02-07,DORMANT
6937,1438,2,19,2019-05-24,ACTIVE
6938,4761,5,12,2021-12-05,DORMANT
6939,856,1,10,2023-05-15,ACTIVE
6940,2378,1,12,2024-12-25,DORMANT
6941,4991,5,20,2021-07-20,ACTIVE
6942,4034,5,9,2019-12-07,ACTIVE
6943,1894,4,8,2023-05-21,DORMANT
6944,1187,2,2,2019-10-29,ACTIVE
6945,1843,3,7,2024-12-05,ACTIVE
6946,327,4,4,2023-10-27,ACTIVE
6947,3227,4,19,2019-05-31,DORMANT
6948,2401,4,8,2022-04-05,ACTIVE
6949,4279,1,13,2021-02-10,ACTIVE
6950,4551,5,3,2022-12-19,ACTIVE
6951,4102,2,5,2023-11-30,ACTIVE
6952,4016,1,20,2021-09-23,ACTIVE
6953,4307,4,8,2020-09-23,ACTIVE
6954,51,2,2,2019-12-28,ACTIVE
6955,1469,1,10,2019-04-06,ACTIVE
6956,1010,3,16,2019-10-19,ACTIVE
6957,4473,4,4,2024-09-05,ACTIVE
6958,3558,1,14,2019-11-01,ACTIVE
6959,1075,1,3,2021-02-07,ACTIVE
6960,154,4,10,2021-09-12,ACTIVE
6961,582,3,13,2019-07-24,ACTIVE
6962,788,5,5,2021-05-16,ACTIVE
6963,4887,3,17,2021-10-11,ACTIVE
6964,3382,4,17,2020-10-23,DORMANT
6965,2268,5,11,2020-11-09,ACTIVE
6966,4259,1,19,2025-03-17,ACTIVE
6967,971,3,18,2019-10-27,DORMANT
6968,648,3,17,2019-09-15,DORMANT
6969,946,5,11,2019-08-28,ACTIVE
6970,4785,1,15,2025-03-15,ACTIVE
6971,1496,3,8,2019-07-14,ACTIVE
6972,2048,5,12,2025-05-06,ACTIVE
6973,1173,3,17,2023-04-01,ACTIVE
6974,4219,1,5,2023-11-12,ACTIVE
6975,4900,1,4,2019-12-22,ACTIVE
6976,2887,2,11,2020-07-18,ACTIVE
6977,4159,5,8,2019-11-04,ACTIVE
6978,733,4,16,2020-02-13,DORMANT
6979,3088,3,16,2020-06-04,CLOSED
6980,3462,1,3,2023-03-27,ACTIVE
6981,1658,3,12,2023-07-01,ACTIVE
6982,479,3,13,2024-02-20,ACTIVE
6983,1138,4,1,2022-04-08,ACTIVE
6984,3954,1,4,2024-02-04,ACTIVE
6985,977,2,6,2020-10-12,ACTIVE
6986,237,5,5,2024-11-28,ACTIVE
6987,2524,3,5,2025-03-17,ACTIVE
6988,4044,4,10,2021-10-25,ACTIVE
6989,598,4,19,2023-04-05,DORMANT
6990,1703,5,18,2023-06-25,ACTIVE
6991,2177,5,2,2024-05-05,ACTIVE
6992,2558,1,16,2020-10-30,ACTIVE
6993,165,3,15,2020-05-27,ACTIVE
6994,2325,3,5,2022-05-20,ACTIVE
6995,3040,5,9,2019-04-29,ACTIVE
6996,570,2,5,2020-01-20,DORMANT
6997,3329,3,5,2019-09-17,ACTIVE
6998,141,4,9,2022-11-23,ACTIVE
6999,686,5,9,2022-04-13,ACTIVE
7000,687,3,2,2024-12-21,ACTIVE
7001,3281,1,7,2024-11-19,ACTIVE
7002,2764,5,1,2021-08-17,CLOSED
7003,3591,4,20,2020-07-19,ACTIVE
7004,2039,1,2,2024-01-15,ACTIVE
7005,1075,5,12,2019-01-07,ACTIVE
7006,2226,5,6,2021-05-17,ACTIVE
7007,1342,3,20,2020-03-20,ACTIVE
7008,1690,1,19,2025-05-24,ACTIVE
7009,3011,5,16,2021-11-01,ACTIVE
7010,364,4,4,2022-07-10,ACTIVE
7011,1068,1,18,2022-12-29,ACTIVE
7012,2641,3,5,2025-01-29,DORMANT
7013,3750,2,18,2023-06-19,DORMANT
7014,2031,5,6,2025-06-26,ACTIVE
7015,618,2,14,2023-04-19,DORMANT
7016,4455,5,20,2025-03-08,ACTIVE
7017,3147,3,17,2021-01-06,ACTIVE
7018,1983,3,18,2020-02-21,ACTIVE
7019,194,3,10,2019-09-21,ACTIVE
7020,4459,3,19,2025-06-06,ACTIVE
7021,1120,1,18,2023-01-19,ACTIVE
7022,4203,1,4,2019-04-14,ACTIVE
7023,527,5,20,2021-09-13,ACTIVE
7024,1953,1,15,2019-08-09,ACTIVE
7025,4880,5,6,2019-11-30,ACTIVE
7026,1783,1,6,2020-02-22,ACTIVE
7027,2674,1,3,2022-08-17,ACTIVE
7028,2398,1,9,2023-02-17,ACTIVE
7029,3725,4,11,2021-08-18,ACTIVE
7030,2590,3,5,2023-01-20,CLOSED
7031,3527,4,14,2020-03-11,ACTIVE
7032,3850,1,2,2019-02-12,ACTIVE
7033,1635,1,19,2025-03-07,ACTIVE
7034,3010,4,8,2024-02-16,ACTIVE
7035,94,5,13,2021-08-23,ACTIVE
7036,3795,3,19,2019-01-11,ACTIVE
7037,3367,5,5,2019-08-04,DORMANT
7038,2947,3,15,2019-08-13,ACTIVE
7039,89,2,4,2023-10-27,DORMANT
7040,2551,3,4,2022-06-23,ACTIVE
7041,2815,5,18,2021-02-11,ACTIVE
7042,1446,3,19,2023-12-28,ACTIVE
7043,4622,2,20,2019-01-16,ACTIVE
7044,1831,2,9,2021-10-29,ACTIVE
7045,2742,1,15,2025-05-29,ACTIVE
7046,555,2,12,2019-02-27,ACTIVE
7047,3765,4,4,2021-09-11,ACTIVE
7048,2435,5,3,2021-04-30,ACTIVE
7049,681,4,5,2023-03-16,ACTIVE
7050,1632,4,17,2020-10-09,ACTIVE
7051,203,5,5,2024-01-18,ACTIVE
7052,4543,4,4,2022-09-16,ACTIVE
7053,3919,4,7,2020-04-05,ACTIVE
7054,3140,4,7,2021-08-26,ACTIVE
7055,4874,2,7,2022-05-18,ACTIVE
7056,2226,5,17,2019-10-17,ACTIVE
7057,1687,5,15,2022-01-25,ACTIVE
7058,829,5,7,2025-04-15,ACTIVE
7059,4655,4,15,2021-01-02,ACTIVE
7060,2023,2,20,2020-07-29,ACTIVE
7061,103,5,4,2021-04-21,ACTIVE
7062,1558,3,2,2023-10-29,ACTIVE
7063,4212,5,13,2024-07-31,DORMANT
7064,4955,1,12,2025-01-23,ACTIVE
7065,4088,3,10,2022-04-24,ACTIVE
7066,2512,5,19,2025-04-15,ACTIVE
7067,104,4,15,2019-12-06,ACTIVE
7068,3439,5,17,2024-11-26,ACTIVE
7069,2858,2,6,2021-12-03,ACTIVE
7070,807,2,5,2024-05-19,ACTIVE
7071,4656,5,13,2019-12-08,ACTIVE
7072,2075,4,14,2025-02-26,ACTIVE
7073,527,4,14,2022-02-01,ACTIVE
7074,3437,4,15,2021-09-17,ACTIVE
7075,298,5,16,2020-09-23,ACTIVE
7076,4873,5,10,2022-11-26,ACTIVE
7077,361,1,1,2022-11-14,ACTIVE
7078,3718,2,11,2022-10-17,ACTIVE
7079,4600,3,7,2022-12-28,CLOSED
7080,1977,3,17,2021-11-17,ACTIVE
7081,2078,2,4,2023-12-21,ACTIVE
7082,3412,1,7,2024-06-11,DORMANT
7083,2174,2,3,2025-02-20,ACTIVE
7084,4692,1,20,2021-02-10,ACTIVE
7085,1590,1,14,2021-05-21,ACTIVE
7086,1390,4,18,2019-05-08,ACTIVE
7087,3515,2,18,2024-04-03,ACTIVE
7088,263,3,1,2019-04-16,ACTIVE
7089,2984,5,6,2022-12-10,ACTIVE
7090,2920,5,9,2022-11-07,ACTIVE
7091,1864,2,2,2023-02-13,ACTIVE
7092,2,5,8,2025-06-19,DORMANT
7093,1934,1,20,2021-09-27,DORMANT
7094,394,5,4,2020-01-19,ACTIVE
7095,306,1,10,2021-09-28,ACTIVE
7096,530,1,1,2019-01-17,CLOSED
7097,4624,3,11,2022-10-25,ACTIVE
7098,3380,5,9,2024-02-15,ACTIVE
7099,965,3,19,2021-12-25,ACTIVE
7100,4020,5,11,2021-06-04,ACTIVE
7101,671,1,4,2022-02-10,ACTIVE
7102,4069,5,5,2022-12-10,ACTIVE
7103,2253,3,17,2019-03-12,ACTIVE
7104,2673,4,18,2024-05-02,ACTIVE
7105,1714,3,5,2020-03-19,DORMANT
7106,4045,4,18,2022-10-25,ACTIVE
7107,4817,2,17,2025-06-22,ACTIVE
7108,636,3,3,2020-12-21,ACTIVE
7109,3500,5,11,2019-08-19,ACTIVE
7110,4653,4,17,2021-05-13,ACTIVE
7111,1118,5,8,2020-07-16,ACTIVE
7112,2155,4,8,2021-02-07,ACTIVE
7113,4224,3,2,2019-10-17,ACTIVE
7114,38,3,7,2022-05-26,ACTIVE
7115,1633,5,20,2024-11-17,ACTIVE
7116,4294,3,6,2025-01-05,ACTIVE
7117,3776,5,20,2020-01-30,ACTIVE
7118,2055,1,18,2020-01-11,ACTIVE
7119,4086,4,7,2024-11-19,ACTIVE
7120,3404,5,18,2023-07-09,ACTIVE
7121,519,4,12,2021-02-20,ACTIVE
7122,2242,1,7,2024-11-09,ACTIVE
7123,2364,4,7,2024-05-28,DORMANT
7124,1042,5,1,2020-02-10,ACTIVE
7125,4716,3,10,2024-08-30,ACTIVE
7126,1395,4,10,2022-12-02,ACTIVE
7127,2870,4,12,2024-08-28,ACTIVE
7128,3677,1,3,2023-04-09,ACTIVE
7129,3722,2,3,2025-01-09,ACTIVE
7130,3773,3,13,2019-10-28,ACTIVE
7131,235,5,13,2024-03-14,ACTIVE
7132,3141,1,6,2020-02-17,ACTIVE
7133,447,5,3,2025-02-27,ACTIVE
7134,4706,5,15,2024-07-27,CLOSED
7135,8,4,9,2024-12-26,ACTIVE
7136,4558,1,6,2023-12-21,ACTIVE
7137,1000,1,6,2024-09-02,DORMANT
7138,1335,3,8,2024-08-21,DORMANT
7139,134,2,11,2024-12-22,ACTIVE
7140,2433,5,19,2024-10-29,ACTIVE
7141,56,3,16,2022-10-10,ACTIVE
7142,3186,3,9,2021-12-29,ACTIVE
7143,1112,5,11,2022-05-12,ACTIVE
7144,3180,4,16,2020-08-13,ACTIVE
7145,1524,4,6,2020-12-11,ACTIVE
7146,144,5,17,2021-03-07,ACTIVE
7147,2917,1,16,2023-05-31,CLOSED
7148,2104,2,20,2020-12-31,ACTIVE
7149,620,4,18,2024-02-03,ACTIVE
7150,1887,2,1,2025-05-13,ACTIVE
7151,2021,3,18,2024-09-27,ACTIVE
7152,1409,3,8,2020-09-01,ACTIVE
7153,2922,5,10,2025-05-29,ACTIVE
7154,4735,5,2,2023-01-07,ACTIVE
7155,3374,5,9,2023-04-08,ACTIVE
7156,3477,4,4,2022-03-07,ACTIVE
7157,837,2,11,2019-08-18,ACTIVE
7158,3903,3,10,2022-11-29,ACTIVE
7159,1586,2,14,2019-12-23,ACTIVE
7160,4876,4,7,2020-06-24,DORMANT
7161,837,2,19,2021-07-24,ACTIVE
7162,2558,2,6,2023-06-23,ACTIVE
7163,2860,5,16,2020-06-10,ACTIVE
7164,4361,2,19,2022-02-02,ACTIVE
7165,1398,2,19,2020-09-14,ACTIVE
7166,3823,2,13,2020-02-28,ACTIVE
7167,4398,1,12,2024-03-13,ACTIVE
7168,3431,3,15,2024-02-22,ACTIVE
7169,805,3,8,2019-01-04,ACTIVE
7170,1076,2,4,2020-04-13,ACTIVE
7171,4195,5,20,2020-10-25,ACTIVE
7172,2641,5,8,2020-06-21,ACTIVE
7173,3085,5,16,2024-03-12,ACTIVE
7174,1414,3,16,2022-01-01,ACTIVE
7175,4453,4,2,2024-06-08,ACTIVE
7176,1664,2,17,2024-10-16,ACTIVE
7177,2976,3,5,2024-03-05,ACTIVE
7178,4107,5,5,2022-09-19,ACTIVE
7179,4177,3,12,2024-11-02,ACTIVE
7180,2054,3,7,2023-02-28,ACTIVE
7181,2421,3,5,2019-03-20,ACTIVE
7182,2529,5,4,2023-04-24,ACTIVE
7183,4318,4,17,2024-08-29,ACTIVE
7184,1941,1,6,2023-05-25,ACTIVE
7185,3153,2,14,2019-06-05,ACTIVE
7186,1947,2,9,2021-05-29,DORMANT
7187,515,3,4,2023-01-13,ACTIVE
7188,221,4,11,2019-01-28,DORMANT
7189,228,5,20,2024-03-25,ACTIVE
7190,2338,1,16,2020-09-01,ACTIVE
7191,4389,1,16,2021-08-31,ACTIVE
7192,3265,3,16,2022-09-14,ACTIVE
7193,956,3,6,2020-02-23,DORMANT
7194,1498,5,15,2019-01-22,CLOSED
7195,1281,5,3,2019-09-18,ACTIVE
7196,1979,5,9,2024-10-08,ACTIVE
7197,1530,3,1,2022-12-07,ACTIVE
7198,4484,4,11,2025-01-19,ACTIVE
7199,2663,3,6,2019-07-15,CLOSED
7200,2414,3,5,2021-12-04,CLOSED
7201,2706,1,18,2021-06-23,ACTIVE
7202,3536,5,12,2025-02-04,ACTIVE
7203,4285,2,7,2019-11-21,ACTIVE
7204,918,5,2,2020-07-21,ACTIVE
7205,1202,4,7,2024-03-17,DORMANT
7206,2423,4,9,2021-02-17,ACTIVE
7207,1622,5,20,2021-07-14,ACTIVE
7208,760,5,8,2024-12-02,ACTIVE
7209,4290,3,9,2024-12-02,CLOSED
7210,1489,2,10,2023-06-04,ACTIVE
7211,4259,3,12,2024-01-24,ACTIVE
7212,4372,1,2,2024-04-27,ACTIVE
7213,4460,1,10,2025-06-28,ACTIVE
7214,1666,4,3,2019-02-11,ACTIVE
7215,2003,4,1,2023-01-23,ACTIVE
7216,460,2,17,2020-07-27,ACTIVE
7217,3022,4,1,2023-12-26,ACTIVE
7218,2291,1,5,2023-01-13,ACTIVE
7219,1366,2,14,2020-03-16,ACTIVE
7220,3202,1,6,2022-04-27,ACTIVE
7221,4753,5,9,2025-05-21,ACTIVE
7222,1384,5,14,2019-04-14,ACTIVE
7223,2136,2,4,2020-07-22,DORMANT
7224,4838,3,1,2020-04-01,ACTIVE
7225,3033,4,6,2019-11-07,ACTIVE
7226,3710,2,7,2024-03-22,ACTIVE
7227,1522,4,6,2023-09-04,ACTIVE
7228,1624,1,1,2023-08-19,ACTIVE
7229,682,3,8,2020-02-11,DORMANT
7230,3135,4,12,2020-08-03,ACTIVE
7231,3262,5,11,2024-07-08,DORMANT
7232,4995,5,2,2021-12-17,CLOSED
7233,4697,1,2,2024-02-04,ACTIVE
7234,3420,2,2,2019-07-06,ACTIVE
7235,1868,4,8,2023-06-11,ACTIVE
7236,3610,1,7,2023-03-02,ACTIVE
7237,1200,5,16,2024-03-05,ACTIVE
7238,2824,5,9,2020-05-04,DORMANT
7239,2949,5,16,2019-10-07,CLOSED
7240,3979,3,2,2021-05-04,ACTIVE
7241,3626,3,3,2024-02-02,ACTIVE
7242,4579,5,2,2022-04-02,ACTIVE
7243,169,2,19,2021-10-01,ACTIVE
7244,2022,3,17,2020-02-02,ACTIVE
7245,2195,4,20,2020-03-03,ACTIVE
7246,439,3,12,2020-01-10,ACTIVE
7247,3261,4,11,2020-09-23,ACTIVE
7248,4256,3,20,2020-11-27,ACTIVE
7249,4910,5,19,2022-12-17,ACTIVE
7250,2450,4,6,2021-07-16,ACTIVE
7251,4682,2,10,2024-06-10,DORMANT
7252,864,3,14,2024-07-20,DORMANT
7253,140,3,1,2023-07-24,ACTIVE
7254,4424,5,15,2019-03-19,ACTIVE
7255,225,4,6,2020-05-02,ACTIVE
7256,558,5,13,2021-11-27,ACTIVE
7257,1574,4,14,2019-06-20,ACTIVE
7258,386,3,13,2020-10-03,ACTIVE
7259,521,3,16,2023-08-27,CLOSED
7260,3973,3,1,2023-05-25,ACTIVE
7261,2835,3,14,2019-10-19,ACTIVE
7262,3143,1,13,2024-04-25,ACTIVE
7263,1834,3,10,2020-08-03,ACTIVE
7264,4543,3,10,2020-02-26,ACTIVE
7265,3162,4,4,2019-04-15,ACTIVE
7266,3502,3,14,2022-11-30,ACTIVE
7267,4203,3,12,2021-05-29,ACTIVE
7268,1500,4,6,2023-01-22,ACTIVE
7269,2964,3,15,2025-04-14,ACTIVE
7270,1478,3,5,2025-06-14,ACTIVE
7271,904,5,10,2022-02-03,ACTIVE
7272,1632,1,9,2024-02-28,ACTIVE
7273,3987,4,10,2019-11-11,ACTIVE
7274,1171,5,12,2020-08-31,ACTIVE
7275,2328,2,4,2024-10-20,ACTIVE
7276,4120,2,4,2020-01-13,ACTIVE
7277,1745,1,13,2023-02-28,ACTIVE
7278,2040,2,14,2019-05-14,ACTIVE
7279,120,1,12,2023-12-22,ACTIVE
7280,3858,2,13,2020-01-28,ACTIVE
7281,1676,2,20,2020-02-19,ACTIVE
7282,1321,5,13,2022-02-10,ACTIVE
7283,4951,2,2,2024-10-13,ACTIVE
7284,1016,1,19,2023-10-18,DORMANT
7285,4544,3,9,2021-05-15,ACTIVE
7286,1744,3,10,2019-10-17,ACTIVE
7287,1943,3,17,2023-02-15,DORMANT
7288,3542,1,10,2024-04-16,ACTIVE
7289,1447,1,20,2022-08-31,ACTIVE
7290,3617,3,13,2021-05-27,ACTIVE
7291,3895,2,20,2024-06-07,DORMANT
7292,1725,3,1,2021-01-21,ACTIVE
7293,2273,4,2,2021-01-18,DORMANT
7294,4063,1,17,2019-12-31,ACTIVE
7295,4282,4,13,2019-09-24,ACTIVE
7296,72,4,17,2020-02-10,ACTIVE
7297,4170,1,13,2019-05-19,ACTIVE
7298,2201,3,17,2022-04-03,ACTIVE
7299,2144,5,19,2023-12-23,ACTIVE
7300,3758,4,14,2023-09-17,DORMANT
7301,3182,3,20,2025-02-10,ACTIVE
7302,1482,5,10,2022-12-04,DORMANT
7303,2876,4,2,2021-05-20,ACTIVE
7304,4861,3,14,2020-12-03,ACTIVE
7305,4080,4,17,2023-08-26,ACTIVE
7306,1097,3,5,2019-07-20,ACTIVE
7307,4308,2,18,2020-09-09,ACTIVE
7308,724,2,3,2024-07-06,ACTIVE
7309,3240,1,16,2025-03-17,ACTIVE
7310,2379,5,19,2021-05-06,ACTIVE
7311,4847,4,18,2023-10-19,DORMANT
7312,3215,4,20,2024-07-02,ACTIVE
7313,2872,3,5,2019-03-05,ACTIVE
7314,4490,5,8,2022-01-24,ACTIVE
7315,4608,4,6,2022-09-25,ACTIVE
7316,4782,5,15,2023-09-08,ACTIVE
7317,3920,5,3,2019-09-08,ACTIVE
7318,1721,2,9,2023-09-26,ACTIVE
7319,3400,4,11,2019-02-08,ACTIVE
7320,1858,4,20,2019-03-10,ACTIVE
7321,2766,1,14,2019-10-04,ACTIVE
7322,2397,5,9,2022-01-14,ACTIVE
7323,3765,3,10,2025-02-02,DORMANT
7324,4022,2,15,2022-01-20,ACTIVE
7325,3887,1,18,2022-12-14,ACTIVE
7326,2563,2,19,2024-10-29,ACTIVE
7327,2447,3,7,2019-12-07,ACTIVE
7328,3668,1,19,2020-02-25,CLOSED
7329,2262,2,5,2025-03-25,ACTIVE
7330,3618,3,18,2024-04-02,ACTIVE
7331,1313,1,1,2020-04-17,ACTIVE
7332,1865,3,12,2024-11-05,ACTIVE
7333,2306,1,6,2024-01-08,ACTIVE
7334,1808,4,13,2025-02-15,ACTIVE
7335,2742,4,17,2021-05-16,ACTIVE
7336,3337,2,9,2023-07-28,DORMANT
7337,998,5,1,2021-09-07,ACTIVE
7338,2320,5,12,2024-12-23,ACTIVE
7339,3208,3,1,2024-09-18,CLOSED
7340,599,1,4,2019-09-13,ACTIVE
7341,1084,4,7,2023-06-09,ACTIVE
7342,3582,5,20,2022-12-14,ACTIVE
7343,3087,4,5,2020-06-22,DORMANT
7344,2303,3,20,2023-11-01,ACTIVE
7345,2785,3,5,2023-12-29,DORMANT
7346,722,1,7,2021-05-07,ACTIVE
7347,1155,5,17,2019-05-12,ACTIVE
7348,17,3,12,2023-06-15,ACTIVE
7349,992,3,15,2021-01-10,ACTIVE
7350,4974,4,3,2024-07-24,ACTIVE
7351,2233,2,17,2024-04-09,ACTIVE
7352,3463,5,14,2024-06-24,DORMANT
7353,1447,1,15,2019-10-09,ACTIVE
7354,1466,1,15,2025-05-16,ACTIVE
7355,3768,4,15,2022-10-30,CLOSED
7356,3628,1,19,2021-06-27,ACTIVE
7357,3084,3,11,2020-10-27,ACTIVE
7358,1544,5,18,2022-08-15,ACTIVE
7359,80,1,10,2022-09-07,ACTIVE
7360,3288,5,9,2022-02-07,ACTIVE
7361,1272,1,3,2023-07-05,DORMANT
7362,1565,2,1,2020-04-15,ACTIVE
7363,1714,2,11,2020-02-16,ACTIVE
7364,1010,5,16,2020-05-27,ACTIVE
7365,773,2,3,2023-02-12,ACTIVE
7366,483,2,9,2022-03-09,DORMANT
7367,2393,3,11,2024-10-08,ACTIVE
7368,3180,1,17,2022-04-21,CLOSED
7369,1582,2,1,2020-02-23,DORMANT
7370,2522,5,9,2021-08-14,ACTIVE
7371,1106,3,3,2023-12-23,ACTIVE
7372,3710,2,10,2021-04-04,ACTIVE
7373,3362,5,5,2021-06-26,ACTIVE
7374,4271,1,11,2021-01-02,ACTIVE
7375,842,2,5,2024-04-08,DORMANT
7376,3535,5,12,2020-01-26,ACTIVE
7377,1873,5,14,2023-05-07,ACTIVE
7378,3506,4,12,2020-10-22,ACTIVE
7379,3321,5,19,2019-01-27,ACTIVE
7380,2729,4,9,2023-03-12,ACTIVE
7381,955,1,7,2021-06-02,ACTIVE
7382,1596,1,16,2023-12-20,ACTIVE
7383,2289,3,7,2019-05-07,ACTIVE
7384,4436,4,14,2023-01-19,ACTIVE
7385,744,5,8,2025-05-17,ACTIVE
7386,1495,3,18,2022-11-19,ACTIVE
7387,3347,3,3,2019-11-15,ACTIVE
7388,4111,1,2,2019-12-07,ACTIVE
7389,1989,5,5,2020-11-24,ACTIVE
7390,208,4,8,2019-04-29,ACTIVE
7391,1084,1,19,2021-02-16,ACTIVE
7392,2413,3,9,2022-10-23,ACTIVE
7393,3312,2,2,2020-01-20,ACTIVE
7394,4011,3,15,2024-06-28,ACTIVE
7395,397,2,8,2023-05-25,ACTIVE
7396,1958,1,10,2022-03-27,CLOSED
7397,4890,4,7,2023-06-22,ACTIVE
7398,209,5,19,2023-10-07,DORMANT
7399,433,2,1,2019-03-27,ACTIVE
7400,2657,5,2,2024-04-09,ACTIVE
7401,2437,1,3,2022-01-13,ACTIVE
7402,4679,1,14,2019-12-25,ACTIVE
7403,4528,1,15,2024-04-10,ACTIVE
7404,4447,4,14,2024-05-27,DORMANT
7405,134,2,8,2020-03-22,ACTIVE
7406,639,5,18,2024-04-09,ACTIVE
7407,1229,3,17,2024-06-21,ACTIVE
7408,3370,1,7,2022-08-19,ACTIVE
7409,4213,5,20,2021-12-14,DORMANT
7410,4020,5,1,2019-11-01,ACTIVE
7411,1291,4,9,2024-05-30,ACTIVE
7412,2197,2,9,2020-06-17,DORMANT
7413,1704,4,11,2024-09-13,ACTIVE
7414,2227,4,19,2023-04-13,ACTIVE
7415,2196,5,6,2022-03-09,ACTIVE
7416,4561,2,7,2021-10-11,ACTIVE
7417,976,2,15,2020-10-02,ACTIVE
7418,1029,2,20,2022-01-28,ACTIVE
7419,526,1,6,2021-01-28,ACTIVE
7420,2328,2,9,2024-03-07,ACTIVE
7421,2547,5,15,2019-10-11,DORMANT
7422,836,1,6,2019-04-23,ACTIVE
7423,2484,3,7,2019-07-16,CLOSED
7424,2864,4,17,2022-04-02,ACTIVE
7425,2735,2,6,2021-06-11,ACTIVE
7426,1539,3,9,2021-04-01,ACTIVE
7427,1911,2,3,2022-12-25,ACTIVE
7428,4050,4,14,2024-08-19,ACTIVE
7429,2643,5,6,2023-07-27,ACTIVE
7430,1304,5,4,2025-01-08,ACTIVE
7431,132,4,16,2019-07-10,ACTIVE
7432,393,3,16,2023-12-25,ACTIVE
7433,4577,1,9,2019-10-04,ACTIVE
7434,3585,1,4,2022-06-20,ACTIVE
7435,2676,2,8,2019-10-03,ACTIVE
7436,2467,4,8,2025-02-15,ACTIVE
7437,1226,4,6,2023-07-09,ACTIVE
7438,2706,1,8,2022-08-23,DORMANT
7439,462,3,6,2024-03-08,ACTIVE
7440,1802,4,14,2025-06-01,ACTIVE
7441,3274,5,14,2020-08-15,ACTIVE
7442,3986,5,18,2021-06-01,ACTIVE
7443,152,4,13,2022-10-19,DORMANT
7444,2270,3,15,2025-04-24,ACTIVE
7445,4175,5,3,2021-09-03,DORMANT
7446,1786,3,6,2023-03-15,ACTIVE
7447,3461,1,20,2022-06-08,ACTIVE
7448,1837,2,17,2019-01-14,ACTIVE
7449,1398,1,20,2021-11-03,ACTIVE
7450,1076,2,16,2021-10-04,ACTIVE
7451,4507,5,6,2025-03-07,ACTIVE
7452,2009,2,8,2021-11-29,ACTIVE
7453,1494,2,13,2023-12-15,ACTIVE
7454,1136,4,13,2024-03-18,ACTIVE
7455,1549,2,20,2021-05-04,ACTIVE
7456,785,4,17,2024-03-30,ACTIVE
7457,1421,2,3,2022-09-03,ACTIVE
7458,4839,4,13,2024-02-05,DORMANT
7459,2436,5,7,2025-02-01,ACTIVE
7460,3482,5,20,2023-11-04,ACTIVE
7461,3652,2,5,2023-12-06,ACTIVE
7462,2064,3,11,2022-08-01,DORMANT
7463,2021,5,18,2023-08-29,ACTIVE
7464,4758,1,4,2019-11-14,ACTIVE
7465,2150,1,20,2020-02-14,ACTIVE
7466,951,4,7,2024-07-11,ACTIVE
7467,25,3,4,2019-09-04,ACTIVE
7468,18,4,10,2025-02-02,ACTIVE
7469,3826,2,1,2022-09-29,CLOSED
7470,570,5,17,2019-09-21,ACTIVE
7471,1356,3,5,2019-06-17,ACTIVE
7472,1593,4,17,2021-11-14,ACTIVE
7473,831,4,3,2020-12-03,ACTIVE
7474,3083,1,9,2024-04-07,DORMANT
7475,872,2,3,2023-03-31,ACTIVE
7476,835,4,3,2022-08-26,ACTIVE
7477,3313,1,9,2023-07-21,CLOSED
7478,4953,3,5,2024-09-06,ACTIVE
7479,3117,4,10,2023-12-04,ACTIVE
7480,970,1,15,2022-10-25,ACTIVE
7481,593,2,12,2020-10-25,ACTIVE
7482,255,5,6,2024-09-15,ACTIVE
7483,2115,3,7,2020-06-30,ACTIVE
7484,2966,4,7,2020-10-07,ACTIVE
7485,2662,1,4,2021-05-27,ACTIVE
7486,603,4,13,2020-11-03,ACTIVE
7487,1066,5,15,2020-01-07,ACTIVE
7488,1840,4,18,2021-01-05,ACTIVE
7489,2432,4,18,2023-07-04,ACTIVE
7490,966,1,7,2024-11-19,ACTIVE
7491,1738,5,10,2020-04-24,DORMANT
7492,485,3,16,2025-03-13,CLOSED
7493,4135,1,8,2022-09-12,ACTIVE
7494,11,5,19,2020-11-30,ACTIVE
7495,4720,5,11,2022-06-24,ACTIVE
7496,4505,4,6,2021-10-09,ACTIVE
7497,2028,2,10,2023-09-18,ACTIVE
7498,3365,2,19,2019-11-30,ACTIVE
7499,3088,3,14,2020-10-25,DORMANT
7500,3039,4,20,2021-02-17,DORMANT
7501,605,2,6,2022-05-08,ACTIVE
7502,969,1,4,2022-09-20,ACTIVE
7503,4261,3,20,2023-11-17,ACTIVE
7504,437,4,15,2025-03-13,ACTIVE
7505,2775,1,5,2021-07-29,ACTIVE
7506,1810,2,16,2022-07-02,ACTIVE
7507,4910,2,7,2021-10-13,ACTIVE
7508,2770,2,2,2020-05-19,ACTIVE
7509,1830,2,13,2020-03-13,ACTIVE
7510,293,5,2,2019-01-06,DORMANT
7511,3952,3,9,2025-03-16,ACTIVE
7512,462,3,20,2023-03-17,ACTIVE
7513,3885,2,5,2020-05-27,ACTIVE
7514,3234,3,3,2021-05-18,ACTIVE
7515,2092,1,2,2021-09-01,ACTIVE
7516,3937,1,14,2022-06-24,ACTIVE
7517,2940,3,8,2021-09-03,ACTIVE
7518,4807,2,20,2020-09-12,ACTIVE
7519,89,4,12,2020-07-08,ACTIVE
7520,1664,2,17,2020-07-03,DORMANT
7521,3302,5,16,2020-08-16,ACTIVE
7522,2721,4,6,2022-11-20,ACTIVE
7523,2938,5,6,2023-10-23,ACTIVE
7524,422,3,18,2024-04-26,ACTIVE
7525,3750,5,2,2020-09-14,ACTIVE
7526,4972,3,8,2020-03-09,ACTIVE
7527,4434,5,14,2019-11-14,ACTIVE
7528,266,4,2,2023-03-05,DORMANT
7529,2851,5,17,2024-12-27,ACTIVE
7530,1379,2,16,2021-06-11,ACTIVE
7531,1815,3,18,2020-09-19,ACTIVE
7532,2265,1,6,2022-05-12,ACTIVE
7533,4417,5,17,2019-06-07,ACTIVE
7534,850,3,18,2022-09-15,ACTIVE
7535,4815,1,14,2025-02-21,ACTIVE
7536,3737,3,10,2022-12-25,ACTIVE
7537,992,3,4,2020-07-06,ACTIVE
7538,3765,1,18,2024-03-09,ACTIVE
7539,1809,1,11,2021-05-11,ACTIVE
7540,3275,4,16,2023-06-29,ACTIVE
7541,717,5,4,2023-02-04,ACTIVE
7542,896,5,19,2024-09-16,ACTIVE
7543,1177,3,6,2020-11-06,ACTIVE
7544,3754,2,8,2023-05-13,ACTIVE
7545,1777,2,18,2019-10-29,ACTIVE
7546,2805,3,19,2024-04-21,CLOSED
7547,3393,4,18,2021-06-16,ACTIVE
7548,1460,1,16,2020-09-07,ACTIVE
7549,2544,3,7,2023-07-06,ACTIVE
7550,4638,5,17,2019-05-12,ACTIVE
7551,4731,2,3,2023-06-20,ACTIVE
7552,3554,2,15,2023-06-07,ACTIVE
7553,1350,2,4,2022-04-08,ACTIVE
7554,2987,4,16,2021-08-02,ACTIVE
7555,3331,5,14,2021-06-03,ACTIVE
7556,4794,4,17,2022-07-12,ACTIVE
7557,2123,1,9,2022-07-30,ACTIVE
7558,3629,3,7,2023-04-20,ACTIVE
7559,498,3,14,2020-04-15,ACTIVE
7560,3488,2,12,2024-05-09,ACTIVE
7561,722,2,17,2024-09-21,ACTIVE
7562,1364,1,9,2019-03-19,ACTIVE
7563,308,4,12,2021-11-25,ACTIVE
7564,2752,5,12,2022-04-12,ACTIVE
7565,884,1,8,2020-10-08,ACTIVE
7566,1265,3,10,2022-09-15,ACTIVE
7567,4349,3,12,2021-12-14,ACTIVE
7568,2445,4,5,2021-02-02,DORMANT
7569,3034,1,20,2025-05-15,ACTIVE
7570,1053,5,1,2020-04-03,ACTIVE
7571,494,1,9,2020-11-22,ACTIVE
7572,2022,1,15,2023-01-18,ACTIVE
7573,1748,4,2,2024-01-19,DORMANT
7574,3303,5,4,2019-03-15,CLOSED
7575,2280,3,4,2023-01-18,ACTIVE
7576,932,2,3,2021-03-29,DORMANT
7577,1926,5,16,2024-05-31,ACTIVE
7578,757,3,8,2019-06-04,ACTIVE
7579,1055,4,7,2020-06-02,DORMANT
7580,3931,5,12,2020-01-10,ACTIVE
7581,4552,5,12,2019-12-09,ACTIVE
7582,4355,3,4,2024-09-22,ACTIVE
7583,4527,3,15,2020-07-01,ACTIVE
7584,3454,1,6,2022-01-25,ACTIVE
7585,2517,1,3,2025-01-21,ACTIVE
7586,1965,5,7,2020-03-11,DORMANT
7587,647,2,6,2021-10-27,ACTIVE
7588,4543,4,1,2020-03-19,ACTIVE
7589,2831,3,8,2020-04-23,CLOSED
7590,195,1,1,2024-03-15,ACTIVE
7591,1146,4,16,2023-02-26,ACTIVE
7592,2510,5,3,2019-02-06,ACTIVE
7593,4292,3,2,2023-04-06,ACTIVE
7594,2084,3,6,2019-04-08,ACTIVE
7595,4741,1,8,2021-11-10,ACTIVE
7596,3353,2,7,2022-06-09,ACTIVE
7597,322,3,7,2020-04-12,ACTIVE
7598,2288,2,19,2019-12-20,ACTIVE
7599,3132,4,18,2019-03-13,ACTIVE
7600,4746,3,3,2022-10-07,ACTIVE
7601,1703,3,11,2021-12-11,ACTIVE
7602,2213,2,11,2022-05-30,ACTIVE
7603,831,1,3,2021-10-20,ACTIVE
7604,189,5,1,2023-12-26,ACTIVE
7605,4053,4,10,2021-09-16,ACTIVE
7606,92,3,2,2020-04-04,ACTIVE
7607,3878,1,17,2022-04-05,ACTIVE
7608,1912,3,9,2022-07-30,ACTIVE
7609,2337,4,18,2020-12-17,ACTIVE
7610,1581,5,20,2020-01-02,ACTIVE
7611,1409,3,9,2020-08-29,DORMANT
7612,175,2,11,2021-01-18,CLOSED
7613,474,1,17,2023-08-27,ACTIVE
7614,3433,5,14,2020-08-24,ACTIVE
7615,270,3,18,2020-09-11,ACTIVE
7616,2045,5,18,2019-09-12,ACTIVE
7617,3196,2,12,2022-05-08,ACTIVE
7618,694,3,18,2021-04-15,CLOSED
7619,4472,5,8,2024-01-25,DORMANT
7620,1416,3,8,2020-10-30,ACTIVE
7621,2084,3,8,2025-04-25,ACTIVE
7622,1236,5,20,2019-09-10,ACTIVE
7623,3968,3,15,2020-05-08,ACTIVE
7624,1972,2,8,2022-02-04,ACTIVE
7625,134,5,14,2023-05-24,ACTIVE
7626,2913,5,13,2019-12-02,ACTIVE
7627,4786,2,8,2024-10-01,ACTIVE
7628,841,2,17,2023-11-12,ACTIVE
7629,1462,2,19,2024-02-11,ACTIVE
7630,4935,3,6,2019-07-29,ACTIVE
7631,3473,3,17,2021-10-09,ACTIVE
7632,4844,4,4,2022-10-08,ACTIVE
7633,2876,3,7,2021-06-12,DORMANT
7634,2510,2,17,2022-07-06,ACTIVE
7635,966,4,18,2019-12-03,ACTIVE
7636,2039,2,6,2022-11-19,ACTIVE
7637,4241,1,10,2020-11-05,ACTIVE
7638,1851,5,18,2019-04-15,ACTIVE
7639,735,1,7,2020-12-03,ACTIVE
7640,2454,2,14,2022-02-21,DORMANT
7641,3017,3,14,2024-08-15,ACTIVE
7642,3003,5,10,2022-07-14,ACTIVE
7643,2316,3,9,2022-07-16,ACTIVE
7644,4004,3,10,2020-11-04,ACTIVE
7645,2314,5,2,2022-05-03,DORMANT
7646,4624,5,3,2025-06-29,ACTIVE
7647,3164,1,16,2021-01-26,ACTIVE
7648,3320,2,10,2021-12-24,ACTIVE
7649,3462,3,11,2019-07-20,ACTIVE
7650,430,2,10,2019-08-30,ACTIVE
7651,2989,2,12,2024-08-12,ACTIVE
7652,3797,4,14,2023-01-27,ACTIVE
7653,1597,1,9,2021-08-25,ACTIVE
7654,3363,3,13,2025-06-10,ACTIVE
7655,2351,5,6,2019-11-10,ACTIVE
7656,1780,5,11,2021-06-01,ACTIVE
7657,3989,2,1,2020-05-12,ACTIVE
7658,2449,1,15,2023-04-07,ACTIVE
7659,2871,1,7,2024-10-19,ACTIVE
7660,2911,3,11,2024-03-20,ACTIVE
7661,4614,3,17,2024-06-17,ACTIVE
7662,4261,2,5,2023-03-21,DORMANT
7663,2073,2,9,2024-06-21,ACTIVE
7664,3808,2,16,2022-08-25,CLOSED
7665,4225,4,11,2023-04-22,ACTIVE
7666,2865,1,17,2024-09-09,ACTIVE
7667,3619,2,6,2022-05-29,ACTIVE
7668,1018,1,15,2023-03-22,ACTIVE
7669,4691,5,3,2023-06-29,ACTIVE
7670,1333,5,9,2022-09-22,ACTIVE
7671,2484,1,12,2025-01-18,DORMANT
7672,182,5,19,2024-02-22,ACTIVE
7673,4840,5,18,2020-07-17,ACTIVE
7674,1839,5,16,2025-01-14,DORMANT
7675,2452,3,8,2024-08-22,ACTIVE
7676,1953,3,19,2022-04-24,CLOSED
7677,4701,1,5,2021-01-03,ACTIVE
7678,263,1,12,2021-01-22,ACTIVE
7679,661,4,6,2025-06-14,ACTIVE
7680,1316,3,12,2019-05-28,ACTIVE
7681,2920,1,15,2024-04-09,ACTIVE
7682,4918,3,10,2021-10-17,ACTIVE
7683,2195,4,17,2021-12-14,ACTIVE
7684,2073,1,7,2023-09-30,ACTIVE
7685,2020,1,7,2023-11-21,ACTIVE
7686,2741,1,11,2020-11-22,ACTIVE
7687,816,1,2,2024-09-23,ACTIVE
7688,4778,2,2,2023-10-12,CLOSED
7689,3419,3,14,2024-11-03,ACTIVE
7690,4098,3,18,2023-12-11,ACTIVE
7691,3718,3,16,2019-09-21,ACTIVE
7692,4735,4,11,2022-06-02,ACTIVE
7693,3630,2,9,2019-08-04,ACTIVE
7694,2754,3,7,2019-08-19,ACTIVE
7695,3368,3,4,2023-09-22,ACTIVE
7696,4686,1,16,2022-04-15,ACTIVE
7697,202,1,14,2023-03-21,ACTIVE
7698,1005,1,11,2023-10-13,ACTIVE
7699,1313,3,8,2020-12-07,ACTIVE
7700,2026,1,11,2020-05-27,ACTIVE
7701,3134,3,20,2024-03-11,ACTIVE
7702,3574,4,17,2022-01-29,ACTIVE
7703,4222,4,19,2025-06-10,ACTIVE
7704,3672,5,10,2024-04-20,ACTIVE
7705,4942,2,12,2024-06-15,ACTIVE
7706,1797,1,1,2019-12-17,ACTIVE
7707,4275,1,2,2021-03-13,ACTIVE
7708,1605,2,18,2020-03-26,ACTIVE
7709,1903,2,7,2022-07-16,ACTIVE
7710,4000,5,16,2021-06-20,ACTIVE
7711,4589,2,13,2019-03-04,ACTIVE
7712,3505,3,4,2023-11-24,ACTIVE
7713,2620,1,10,2020-05-19,ACTIVE
7714,2350,2,9,2025-05-01,ACTIVE
7715,4365,3,18,2023-08-27,ACTIVE
7716,4720,2,9,2023-07-12,ACTIVE
7717,2673,3,10,2022-04-23,DORMANT
7718,819,4,8,2023-05-14,ACTIVE
7719,2678,3,11,2024-01-13,ACTIVE
7720,548,5,13,2021-02-02,ACTIVE
7721,4433,3,13,2025-05-28,ACTIVE
7722,359,2,16,2020-03-01,ACTIVE
7723,3362,4,13,2025-05-31,ACTIVE
7724,1925,4,12,2021-04-12,ACTIVE
7725,4912,3,15,2020-05-14,ACTIVE
7726,4456,2,16,2021-04-24,ACTIVE
7727,4443,4,8,2021-11-26,ACTIVE
7728,4648,3,6,2023-03-30,ACTIVE
7729,2702,3,8,2022-11-21,ACTIVE
7730,1931,3,2,2021-01-19,ACTIVE
7731,422,4,18,2023-05-10,ACTIVE
7732,336,1,11,2024-05-01,ACTIVE
7733,1527,2,17,2021-11-11,ACTIVE
7734,57,5,10,2020-05-09,ACTIVE
7735,3951,5,2,2022-05-11,ACTIVE
7736,3148,2,19,2021-08-07,ACTIVE
7737,3538,1,20,2022-10-01,ACTIVE
7738,722,2,20,2021-11-04,ACTIVE
7739,4078,3,20,2021-11-19,DORMANT
7740,386,2,2,2023-11-23,ACTIVE
7741,2818,2,6,2025-01-16,ACTIVE
7742,2888,4,17,2023-07-11,ACTIVE
7743,2720,5,12,2020-09-11,ACTIVE
7744,260,5,5,2020-09-18,ACTIVE
7745,4489,3,2,2019-09-29,ACTIVE
7746,600,3,9,2020-02-24,ACTIVE
7747,3256,4,2,2024-08-09,ACTIVE
7748,1040,3,20,2020-05-03,ACTIVE
7749,4049,1,14,2025-02-01,ACTIVE
7750,756,4,15,2021-03-06,ACTIVE
7751,3578,4,2,2022-09-03,DORMANT
7752,3158,2,18,2020-04-11,ACTIVE
7753,2759,2,12,2020-03-15,ACTIVE
7754,477,1,7,2022-09-16,ACTIVE
7755,1600,4,16,2019-09-30,ACTIVE
7756,2360,4,19,2021-11-10,ACTIVE
7757,1262,2,3,2025-01-21,ACTIVE
7758,1583,5,15,2023-02-24,DORMANT
7759,2839,5,15,2021-08-13,ACTIVE
7760,4826,2,7,2022-07-14,ACTIVE
7761,3571,3,8,2024-04-03,ACTIVE
7762,1499,4,7,2019-07-07,ACTIVE
7763,749,1,3,2023-02-07,ACTIVE
7764,4812,5,19,2019-07-27,CLOSED
7765,2387,3,19,2019-03-15,ACTIVE
7766,531,4,18,2020-11-03,ACTIVE
7767,4788,3,7,2021-11-15,ACTIVE
7768,2210,4,19,2021-05-23,DORMANT
7769,4064,4,5,2023-11-29,CLOSED
7770,3869,2,13,2024-02-25,ACTIVE
7771,1109,2,2,2020-05-29,ACTIVE
7772,490,1,18,2023-12-29,ACTIVE
7773,5,1,4,2019-10-07,CLOSED
7774,76,3,4,2021-01-29,ACTIVE
7775,2729,2,8,2020-07-09,ACTIVE
7776,473,4,11,2021-11-22,ACTIVE
7777,3210,2,1,2019-10-18,ACTIVE
7778,1382,4,9,2021-02-23,ACTIVE
7779,838,2,6,2023-06-11,ACTIVE
7780,603,4,4,2021-01-11,ACTIVE
7781,1187,3,6,2019-03-24,DORMANT
7782,1482,2,13,2024-07-04,ACTIVE
7783,3273,5,9,2022-03-07,DORMANT
7784,232,5,14,2019-03-24,ACTIVE
7785,328,4,12,2023-09-07,ACTIVE
7786,950,3,4,2020-10-09,ACTIVE
7787,1887,4,8,2019-05-31,DORMANT
7788,4096,3,17,2021-08-01,ACTIVE
7789,2298,1,5,2023-10-24,ACTIVE
7790,1308,2,3,2021-05-09,ACTIVE
7791,198,3,4,2025-06-24,ACTIVE
7792,4512,4,8,2024-02-12,ACTIVE
7793,2780,1,16,2019-04-25,ACTIVE
7794,3337,4,11,2020-12-26,ACTIVE
7795,1339,5,2,2023-03-31,ACTIVE
7796,1692,5,8,2022-01-12,ACTIVE
7797,216,2,7,2021-06-05,ACTIVE
7798,1650,2,1,2021-03-20,ACTIVE
7799,2863,1,2,2025-01-10,ACTIVE
7800,610,5,13,2024-01-15,ACTIVE
7801,2559,3,11,2019-09-10,ACTIVE
7802,918,5,3,2022-07-20,ACTIVE
7803,4253,2,2,2021-04-04,ACTIVE
7804,162,4,16,2020-05-21,ACTIVE
7805,4138,1,1,2024-12-19,ACTIVE
7806,2812,5,7,2023-10-01,ACTIVE
7807,3422,3,3,2019-12-17,ACTIVE
7808,4216,3,16,2022-01-11,ACTIVE
7809,1099,3,6,2024-06-10,ACTIVE
7810,2722,1,14,2021-03-28,ACTIVE
7811,2709,3,11,2024-12-13,ACTIVE
7812,123,3,19,2021-04-14,DORMANT
7813,2701,5,1,2024-06-10,ACTIVE
7814,3254,1,13,2021-06-14,ACTIVE
7815,3062,4,20,2024-11-22,ACTIVE
7816,3962,4,9,2019-03-04,ACTIVE
7817,789,3,11,2021-01-20,DORMANT
7818,257,2,1,2019-01-26,ACTIVE
7819,4026,1,13,2019-01-01,ACTIVE
7820,3655,2,20,2024-11-11,ACTIVE
7821,3252,1,1,2024-04-21,ACTIVE
7822,3590,1,3,2023-08-29,ACTIVE
7823,4776,5,20,2019-10-25,ACTIVE
7824,608,3,17,2024-06-07,ACTIVE
7825,4427,5,5,2025-04-20,CLOSED
7826,3928,2,6,2023-05-14,ACTIVE
7827,2153,2,17,2019-07-28,ACTIVE
7828,547,4,10,2023-01-21,ACTIVE
7829,4889,5,11,2021-06-25,DORMANT
7830,1905,5,13,2019-10-11,DORMANT
7831,1683,5,10,2019-12-16,ACTIVE
7832,489,4,14,2022-09-18,DORMANT
7833,1823,5,13,2024-07-05,ACTIVE
7834,3122,5,4,2023-11-09,DORMANT
7835,3775,5,20,2022-09-13,DORMANT
7836,3073,5,17,2022-08-10,ACTIVE
7837,3453,2,18,2023-02-26,ACTIVE
7838,650,3,11,2019-07-03,ACTIVE
7839,648,2,10,2024-07-23,ACTIVE
7840,381,5,18,2019-07-31,ACTIVE
7841,2067,1,19,2022-06-28,ACTIVE
7842,1864,1,9,2019-06-16,ACTIVE
7843,2291,4,5,2024-02-15,ACTIVE
7844,4225,2,1,2022-03-31,DORMANT
7845,1200,4,5,2021-05-24,ACTIVE
7846,4505,4,3,2022-12-13,ACTIVE
7847,4888,1,1,2023-07-12,CLOSED
7848,2991,2,19,2020-02-11,ACTIVE
7849,1108,3,6,2020-02-09,ACTIVE
7850,3448,2,10,2019-10-02,DORMANT
7851,222,4,5,2022-12-09,ACTIVE
7852,1440,5,12,2024-11-29,ACTIVE
7853,618,4,12,2021-03-02,ACTIVE
7854,2571,2,17,2025-06-07,CLOSED
7855,2756,1,2,2019-05-16,ACTIVE
7856,2791,2,14,2019-11-29,ACTIVE
7857,3943,3,12,2021-10-23,ACTIVE
7858,3310,5,13,2023-03-16,ACTIVE
7859,4055,5,5,2024-10-25,ACTIVE
7860,225,4,5,2025-02-10,ACTIVE
7861,2242,2,17,2022-04-01,CLOSED
7862,4153,1,5,2021-11-10,ACTIVE
7863,3697,3,19,2023-05-21,ACTIVE
7864,3351,4,4,2021-08-10,DORMANT
7865,3828,2,7,2025-06-04,ACTIVE
7866,1404,1,17,2024-06-09,ACTIVE
7867,4213,2,11,2020-04-16,ACTIVE
7868,410,1,6,2019-06-14,ACTIVE
7869,1917,2,13,2024-06-14,ACTIVE
7870,3439,2,12,2023-10-06,ACTIVE
7871,4068,4,5,2019-06-13,ACTIVE
7872,2860,2,10,2019-04-14,ACTIVE
7873,1984,2,11,2020-08-18,CLOSED
7874,2052,4,9,2019-04-30,ACTIVE
7875,3702,4,13,2025-04-25,ACTIVE
7876,23,5,3,2022-02-01,ACTIVE
7877,2969,5,17,2019-12-30,ACTIVE
7878,745,4,18,2023-04-19,ACTIVE
7879,602,3,5,2020-01-04,ACTIVE
7880,3036,1,16,2021-08-15,CLOSED
7881,1843,4,16,2023-11-03,ACTIVE
7882,2675,5,11,2022-04-23,ACTIVE
7883,4177,2,4,2022-06-08,ACTIVE
7884,2663,4,9,2019-05-15,ACTIVE
7885,483,4,15,2024-09-23,ACTIVE
7886,4037,5,12,2023-02-24,ACTIVE
7887,2640,5,16,2020-08-17,CLOSED
7888,3312,3,4,2022-12-16,ACTIVE
7889,4129,5,3,2021-02-04,DORMANT
7890,4376,5,4,2024-04-28,ACTIVE
7891,3826,5,2,2022-09-02,ACTIVE
7892,2200,2,19,2023-05-06,ACTIVE
7893,1683,4,7,2025-05-29,ACTIVE
7894,4797,4,2,2020-06-19,ACTIVE
7895,3609,5,1,2020-09-25,DORMANT
7896,1019,3,18,2024-09-27,ACTIVE
7897,4761,5,8,2020-10-22,ACTIVE
7898,2971,3,8,2020-04-03,ACTIVE
7899,1312,4,10,2023-08-08,ACTIVE
7900,1419,3,18,2021-01-24,ACTIVE
7901,2501,3,11,2024-03-08,ACTIVE
7902,2668,1,1,2024-10-16,ACTIVE
7903,1387,3,7,2020-05-23,ACTIVE
7904,1145,3,8,2021-01-05,DORMANT
7905,2064,2,14,2025-03-07,ACTIVE
7906,4835,4,19,2022-08-16,DORMANT
7907,1547,5,8,2024-12-11,ACTIVE
7908,2146,1,19,2019-10-19,ACTIVE
7909,2164,3,4,2020-02-25,ACTIVE
7910,3013,2,10,2024-04-02,ACTIVE
7911,4445,2,10,2021-03-22,ACTIVE
7912,4328,5,4,2024-09-28,ACTIVE
7913,3183,5,8,2024-07-02,ACTIVE
7914,3424,4,7,2019-07-02,ACTIVE
7915,4002,3,15,2019-09-04,ACTIVE
7916,3560,2,8,2020-10-11,ACTIVE
7917,1557,1,10,2020-07-14,ACTIVE
7918,2687,4,7,2024-10-20,ACTIVE
7919,2333,3,19,2021-02-08,ACTIVE
7920,1657,5,3,2020-07-09,ACTIVE
7921,545,3,9,2020-05-18,ACTIVE
7922,392,5,16,2020-09-19,ACTIVE
7923,1989,3,14,2023-10-20,ACTIVE
7924,4086,1,7,2021-12-30,ACTIVE
7925,297,4,12,2019-06-10,ACTIVE
7926,1087,5,1,2023-12-14,ACTIVE
7927,4366,1,16,2024-12-14,DORMANT
7928,3262,2,3,2023-09-02,ACTIVE
7929,4606,1,1,2023-04-02,ACTIVE
7930,1117,1,6,2022-08-20,ACTIVE
7931,1077,1,2,2025-04-05,DORMANT
7932,496,5,7,2025-02-01,ACTIVE
7933,2996,2,8,2025-03-07,ACTIVE
7934,94,4,13,2024-07-12,ACTIVE
7935,4721,1,16,2022-04-27,ACTIVE
7936,4325,5,10,2024-06-18,ACTIVE
7937,721,5,4,2020-09-25,ACTIVE
7938,4363,4,13,2024-06-29,ACTIVE
7939,4377,3,17,2021-11-22,ACTIVE
7940,4027,2,8,2020-05-15,ACTIVE
7941,4056,2,8,2025-06-17,ACTIVE
7942,1107,1,7,2023-04-13,ACTIVE
7943,3933,3,1,2022-03-20,ACTIVE
7944,3723,2,15,2023-05-18,CLOSED
7945,1372,1,15,2024-11-28,ACTIVE
7946,423,3,19,2024-06-07,ACTIVE
7947,2006,5,4,2020-06-03,DORMANT
7948,4550,1,6,2024-04-01,DORMANT
7949,4603,3,10,2022-08-21,ACTIVE
7950,4412,4,12,2024-01-21,ACTIVE
7951,764,2,4,2021-07-21,ACTIVE
7952,3369,1,6,2023-03-22,DORMANT
7953,898,5,14,2020-02-12,ACTIVE
7954,953,1,13,2023-03-12,ACTIVE
7955,2923,2,3,2020-09-15,ACTIVE
7956,4480,2,15,2020-07-05,ACTIVE
7957,3198,3,3,2019-11-16,ACTIVE
7958,4199,5,5,2021-12-05,ACTIVE
7959,900,3,13,2020-10-28,ACTIVE
7960,4024,5,15,2020-09-19,ACTIVE
7961,4206,1,17,2023-11-20,ACTIVE
7962,3642,1,6,2023-02-18,DORMANT
7963,3544,3,18,2022-02-07,ACTIVE
7964,3642,4,3,2023-02-18,ACTIVE
7965,4766,2,9,2024-02-02,ACTIVE
7966,3091,3,8,2023-06-04,ACTIVE
7967,4480,3,20,2024-10-24,ACTIVE
7968,762,1,11,2020-09-01,DORMANT
7969,2408,2,11,2023-03-02,ACTIVE
7970,886,3,8,2020-04-23,ACTIVE
7971,2644,1,1,2020-08-10,ACTIVE
7972,3244,1,2,2020-08-15,ACTIVE
7973,1236,3,20,2019-11-05,ACTIVE
7974,2934,3,4,2019-09-24,DORMANT
7975,1469,1,2,2024-09-11,ACTIVE
7976,10,3,2,2024-01-07,ACTIVE
7977,792,2,13,2024-09-18,ACTIVE
7978,1663,1,20,2020-11-16,ACTIVE
7979,744,1,6,2025-04-26,ACTIVE
7980,2429,3,4,2025-05-03,ACTIVE
7981,3494,3,15,2024-06-23,ACTIVE
7982,4547,3,3,2020-10-28,ACTIVE
7983,1117,2,4,2023-08-12,ACTIVE
7984,2442,1,17,2022-11-07,DORMANT
7985,1355,4,6,2023-03-02,ACTIVE
7986,2481,2,2,2021-10-17,ACTIVE
7987,3002,2,20,2020-03-21,ACTIVE
7988,1187,1,13,2019-10-15,DORMANT
7989,4088,4,15,2021-12-17,ACTIVE
7990,2832,1,5,2023-08-18,DORMANT
7991,3662,2,19,2021-03-04,ACTIVE
7992,1749,3,6,2023-04-14,ACTIVE
7993,2864,1,17,2021-02-13,DORMANT
7994,1115,1,1,2019-10-04,ACTIVE
7995,3265,3,2,2024-06-22,ACTIVE
7996,3091,4,1,2021-08-20,ACTIVE
7997,1064,4,8,2023-03-26,ACTIVE
7998,3749,1,4,2021-01-05,ACTIVE
7999,4546,3,18,2019-04-24,ACTIVE
8000,2733,1,9,2021-02-10,ACTIVE
