customer_id,full_name,segment,country,onboarded_date
1,James Mayo,Retail,GB,2022-12-17
2,Kristin Cohen,Business,IE,2019-06-12
3,Patty Perez,Premier,US,2020-07-05
4,Ethan Adams,Retail,IE,2022-09-05
5,Tommy Walter,Retail,IE,2021-11-07
6,Matthew Foster,Retail,IE,2021-05-26
7,Judy Baker,Retail,US,2021-01-15
8,Justin Baker,Retail,US,2020-03-09
9,Stephanie Ross,Retail,IE,2022-03-04
10,Zachary Hicks,Retail,GB,2018-01-12
11,Anthony Rodriguez,Retail,IE,2020-04-12
12,Rebecca Henderson,Retail,GB,2021-05-26
13,James Ferrell,Retail,IE,2022-07-31
14,Tricia Valencia,Retail,DE,2023-11-24
15,Nathan Maldonado,Retail,IE,2019-11-22
16,Debra Davidson,Premier,IE,2019-06-12
17,Jeffrey Chavez,Retail,US,2022-02-04
18,Sherri Baker,Retail,GB,2020-06-11
19,Cassandra Gaines,Retail,DE,2019-01-22
20,Elizabeth Fowler,Retail,GB,2021-06-03
21,Brittany Farmer,Retail,DE,2024-12-03
22,Paula Moreno,Retail,IE,2022-11-13
23,Fred Smith,Retail,US,2019-02-12
24,Sherry Decker,Business,US,2022-08-04
25,Anthony Humphrey,Business,GB,2020-06-16
26,Angelica Tucker,Premier,US,2019-12-12
27,Philip Cannon,Retail,GB,2022-08-10
28,John Pierce,Retail,GB,2020-07-06
29,Shane Henderson,Retail,DE,2024-02-29
30,Joshua Blair,Retail,GB,2019-02-21
31,Eric Carney,Retail,DE,2019-02-20
32,Jessica Holmes,Retail,US,2022-01-11
33,Danny Morgan,Retail,GB,2022-03-16
34,Crystal Robinson,Business,GB,2018-03-26
35,Mark Perez,Retail,IE,2018-06-16
36,Shannon Jones,Retail,GB,2024-08-28
37,Michael Lewis,Retail,GB,2024-11-20
38,Timothy Duncan,Retail,IE,2020-12-31
39,Richard Aguirre,Retail,IE,2020-03-20
40,Brent Jordan,Retail,US,2022-03-25
41,John Daniel,Business,GB,2022-12-22
42,Victoria Garcia,Premier,US,2024-11-25
43,Gerald Hensley,Business,US,2020-09-19
44,Connor West,Premier,IE,2021-07-05
45,Donald Wright,Retail,DE,2018-10-02
46,Jessica Callahan,Business,US,2022-11-09
47,Amber Kidd,Retail,DE,2024-12-12
48,Tracy House,Retail,GB,2022-10-23
49,Carol Tucker,Retail,IE,2024-07-01
50,James Brown,Retail,GB,2020-06-10
51,William Baker,Retail,GB,2018-03-30
52,Jordan Henderson,Retail,IE,2024-12-08
53,Whitney Peters,Premier,GB,2019-12-09
54,Brittney Phillips,Retail,IE,2024-07-25
55,Lauren Daniels,Retail,DE,2019-01-22
56,Amy Silva,Retail,GB,2023-11-05
57,Sarah Moore,Retail,IE,2024-06-12
58,Angela Lopez,Premier,US,2023-02-17
59,Megan Young,Retail,GB,2021-03-23
60,Steve Sanchez,Business,DE,2019-03-16
61,Lisa Barnes,Premier,IE,2024-04-30
62,Kelly Donovan,Retail,GB,2020-09-03
63,Mike Allen,Retail,GB,2020-01-05
64,Michael Evans,Premier,GB,2024-10-04
65,Paul Jones,Premier,DE,2024-12-15
66,Zachary Ferrell,Premier,IE,2019-09-25
67,Daniel Baker,Premier,US,2020-09-19
68,Shirley Suarez,Retail,US,2024-09-24
69,Christopher Bass,Retail,US,2018-06-22
70,Lisa Archer,Retail,IE,2018-01-04
71,Aimee Montoya,Premier,US,2022-07-22
72,Matthew Mcmillan,Retail,DE,2023-07-09
73,Brian Rodriguez,Retail,IE,2022-02-04
74,Denise Jacobs,Retail,GB,2020-11-26
75,Christina Walters,Retail,DE,2020-11-20
76,John Whitehead,Retail,GB,2019-01-16
77,Anna Henderson,Premier,US,2021-07-15
78,Aaron Wise,Retail,DE,2024-07-19
79,Deborah Figueroa,Premier,IE,2022-05-12
80,Jessica Smith,Retail,DE,2018-06-15
81,Stephen Mckee,Retail,GB,2024-07-17
82,Sandra Aguilar,Premier,IE,2020-11-08
83,Cameron Parker,Premier,DE,2022-07-10
84,Rebecca Valencia,Retail,DE,2021-04-22
85,Christine Wright,Premier,DE,2019-06-29
86,Richard Henson,Retail,DE,2024-02-18
87,Marc Moore,Retail,IE,2024-06-25
88,Sharon Cherry,Retail,GB,2024-11-27
89,Sierra Johnson,Retail,DE,2024-10-10
90,Evelyn Galvan,Retail,IE,2018-04-07
91,Sharon Cochran,Retail,GB,2024-12-18
92,Richard Rodriguez,Retail,DE,2021-07-25
93,Shannon Walker,Retail,GB,2023-08-19
94,Julia Torres,Retail,GB,2019-04-02
95,Crystal Johnson,Business,IE,2022-12-24
96,Garrett Lin,Retail,GB,2018-09-30
97,Diana May,Retail,IE,2020-10-28
98,William Herrera,Premier,DE,2018-07-27
99,Ashley Waller,Retail,GB,2023-04-22
100,Victor Baker,Retail,GB,2022-07-19
101,Jeffrey Chandler,Retail,US,2021-02-20
102,Larry Dixon,Retail,DE,2020-11-22
103,Kenneth Scott,Business,DE,2022-03-17
104,April Frost,Premier,US,2018-07-23
105,Michelle Harmon,Retail,US,2023-01-07
106,Helen Jones,Premier,IE,2019-03-19
107,Erin Edwards,Premier,IE,2019-11-20
108,Michelle Evans,Retail,GB,2020-04-12
109,Jason Powell,Premier,GB,2024-07-14
110,Cameron Fisher,Retail,GB,2022-01-01
111,Megan Orr,Premier,GB,2021-03-05
112,Elizabeth Kelley,Premier,IE,2019-01-22
113,Dustin Jordan,Retail,DE,2023-08-04
114,Mary Marshall,Retail,GB,2024-12-28
115,Daniel Kennedy,Retail,DE,2021-09-10
116,Rebecca Jackson,Retail,GB,2022-09-15
117,Jose Schultz,Premier,US,2019-11-11
118,Robert Potter,Premier,GB,2019-11-21
119,Courtney Gonzalez,Retail,GB,2022-04-18
120,David Alvarez,Retail,GB,2021-03-15
121,Angel Perry,Retail,IE,2020-06-11
122,Cheyenne Horton,Retail,US,2020-08-10
123,David Douglas Jr.,Retail,GB,2021-06-08
124,Patricia Rodriguez,Retail,GB,2020-02-23
125,Christopher Rubio,Business,DE,2023-08-09
126,Amber Wright,Retail,US,2023-02-15
127,Joyce Solis,Retail,GB,2019-05-10
128,Victoria Larson,Premier,DE,2020-01-17
129,Stephanie Salazar,Retail,DE,2024-10-20
130,Kathy Rivas,Business,IE,2023-01-29
131,Stephanie Manning,Business,DE,2024-07-20
132,David Wright,Retail,GB,2024-01-01
133,Pamela Boyd,Retail,IE,2019-10-19
134,Denise Jones,Retail,IE,2023-02-26
135,Devon Flores,Retail,GB,2024-07-20
136,Brenda Hall,Retail,US,2022-12-02
137,Michelle Brown,Retail,DE,2018-09-25
138,Joshua Perry,Retail,IE,2024-01-26
139,Jason Stein,Retail,US,2022-10-29
140,Melissa Gates,Retail,GB,2023-09-12
141,Jamie Smith,Business,DE,2019-01-12
142,Paul Castaneda,Retail,DE,2022-05-05
143,Jennifer Adkins,Retail,IE,2022-01-03
144,Lindsey Walker,Retail,DE,2024-09-06
145,Jeffrey Johnson,Business,DE,2019-05-04
146,Michael Powell,Retail,DE,2019-12-23
147,John Anderson,Retail,DE,2020-08-03
148,Alyssa Long,Premier,GB,2023-09-18
149,Alyssa Day,Retail,US,2022-06-24
150,Joel Williams,Premier,GB,2020-11-06
151,Daniel Murphy,Retail,GB,2024-03-23
152,Jamie Walton,Retail,IE,2023-10-16
153,Darlene Miller,Retail,DE,2022-08-05
154,Joshua Cooke,Retail,GB,2020-09-25
155,Matthew Harrington,Retail,DE,2022-11-13
156,Nicole Herring,Premier,GB,2024-04-03
157,Alex Hernandez,Retail,GB,2020-08-14
158,Michael Elliott,Retail,IE,2022-05-09
159,Michael Wang,Retail,US,2021-03-07
160,Lawrence Adkins,Retail,US,2024-11-25
161,Robert Oconnell,Retail,GB,2023-02-12
162,Alexander Collins,Retail,IE,2019-07-07
163,Tina Sanders,Retail,DE,2022-06-22
164,Angela Vaughn,Retail,DE,2019-11-26
165,Ashley Barton,Retail,GB,2018-11-13
166,Lindsay Martinez,Retail,US,2020-02-07
167,Dr. Hannah Patterson,Retail,IE,2023-05-26
168,Jonathan Peterson,Retail,US,2024-04-24
169,Samantha Garcia,Business,DE,2022-02-12
170,Madison Poole,Retail,US,2018-05-03
171,Jessica Gross,Retail,DE,2024-07-17
172,Debra Morton,Retail,IE,2023-02-12
173,Karen Graham,Business,IE,2022-07-30
174,Debra Christian,Premier,GB,2020-12-18
175,Angelica Keith,Retail,GB,2022-09-25
176,John Bishop,Retail,US,2024-04-26
177,Allen Rosales,Premier,IE,2023-06-20
178,Daniel Salinas,Retail,IE,2023-11-13
179,Spencer Haynes,Retail,GB,2021-02-22
180,Adam Vaughan,Retail,DE,2023-09-20
181,Nathan Freeman,Retail,US,2023-03-30
182,Melissa Brewer,Premier,US,2018-09-11
183,Ricky Davis II,Business,GB,2018-01-07
184,Elizabeth Perkins,Retail,IE,2023-10-18
185,Joseph Coleman,Retail,GB,2019-06-26
186,Erin Warner,Retail,GB,2018-03-30
187,David Martinez,Premier,GB,2023-04-23
188,Bryan Herrera,Premier,GB,2018-08-01
189,Cathy Robinson,Premier,DE,2018-09-23
190,Dr. William Warren,Premier,DE,2024-05-29
191,Brian Lee,Retail,IE,2021-05-15
192,Christopher Smith,Retail,GB,2024-07-08
193,Denise Mccann,Retail,DE,2020-10-01
194,Melissa Martinez,Premier,IE,2023-09-26
195,Katherine Salas,Retail,GB,2019-09-14
196,Julie Alexander,Retail,US,2019-03-03
197,Anthony Everett,Retail,DE,2018-07-29
198,Rodney Morales,Retail,IE,2020-06-06
199,Mark Brown,Retail,US,2021-12-14
200,Justin Torres,Retail,GB,2018-06-03
201,Bailey Duran DDS,Retail,GB,2019-02-19
202,Courtney Mills,Retail,GB,2021-03-26
203,Jeremy Dalton,Retail,DE,2021-07-08
204,Elizabeth Oliver DDS,Retail,IE,2020-02-08
205,Theresa Clark,Premier,US,2020-09-09
206,Matthew Moore,Retail,IE,2022-02-20
207,Benjamin Smith,Retail,DE,2019-08-02
208,Kirk Carter,Premier,IE,2024-01-20
209,Michael Warner,Retail,DE,2020-11-04
210,Michael Bradshaw,Premier,GB,2024-02-21
211,Lori Guerrero,Retail,US,2019-06-26
212,Jessica Stephens,Retail,GB,2018-12-25
213,Susan Serrano,Retail,IE,2020-04-29
214,Christopher Parker,Retail,GB,2019-03-03
215,Laura Roberts,Retail,US,2024-12-19
216,Michael Lyons,Retail,GB,2019-05-01
217,Kathryn Snyder,Business,US,2023-01-06
218,Andrew Reynolds,Retail,US,2022-01-12
219,David Davis,Premier,GB,2021-12-07
220,Sara Johnston,Retail,DE,2018-11-26
221,Yvonne Chambers,Premier,IE,2022-10-22
222,Andrew Avila,Retail,DE,2021-03-16
223,Matthew Moon,Retail,DE,2018-09-16
224,Kevin Walters,Retail,GB,2024-05-28
225,Brandon Bailey MD,Retail,IE,2018-05-23
226,Shannon Rivera,Premier,IE,2023-07-10
227,Donna Landry,Retail,DE,2019-09-19
228,Krista Gibson,Retail,GB,2021-10-20
229,Frank Cordova,Retail,IE,2018-03-31
230,Jose Travis,Retail,DE,2019-12-21
231,Kimberly Gutierrez,Business,IE,2019-04-26
232,Isaiah Avila,Business,GB,2023-11-02
233,Olivia Harris,Business,GB,2021-01-05
234,Tanya Kim,Retail,GB,2019-11-04
235,Barbara Dudley,Retail,IE,2019-06-01
236,Cynthia Moore,Business,US,2024-12-07
237,Kristen Davis,Retail,IE,2022-06-02
238,Susan Murray MD,Business,US,2020-02-21
239,Kathleen Moran,Business,GB,2023-11-22
240,Denise Davenport,Premier,DE,2023-07-29
241,Mrs. Kristen Reyes,Retail,US,2024-07-14
242,Katie Suarez,Retail,GB,2019-11-18
243,Desiree Tyler,Premier,GB,2022-05-09
244,Timothy Romero,Retail,US,2020-06-18
245,Diane Evans,Retail,DE,2022-02-10
246,Yvonne Burns,Retail,GB,2018-08-11
247,Joshua Reed,Business,US,2020-12-12
248,Kimberly Gibson,Retail,DE,2021-01-05
249,Colin Terry,Retail,DE,2022-10-08
250,Cynthia Rowe,Retail,GB,2019-05-18
251,Patrick Thornton,Retail,IE,2021-09-01
252,Jasmin Alvarado,Business,IE,2019-09-16
253,Veronica Simpson,Retail,GB,2023-03-02
254,Jonathan Lawrence,Retail,DE,2024-01-22
255,Shelly Alexander,Premier,GB,2020-11-16
256,Joyce Bowen,Premier,US,2020-12-29
257,Matthew Moore,Retail,IE,2023-06-09
258,Wayne Morgan,Premier,US,2021-10-20
259,Marie Christian,Retail,GB,2021-08-22
260,Shannon James,Retail,GB,2021-02-21
261,Nathan Malone,Premier,DE,2018-01-19
262,Amanda Jones,Premier,DE,2021-07-04
263,Tammie Bright,Premier,DE,2020-11-11
264,Jessica Garcia,Business,US,2020-09-15
265,Shelia Wallace,Retail,DE,2024-11-02
266,Stephanie Williams,Retail,GB,2022-04-23
267,Elaine Brooks,Premier,DE,2020-12-07
268,Joseph Knight,Retail,IE,2021-04-21
269,Carolyn Miller,Premier,DE,2021-12-29
270,Lisa Allen,Premier,US,2023-11-25
271,Briana Murray,Premier,IE,2021-04-26
272,David Smith,Retail,IE,2020-02-15
273,Stephanie Byrd,Retail,IE,2023-02-03
274,Jeremy Reed,Retail,US,2023-02-10
275,Margaret Coleman,Retail,GB,2021-03-06
276,Ryan Gonzalez,Retail,DE,2023-02-25
277,John Young,Retail,IE,2024-07-11
278,Laura Haney,Retail,IE,2022-11-16
279,William Barrett,Retail,IE,2019-08-25
280,Keith Jennings,Retail,GB,2022-05-14
281,Amber Obrien,Retail,GB,2024-09-16
282,Tanner Mitchell DDS,Retail,US,2019-06-24
283,Heather Fields,Premier,GB,2020-12-31
284,Megan Le,Retail,DE,2022-12-11
285,Sara Fuller,Retail,US,2018-01-24
286,Maria Parker,Retail,US,2019-09-16
287,Kevin Oconnor,Premier,DE,2023-01-10
288,Edward Burgess,Retail,DE,2020-12-15
289,Carlos Ryan,Retail,DE,2020-09-12
290,Kiara Mcintyre,Retail,US,2018-08-11
291,Dawn Summers,Retail,US,2018-06-28
292,Dr. Paul Morgan,Retail,US,2024-10-17
293,Victor Taylor,Retail,DE,2023-05-15
294,Shannon Ramsey,Retail,DE,2022-01-13
295,Tracy Ballard,Premier,IE,2020-03-03
296,Richard Smith,Business,GB,2020-06-02
297,Jordan Chambers,Retail,IE,2024-12-14
298,Lauren Carson,Retail,DE,2021-04-27
299,Ashley Hall,Premier,US,2022-05-21
300,Stephen Hoffman,Retail,DE,2020-03-20
301,Connie Brown,Retail,GB,2020-08-18
302,Susan Turner,Retail,IE,2019-02-24
303,Charles Shah,Retail,IE,2021-04-02
304,Johnathan Davis,Business,US,2021-07-02
305,Brandy Chavez,Premier,IE,2024-11-28
306,Natalie Bautista,Retail,IE,2021-12-11
307,Patrick Moore,Retail,DE,2024-01-27
308,Brett Burns,Retail,IE,2021-09-02
309,Trevor Johnson,Retail,IE,2024-01-31
310,Jeremy Sampson,Retail,IE,2024-11-22
311,Ariana Jennings,Retail,US,2024-07-20
312,Vanessa Howard,Premier,US,2024-10-28
313,Colton Martinez,Retail,DE,2020-11-07
314,Jordan Bates,Retail,IE,2020-12-29
315,Linda Smith,Business,US,2021-09-23
316,Dana Martinez,Premier,US,2019-08-15
317,Andrea Hubbard,Retail,DE,2019-06-11
318,Daniel Kane,Retail,GB,2024-11-08
319,Charles Lester,Retail,IE,2021-07-16
320,Scott Thomas,Retail,US,2022-07-13
321,David Thompson,Retail,DE,2020-03-21
322,Allison Smith,Premier,DE,2018-07-07
323,Cynthia Morris,Retail,DE,2022-05-12
324,Anthony Harmon,Retail,US,2019-06-13
325,Nichole Alvarez,Retail,IE,2019-03-10
326,Kayla Rodriguez,Retail,GB,2024-05-24
327,Theresa Williams,Premier,IE,2023-04-26
328,Sharon Boyd,Premier,DE,2024-12-21
329,Victor Brown,Retail,DE,2022-12-10
330,James Parks,Retail,GB,2018-10-30
331,Theodore Jones Jr.,Retail,IE,2018-03-28
332,Ana Hill,Retail,DE,2019-03-14
333,Kimberly Nguyen,Retail,DE,2020-11-11
334,Kerry Chavez DDS,Retail,IE,2020-04-12
335,Michael Farrell,Retail,DE,2020-03-07
336,Patricia Le,Retail,IE,2019-07-14
337,Jesse Perez,Retail,DE,2020-02-01
338,Jesse Perry,Retail,IE,2022-08-26
339,Jeffery Ortega,Retail,GB,2024-11-19
340,Christian Leblanc,Retail,DE,2021-01-29
341,Ronald Davis,Retail,GB,2019-11-16
342,Parker Cain,Premier,DE,2021-03-10
343,Laurie Hoffman,Retail,DE,2018-05-18
344,Bryan Gomez,Retail,US,2019-08-01
345,Nicole Parrish,Retail,IE,2019-12-11
346,Tracy Burke,Retail,GB,2018-08-16
347,Kenneth Lewis,Retail,GB,2024-05-17
348,Courtney Rodriguez,Retail,GB,2020-04-07
349,Holly Farmer,Business,IE,2019-03-07
350,Renee Bruce,Retail,US,2020-11-29
351,Sabrina Austin,Retail,GB,2022-09-06
352,Allison Hickman,Retail,IE,2022-08-14
353,Debra White,Retail,DE,2021-05-19
354,Ellen Morgan,Retail,GB,2018-10-29
355,Sergio Knight,Business,GB,2021-01-14
356,Charles Schultz,Retail,US,2021-11-21
357,Paul Lewis,Business,GB,2019-06-17
358,Glen Wood,Business,GB,2020-02-08
359,Paula Bradley,Retail,DE,2023-04-23
360,Anthony Moore,Retail,IE,2021-11-05
361,Megan Nelson,Retail,IE,2019-03-20
362,Karla Ramos,Retail,US,2018-09-17
363,Paul Wilson,Retail,DE,2022-03-19
364,Douglas Gregory,Retail,IE,2021-08-24
365,Mr. Andrew Foster,Retail,DE,2018-03-11
366,Aimee Turner,Retail,IE,2022-01-17
367,Chad Scott,Premier,DE,2022-01-02
368,Adam Burgess,Retail,US,2023-01-23
369,James Padilla,Premier,GB,2019-04-26
370,Sandra Drake,Retail,US,2021-03-13
371,Scott Williams,Retail,IE,2023-09-03
372,Thomas Atkins,Retail,US,2021-04-13
373,Laura Mckinney,Retail,GB,2024-06-30
374,Brian Smith,Premier,US,2023-03-08
375,Robert Montgomery,Premier,IE,2022-08-22
376,Tamara Davis,Premier,IE,2023-02-27
377,Dana Chapman,Retail,US,2021-10-03
378,Jennifer Collins,Retail,GB,2020-03-08
379,Gary Jackson,Premier,US,2018-01-18
380,Ashley Hicks,Premier,GB,2018-02-13
381,Hannah Luna,Business,DE,2018-06-04
382,Robin Young,Retail,GB,2020-05-16
383,Craig Morrison,Retail,DE,2020-01-13
384,Mary Thompson,Premier,US,2023-01-26
385,Kathleen Webster,Retail,GB,2021-11-26
386,Joann Glass,Business,DE,2018-08-13
387,Madison Weber,Premier,DE,2018-08-05
388,Lori Hernandez,Retail,DE,2018-01-31
389,Jeremy Turner,Premier,IE,2023-03-08
390,Anthony Romero,Premier,US,2020-12-18
391,Jesse Brown,Retail,DE,2023-03-31
392,Angela Lin,Business,GB,2020-06-16
393,Lisa Hunter,Retail,DE,2019-03-21
394,Julian Conner,Premier,IE,2021-06-12
395,Joanna Pacheco,Retail,US,2021-02-04
396,Erica Alvarez,Premier,IE,2021-04-29
397,Antonio Garcia,Retail,IE,2023-07-09
398,Gwendolyn Klein,Retail,IE,2023-04-21
399,Carrie Wright,Business,GB,2020-01-08
400,Jeffrey Mills,Retail,US,2022-08-30
401,Jake Campbell,Retail,US,2020-05-23
402,George Harper,Business,GB,2019-07-20
403,Maria Jones,Business,US,2023-07-12
404,Michael Mitchell,Retail,IE,2023-03-01
405,Mary Escobar,Retail,US,2023-10-25
406,Felicia Aguilar,Retail,GB,2019-07-01
407,Gregory Ponce,Retail,IE,2024-05-03
408,Jenna Larson,Retail,GB,2018-11-13
409,Emily Bennett,Retail,DE,2023-02-03
410,Robin Santiago,Premier,IE,2018-01-25
411,Nancy Jennings,Premier,IE,2018-06-09
412,Maria Henderson,Premier,US,2021-02-11
413,Jack White,Retail,IE,2020-06-18
414,Travis Tucker,Retail,GB,2024-12-24
415,Chad Jones,Retail,US,2021-04-04
416,Ashley Wise,Retail,DE,2019-12-04
417,Sophia Johnson,Retail,GB,2018-01-01
418,Ralph Anderson,Premier,DE,2023-04-07
419,Christopher Guerra,Retail,DE,2024-06-25
420,Rhonda Martin,Retail,DE,2021-11-25
421,Jason Rhodes,Retail,IE,2019-01-17
422,Jeremy Mitchell,Premier,GB,2022-10-08
423,Joann Ferguson,Retail,GB,2023-01-01
424,Robert Harrison,Retail,IE,2021-06-27
425,Holly Valentine,Retail,US,2022-03-29
426,Mrs. Diane Reyes,Premier,DE,2022-04-28
427,Tracy Montoya,Retail,GB,2020-06-16
428,Brenda Wright,Premier,IE,2019-12-18
429,Shelly Spencer,Premier,DE,2024-06-12
430,Ryan Rosales,Retail,US,2019-01-26
431,Phillip Nelson,Retail,US,2022-08-27
432,Brittany Kim,Business,DE,2024-06-03
433,Courtney Hayes,Retail,US,2018-08-21
434,Alexander Brown,Retail,GB,2023-04-11
435,Cynthia Vang,Premier,GB,2024-05-07
436,Alfred Galvan,Business,GB,2021-08-12
437,Marie Moody,Business,US,2019-12-07
438,Dustin Gallegos,Premier,GB,2018-08-22
439,Brenda Thornton,Retail,IE,2021-10-23
440,Aaron Miller,Retail,GB,2021-06-09
441,Ruben Dunn,Premier,GB,2023-03-12
442,Kelsey Rodriguez,Retail,US,2024-12-13
443,Eric Williams,Retail,GB,2024-12-25
444,Riley Bryant,Business,DE,2020-06-08
445,Taylor Carlson,Retail,IE,2019-08-15
446,Jose Allen,Retail,US,2020-01-16
447,Jeffrey Mendez,Retail,IE,2022-09-16
448,Jason Beck,Retail,DE,2019-03-04
449,William Jones,Retail,US,2020-01-02
450,Katie Mcneil,Retail,US,2020-03-10
451,Jeanette Harrison,Retail,GB,2024-08-08
452,Veronica King,Retail,IE,2018-07-21
453,Richard Cooper,Premier,DE,2024-01-03
454,Lori Ingram,Retail,DE,2020-04-15
455,Evelyn Williams,Business,US,2018-05-15
456,Robin Thompson,Retail,GB,2021-07-11
457,Julie Dominguez,Retail,US,2023-10-13
458,Robin Brown,Premier,US,2024-12-13
459,Judith Carter,Retail,US,2018-02-10
460,Curtis Williams,Business,US,2020-07-01
461,Kaylee Hays,Retail,DE,2022-09-26
462,Dawn Mullins,Business,DE,2020-09-01
463,Howard Norman,Retail,US,2021-02-07
464,Evelyn Martinez,Premier,US,2024-08-12
465,Steve Paul,Retail,GB,2021-12-30
466,Jasmine Beltran,Business,US,2023-08-03
467,Jonathan Glass MD,Retail,DE,2018-09-01
468,Monica Miller,Retail,IE,2018-06-15
469,Samantha Gardner,Business,DE,2020-11-15
470,Bobby Guerrero,Retail,GB,2022-02-06
471,Lance Simmons,Retail,DE,2019-12-29
472,Heather Williams,Retail,IE,2021-01-20
473,Heather Bolton,Retail,US,2019-04-28
474,William Gould,Retail,IE,2024-09-13
475,Mark Cox,Retail,US,2021-05-15
476,Meghan Cisneros,Business,US,2023-11-19
477,Lawrence Harrington,Retail,DE,2020-05-29
478,Austin Osborne,Retail,DE,2020-04-09
479,James Bradley,Business,DE,2023-07-18
480,Meghan Rush,Premier,GB,2020-01-29
481,Phillip Berry,Retail,DE,2018-06-12
482,Jennifer Banks,Retail,GB,2021-04-11
483,Brian Fitzgerald,Retail,DE,2024-12-24
484,Mr. Justin Green III,Retail,US,2021-07-31
485,Zachary Mitchell,Retail,GB,2024-08-25
486,Katherine Martinez,Retail,IE,2023-06-19
487,Jodi Roach,Retail,GB,2023-04-19
488,Brandon Fleming,Retail,GB,2022-04-06
489,Emma Reed,Business,IE,2018-11-03
490,Joshua Vance,Business,GB,2021-09-24
491,Michelle Ho,Retail,US,2023-10-04
492,Rebecca Hicks,Retail,DE,2018-11-29
493,Curtis Taylor,Retail,IE,2023-12-15
494,Allison Spencer,Premier,DE,2018-08-31
495,Robert Arnold,Retail,US,2023-02-28
496,Angelica Parker,Retail,IE,2021-12-03
497,Dr. Kelly Hammond DVM,Business,DE,2024-12-25
498,William Day,Premier,DE,2018-10-30
499,Michael Cooper,Business,US,2018-08-23
500,Penny Bowman,Premier,DE,2023-12-27
501,Vincent Reynolds,Retail,US,2018-07-14
502,Amy Martinez,Retail,GB,2022-03-31
503,Christopher Morris,Business,US,2022-11-28
504,Hannah Everett,Premier,GB,2019-10-09
505,Sarah King,Retail,IE,2023-08-11
506,Krista Martinez,Retail,DE,2019-07-15
507,Joseph Shaw,Retail,US,2021-01-24
508,Todd Moore,Premier,US,2019-12-14
509,Michelle Jacobs,Business,DE,2019-02-17
510,Kristy Bryan,Retail,DE,2019-06-22
511,Angel May,Retail,IE,2023-02-22
512,Marilyn Wang,Retail,IE,2024-10-12
513,Mark Jimenez,Business,US,2018-08-23
514,Donna Frye,Premier,IE,2024-07-24
515,Dr. Michael Evans,Premier,GB,2022-11-15
516,Anthony Gonzales,Retail,IE,2023-03-09
517,Mr. Lawrence Edwards,Retail,IE,2022-02-13
518,Morgan Valencia,Retail,US,2023-02-06
519,Bianca Wood,Retail,GB,2024-09-09
520,Emma Owens,Premier,IE,2021-10-06
521,David Davis,Premier,GB,2019-02-20
522,James Gilbert,Business,GB,2023-03-25
523,Sean Moore,Business,GB,2020-07-04
524,Kenneth Edwards,Retail,DE,2018-03-22
525,Kathleen Robertson,Premier,DE,2023-09-15
526,Mr. Alexander Landry MD,Business,DE,2020-12-26
527,Cindy Gomez,Premier,DE,2022-08-18
528,Johnny Khan,Retail,US,2020-01-27
529,Julie Herrera,Retail,IE,2019-04-13
530,Jessica Khan,Retail,DE,2021-03-11
531,Pamela Diaz,Business,US,2024-07-31
532,Kelly Lee,Retail,IE,2022-02-03
533,Angel Gordon,Retail,DE,2022-07-03
534,Diana Hays,Retail,IE,2020-10-16
535,Barbara Hester,Retail,DE,2022-06-03
536,Robert Morgan,Retail,US,2020-06-20
537,Nicole Gonzalez,Retail,GB,2019-11-04
538,Kathryn Williams,Retail,GB,2019-03-15
539,Gary Wells,Retail,IE,2018-05-07
540,Larry Robertson,Premier,US,2024-03-02
541,Louis Martin,Retail,GB,2023-09-08
542,Nancy Evans MD,Premier,DE,2019-03-21
543,Kim Erickson,Retail,GB,2020-08-23
544,Robert Richardson,Retail,IE,2019-04-09
545,Veronica Silva,Premier,IE,2024-01-08
546,Molly Watts,Retail,US,2024-04-06
547,John Coffey,Retail,IE,2024-05-02
548,Paula Lane,Retail,GB,2020-07-01
549,Lauren Jackson,Premier,GB,2019-05-12
550,Lisa Randall,Retail,GB,2022-01-03
551,Michael Johnson,Premier,GB,2022-11-07
552,Ashley Smith,Retail,US,2018-06-07
553,Christian Vaughn,Retail,DE,2018-06-21
554,Reginald Knapp,Retail,DE,2019-05-09
555,Nancy Brown,Retail,US,2020-08-27
556,Daniel Nguyen,Retail,IE,2021-08-27
557,Kelly Edwards,Retail,DE,2021-11-27
558,Thomas Peterson,Retail,IE,2022-08-20
559,Raymond Le,Business,DE,2022-11-29
560,Melissa Bishop,Retail,IE,2019-10-21
561,David Grant,Retail,US,2019-10-28
562,William Evans,Premier,GB,2019-01-02
563,Daniel Bush,Retail,IE,2019-07-04
564,Gregory Peck,Retail,GB,2019-10-05
565,Denise Martinez,Premier,IE,2023-03-09
566,Jamie Baird,Business,IE,2018-09-12
567,Tina Ballard,Retail,IE,2018-07-27
568,Dwayne Klein,Business,IE,2024-11-02
569,Jeremy Scott,Retail,IE,2018-04-05
570,Dale Ryan,Retail,GB,2023-02-27
571,Melissa Taylor,Retail,IE,2019-04-23
572,Laurie Sanchez,Business,GB,2020-02-01
573,Kiara Little,Retail,US,2018-07-09
574,Jason Love,Retail,DE,2022-02-16
575,Randy Smith,Retail,IE,2022-10-23
576,Tanya Russell,Retail,DE,2022-04-09
577,Sherry Woods,Retail,GB,2020-01-26
578,Victor Morris,Retail,US,2021-12-17
579,Susan Davis,Retail,US,2020-04-15
580,Kimberly Sharp,Retail,US,2022-07-22
581,Susan Thompson,Retail,DE,2022-06-17
582,Casey Gillespie,Retail,GB,2023-01-10
583,Jennifer Simpson DVM,Retail,IE,2018-05-13
584,Tammy Mcdowell,Retail,IE,2018-02-24
585,Keith Rodriguez,Premier,GB,2019-05-25
586,Mrs. Virginia Daniels,Retail,DE,2019-11-01
587,Todd Rosales MD,Retail,IE,2024-09-23
588,Brian Martin,Retail,GB,2022-08-17
589,David Lopez,Retail,IE,2021-08-09
590,Rachel Bradley,Retail,US,2020-01-04
591,Casey Chase,Retail,IE,2022-08-21
592,Samantha Robertson,Retail,DE,2018-09-16
593,Michael Lopez,Retail,GB,2021-02-19
594,Franklin Wright,Retail,DE,2018-10-26
595,David Molina,Retail,GB,2019-07-15
596,Elizabeth Sharp,Retail,US,2023-03-28
597,Matthew Schwartz,Retail,GB,2023-02-08
598,Bryan Parker,Retail,IE,2018-10-24
599,Jonathan Jacobson,Retail,IE,2024-08-06
600,Emily Wilson,Retail,US,2022-01-01
601,Elizabeth Mendez,Retail,GB,2023-12-15
602,Casey Hernandez,Premier,US,2018-07-16
603,Lisa Perry,Retail,IE,2024-03-18
604,Kaitlin Medina,Retail,DE,2020-09-21
605,Colleen Wright,Premier,US,2023-11-09
606,Shelley Miller,Business,DE,2024-09-24
607,Michael Miller,Retail,DE,2018-01-08
608,Amy Kelley,Retail,GB,2024-11-20
609,Laura Hernandez,Premier,US,2018-11-16
610,Joseph Wilson,Premier,DE,2021-11-18
611,Kevin Davis,Retail,DE,2024-05-05
612,Rhonda Chavez,Retail,GB,2022-08-26
613,Joyce Brown,Retail,GB,2023-10-10
614,Robert Cummings,Retail,IE,2022-01-01
615,Robert Reese,Retail,DE,2021-07-11
616,Amber Cooper,Retail,IE,2021-01-23
617,Zachary Michael,Retail,DE,2019-07-07
618,Timothy Johnson,Premier,IE,2019-10-23
619,Randy Cannon,Retail,GB,2019-12-17
620,Maria Fisher,Retail,US,2024-02-20
621,Janet Kane DVM,Premier,GB,2024-12-04
622,Michael Stanley,Premier,IE,2021-12-29
623,Martha Bailey,Retail,IE,2020-05-04
624,Joshua Rice,Retail,US,2024-12-20
625,Courtney Smith,Retail,DE,2024-03-09
626,Edwin Nunez,Retail,IE,2019-10-27
627,Kim Morrow,Retail,IE,2023-03-13
628,Gregory Hill,Retail,IE,2022-08-02
629,Molly Rodriguez,Retail,US,2024-03-18
630,Jennifer Miranda,Retail,GB,2018-09-30
631,Alexis Harris,Retail,IE,2021-03-23
632,Andrew Harper,Retail,US,2021-06-26
633,Amber Yang,Retail,IE,2018-10-06
634,David Robinson,Retail,DE,2020-03-26
635,Amy Gordon,Retail,US,2018-10-03
636,Robert Dennis,Premier,IE,2020-10-01
637,Kyle Chambers,Retail,US,2020-07-11
638,Eric Thomas,Retail,IE,2019-10-04
639,Connie Turner,Premier,GB,2019-05-20
640,Travis Hobbs,Retail,IE,2020-02-11
641,Lori Simmons,Retail,US,2021-06-18
642,William David DDS,Retail,DE,2021-06-13
643,Emma Butler,Retail,DE,2020-10-10
644,James Webster,Premier,DE,2018-05-08
645,Samuel Turner,Retail,IE,2024-12-25
646,Renee Melendez,Retail,GB,2021-05-08
647,Tracy Grant,Retail,IE,2022-03-06
648,David Harris,Retail,DE,2022-08-01
649,Tammy Boone,Retail,US,2019-05-07
650,Nathaniel Lee,Retail,DE,2021-06-11
651,Michael Morrison,Retail,US,2022-07-25
652,Chelsea Gill,Business,GB,2019-02-20
653,Kristin Mendoza,Retail,US,2024-01-05
654,Felicia Krueger,Retail,IE,2020-08-27
655,Timothy Hayden,Retail,IE,2023-09-08
656,Zachary Mendoza,Retail,IE,2021-10-16
657,Larry Harris,Retail,US,2018-11-04
658,Kristen Rowe,Retail,IE,2024-01-19
659,Joseph Howard,Retail,IE,2018-03-02
660,Jose Crawford,Retail,IE,2023-12-13
661,William Harrison,Retail,GB,2022-01-19
662,Suzanne Wood,Premier,US,2023-04-15
663,Justin Walker,Retail,US,2024-11-18
664,Dean Donovan,Retail,DE,2024-04-09
665,Jennifer Hernandez,Retail,US,2022-02-22
666,James Whitaker,Business,GB,2019-04-18
667,Mr. Michael Scott PhD,Retail,US,2020-08-16
668,Maria Henry,Retail,GB,2019-06-17
669,Robert Jackson,Business,GB,2019-05-09
670,Katherine Stark,Premier,US,2018-03-23
671,Maria Brown,Premier,DE,2020-05-28
672,Ryan Landry,Retail,IE,2022-03-26
673,Pamela Gutierrez,Retail,IE,2018-01-12
674,Crystal Mann,Retail,US,2021-07-10
675,Jonathan Brooks,Business,US,2019-03-25
676,Mary Jensen,Retail,GB,2020-02-01
677,Mr. Aaron Arnold,Retail,US,2018-01-26
678,Joseph Hill,Retail,GB,2022-12-12
679,Alicia Li,Premier,DE,2024-12-30
680,Renee Browning,Retail,US,2022-04-18
681,Brent Hernandez,Retail,IE,2018-03-03
682,Joseph Ochoa,Retail,IE,2018-08-17
683,James Watson,Retail,US,2023-01-13
684,Karl Branch,Retail,GB,2019-08-30
685,Michael Abbott,Retail,IE,2020-11-24
686,Shannon Malone,Retail,GB,2022-09-25
687,James Tran,Retail,US,2022-01-19
688,Adam Jackson,Retail,US,2022-03-06
689,Mr. Richard Knight PhD,Retail,IE,2020-01-31
690,Joseph Williams,Retail,US,2019-08-18
691,Sean Clay,Retail,DE,2022-05-12
692,Anthony Jones,Retail,DE,2020-11-21
693,Stephanie Elliott,Retail,IE,2023-01-29
694,Timothy Edwards,Retail,DE,2023-08-11
695,Laurie Goodwin,Retail,GB,2021-12-29
696,Jennifer Jones,Business,IE,2023-02-05
697,David Davenport,Retail,IE,2021-03-05
698,Steven Rivera,Premier,GB,2021-05-04
699,Brenda Hinton,Retail,DE,2018-05-13
700,Kathryn Mccann,Retail,DE,2018-03-27
701,Jeffrey Roberson,Premier,DE,2022-02-08
702,Randy Friedman,Retail,IE,2023-01-05
703,Raymond Johnson,Retail,IE,2021-04-18
704,Willie Henry,Retail,DE,2018-06-24
705,Todd Reynolds,Retail,US,2023-05-30
706,Mary Miller,Business,DE,2019-08-01
707,Rebecca Marquez,Premier,GB,2022-12-04
708,Christian Dawson,Business,IE,2023-09-28
709,Nancy Stewart,Retail,GB,2018-05-25
710,Aaron Parker,Premier,GB,2020-02-01
711,Derrick Anderson,Business,IE,2021-10-09
712,Jerry Peters,Retail,US,2022-12-31
713,Alexander Gomez,Retail,DE,2020-07-17
714,Kyle Nguyen,Premier,GB,2020-03-04
715,Edgar Hughes,Retail,IE,2022-05-21
716,Steven Stein,Premier,GB,2022-07-19
717,Laura Jackson,Retail,DE,2018-11-15
718,Charles Turner,Premier,US,2021-01-15
719,Arthur Hamilton MD,Retail,US,2022-04-26
720,Mr. David Wright,Retail,US,2019-11-29
721,Linda Gonzalez,Retail,IE,2020-04-26
722,Eric Rush,Premier,IE,2022-12-07
723,Manuel Brock,Retail,US,2020-02-22
724,George Ochoa,Retail,DE,2023-09-21
725,Valerie Taylor,Retail,DE,2021-01-21
726,Travis Harris,Premier,IE,2022-10-17
727,Vincent Novak,Retail,US,2022-07-08
728,Michael Henry,Premier,DE,2018-10-19
729,Dana Bennett,Retail,DE,2020-08-26
730,Jenna Wilson,Retail,DE,2022-01-27
731,Leslie Gardner,Retail,IE,2023-01-17
732,Krista Benton,Retail,US,2018-04-07
733,Michael Gonzales,Premier,GB,2021-01-23
734,Michael Fuentes,Retail,US,2018-03-15
735,Jennifer Porter,Retail,US,2021-09-21
736,Dana Hopkins,Premier,IE,2020-12-27
737,Rachel Jones,Retail,DE,2020-01-28
738,Karen Morales DDS,Retail,DE,2023-04-26
739,Melissa Stephens,Business,IE,2018-07-27
740,Heather Woodard,Retail,IE,2021-05-29
741,Margaret Miller,Retail,IE,2021-07-09
742,Mary Kelly,Business,IE,2019-02-14
743,Amanda Terrell,Retail,IE,2024-07-06
744,Jennifer Goodwin,Retail,GB,2024-07-19
745,Jessica Smith,Retail,US,2020-02-10
746,Jorge Stone,Premier,US,2023-01-18
747,Laura Griffin,Retail,US,2018-03-15
748,Raymond Chapman,Retail,DE,2022-07-19
749,Haley Johnson,Premier,GB,2018-09-11
750,Jason Nixon,Premier,US,2020-03-30
751,Todd Thomas,Retail,DE,2020-09-12
752,Jesse Clark,Retail,GB,2018-11-28
753,Mr. Jeffrey Horton,Retail,GB,2021-11-22
754,Eric Patrick,Premier,DE,2020-04-15
755,Samuel Wong,Retail,GB,2022-08-19
756,Carly Riggs,Retail,DE,2019-03-31
757,Christopher Moore,Premier,US,2023-04-14
758,Tina Hall,Premier,DE,2021-02-12
759,Cody Davidson,Retail,GB,2018-11-09
760,Allen Mendez,Premier,US,2020-10-14
761,Kevin Price,Retail,US,2018-08-16
762,Christine Goodwin,Premier,IE,2020-05-07
763,Amy Garcia,Retail,IE,2021-06-22
764,Chelsea Nguyen,Retail,GB,2020-10-14
765,Dennis Huffman,Premier,DE,2020-08-07
766,Margaret Harper,Retail,DE,2019-03-03
767,Laurie Bailey,Retail,GB,2023-09-21
768,Lisa Cervantes,Premier,US,2019-04-10
769,Elizabeth Mendez,Premier,GB,2022-07-04
770,Cesar Wilson,Retail,GB,2018-10-05
771,Clayton Steele,Retail,US,2018-01-19
772,Jennifer Taylor,Retail,DE,2018-03-07
773,Cody Reid,Retail,GB,2018-06-16
774,Maria Cooke,Retail,DE,2022-05-28
775,Katherine Taylor,Retail,GB,2019-02-07
776,Jerry Brown,Business,US,2019-02-13
777,Adam Taylor,Retail,US,2023-11-30
778,Tracey Wagner,Retail,IE,2019-08-20
779,Michael Perry PhD,Retail,US,2020-11-28
780,Bradley Johnson DDS,Business,IE,2023-11-23
781,Donald Medina,Retail,GB,2018-11-20
782,Jim Newton,Retail,DE,2023-06-06
783,Krista Wilson,Retail,US,2021-12-08
784,Reginald Morrow,Retail,US,2019-03-05
785,Rodney Williams,Retail,US,2020-12-20
786,Kimberly Fritz,Premier,GB,2022-06-24
787,Ronald Potter,Business,IE,2021-10-09
788,Zachary Cole,Retail,GB,2019-01-28
789,Robert Gonzales,Retail,DE,2024-03-01
790,Patricia Young PhD,Business,GB,2024-04-24
791,Heather Page,Premier,DE,2024-12-08
792,Carol Taylor,Retail,US,2022-03-21
793,Daniel Brown,Retail,DE,2019-03-22
794,Douglas Ryan,Retail,DE,2021-04-18
795,Michael Roberts,Retail,IE,2020-10-20
796,Scott Duke,Premier,DE,2018-12-08
797,Anna Estes,Business,DE,2018-05-13
798,Tamara Riddle,Business,GB,2024-10-26
799,Beth Cline,Retail,US,2023-02-03
800,Michael Poole,Retail,GB,2024-04-19
801,Megan Burns,Business,GB,2018-09-22
802,Debra Perry,Premier,US,2018-04-03
803,Mark Beard,Retail,US,2022-08-13
804,Jose Ramirez,Business,DE,2021-12-05
805,Jackie Clements,Premier,DE,2023-12-26
806,Aaron Schroeder,Retail,IE,2021-05-16
807,Monica Ellis,Retail,GB,2020-09-28
808,Heather Brown,Retail,US,2022-07-19
809,Claudia Jordan,Retail,DE,2022-05-16
810,Derrick Clayton,Retail,US,2024-06-12
811,Kenneth Knight,Premier,DE,2018-09-23
812,Mr. Michael Williams,Retail,IE,2019-10-08
813,Richard Stevens,Retail,IE,2024-06-23
814,Scott Alexander,Retail,US,2021-02-10
815,Tyler Harris,Retail,IE,2021-11-02
816,Bonnie Santos,Business,US,2019-03-30
817,Timothy Hill,Retail,DE,2024-02-17
818,Danielle Watson,Retail,GB,2023-03-30
819,Carol Sanders,Premier,IE,2022-01-03
820,Michael Young,Retail,DE,2021-04-25
821,Michele Smith,Retail,GB,2020-04-10
822,Casey Perez,Retail,GB,2021-10-22
823,Alexandra Dominguez,Retail,GB,2021-01-17
824,Virginia Henderson,Retail,DE,2024-02-13
825,Benjamin Reyes,Retail,DE,2023-05-24
826,Ashley Edwards,Retail,US,2023-12-20
827,Breanna Ayala,Business,GB,2020-05-21
828,Brandi Haney,Retail,GB,2019-09-27
829,Joseph Smith,Retail,GB,2021-10-31
830,Jessica Bowen,Retail,US,2019-11-22
831,Brittany Jenkins,Retail,GB,2023-02-09
832,Shannon Miller,Retail,DE,2020-11-23
833,Paul Lawrence,Retail,GB,2023-05-10
834,Victor Edwards,Business,IE,2019-08-05
835,Donald Miller,Retail,DE,2024-01-28
836,Lindsay Lawson,Retail,US,2021-10-21
837,Melissa Abbott,Retail,GB,2020-02-23
838,Elizabeth Holmes,Business,IE,2018-06-30
839,Nicole Phillips,Retail,US,2018-01-19
840,Steven Blevins,Retail,US,2021-06-03
841,Brian Porter MD,Retail,DE,2022-06-05
842,Vanessa Hatfield,Premier,US,2024-02-01
843,Bonnie Valencia,Retail,US,2021-05-30
844,Holly Vega,Premier,US,2022-06-27
845,Tiffany Townsend,Retail,US,2018-02-23
846,Austin Baker,Retail,GB,2021-11-27
847,Antonio Mccormick,Retail,GB,2024-07-24
848,Lori Mason,Retail,GB,2019-03-19
849,Michael Miller,Retail,GB,2019-08-03
850,Lisa Ramirez,Retail,IE,2018-10-09
851,Jorge Harris,Premier,GB,2024-08-04
852,Kimberly Myers,Retail,US,2020-04-02
853,Sandra Becker,Retail,GB,2022-07-28
854,Michael Blair,Retail,GB,2019-10-03
855,Amy Miller,Retail,DE,2020-10-28
856,Jesse Lynch,Retail,US,2023-07-10
857,Patrick Yang,Retail,GB,2019-07-17
858,Michael Miles,Retail,GB,2024-12-13
859,Troy Mills,Premier,GB,2018-12-07
860,Michelle Jackson,Business,IE,2019-04-17
861,Richard Adams,Retail,GB,2022-09-07
862,Patricia Johnson,Retail,DE,2024-04-15
863,Denise Brown,Retail,US,2018-08-23
864,Laura Jones,Retail,US,2021-01-11
865,Ian Porter,Retail,GB,2021-01-21
866,Holly Scott,Retail,GB,2023-03-24
867,Kenneth Sharp,Premier,GB,2021-11-18
868,Jordan Williams,Retail,US,2020-04-03
869,Dana Ruiz,Retail,US,2021-07-15
870,Chris Velazquez,Retail,IE,2019-09-24
871,Kristen Sloan,Retail,DE,2019-06-13
872,Jennifer Morris,Retail,IE,2023-06-04
873,Nathan Nelson,Retail,DE,2023-12-10
874,Jake Shaw,Retail,IE,2023-08-20
875,Cassie Brock,Premier,US,2021-09-01
876,Dr. Andrea Marshall,Retail,IE,2021-07-20
877,Ryan Murphy,Retail,DE,2021-08-22
878,Aimee Gonzalez,Retail,GB,2021-05-18
879,Elizabeth Dean,Retail,DE,2023-06-05
880,Kevin Snyder,Retail,GB,2022-10-20
881,Christie Mccullough,Premier,US,2024-11-16
882,Danielle Smith,Premier,DE,2023-05-03
883,David Reed,Premier,IE,2023-10-29
884,Sherry Tapia,Retail,DE,2024-12-02
885,Matthew Sweeney,Retail,GB,2020-06-20
886,Ashley Moreno,Retail,US,2020-06-09
887,Johnathan Brown,Retail,IE,2022-04-20
888,Michelle Davis DVM,Premier,DE,2022-12-30
889,Kelly Haynes,Retail,GB,2023-08-28
890,William Miller,Retail,IE,2021-04-03
891,Casey Wilkins,Retail,US,2022-03-29
892,Keith Graham,Retail,IE,2018-07-21
893,Cynthia Green,Retail,US,2020-01-11
894,Robert Haynes,Retail,IE,2021-10-01
895,Emily Nelson,Retail,DE,2021-10-21
896,Dale Chan,Premier,GB,2023-06-24
897,Brittney Martin,Premier,DE,2022-01-11
898,Jason Herrera,Retail,DE,2022-03-17
899,Christine Parker,Retail,US,2018-11-15
900,Bryan Moore,Retail,US,2024-03-14
901,Samantha Terry,Retail,US,2020-11-23
902,Russell Murphy,Retail,DE,2023-03-10
903,David Kelly,Retail,IE,2024-05-02
904,Megan Green,Retail,IE,2019-12-25
905,Amanda Sullivan MD,Retail,DE,2022-08-28
906,Danielle Murray,Retail,DE,2019-02-17
907,Brenda Smith,Retail,GB,2021-06-29
908,Vickie Anderson,Business,US,2019-02-05
909,Jacqueline Mccoy,Premier,US,2023-01-14
910,Lauren Green,Retail,DE,2019-12-25
911,Alison Brown,Premier,DE,2024-05-18
912,Jill Anderson,Retail,IE,2021-02-09
913,Sandra Rivera,Premier,DE,2020-01-21
914,Joel Jackson,Premier,IE,2018-09-25
915,Samantha Foster,Retail,DE,2024-06-03
916,Michael Thompson,Retail,GB,2021-09-02
917,Cody Ramirez,Retail,GB,2019-07-24
918,Amanda Harvey,Retail,IE,2024-12-31
919,Edward Jenkins,Retail,US,2023-05-28
920,Amy Ramirez,Retail,GB,2019-06-30
921,Curtis Wilkerson,Retail,IE,2018-12-31
922,Lydia Pham,Premier,DE,2019-07-01
923,Virginia Casey,Business,DE,2018-09-28
924,Joshua Washington,Retail,IE,2020-01-09
925,Kathryn Price,Retail,US,2021-06-11
926,Francis Robinson,Retail,IE,2018-02-28
927,Paula Brown,Retail,IE,2021-06-28
928,Kendra Wang DVM,Business,GB,2023-02-14
929,Ariel Sandoval,Retail,IE,2018-03-27
930,Robert Stark,Retail,IE,2020-02-02
931,Zachary Robinson,Retail,DE,2019-01-25
932,Rebecca Kelly,Retail,GB,2021-04-18
933,Sarah Thompson,Retail,DE,2019-12-20
934,Renee Wolfe,Premier,DE,2018-05-29
935,Alyssa Haynes,Retail,US,2019-08-06
936,Kristy Hart,Retail,US,2018-05-01
937,William Keith,Retail,GB,2024-04-22
938,Eric Henry Jr.,Business,GB,2020-02-05
939,Daniel Fox,Premier,US,2020-03-10
940,Thomas Harris,Retail,US,2023-10-08
941,Mitchell Sellers,Retail,US,2020-10-18
942,Erica Johnson,Retail,US,2022-01-09
943,Sylvia Schroeder,Retail,US,2024-09-01
944,Shannon Yu,Business,DE,2021-01-14
945,Tom Foster,Retail,GB,2021-06-04
946,Eric Taylor,Retail,DE,2022-07-08
947,Travis Conner,Retail,DE,2022-12-21
948,Marie Thompson,Retail,IE,2021-09-07
949,Melissa Mcfarland,Retail,DE,2021-09-03
950,Courtney Chapman,Premier,US,2024-09-12
951,Eric Barker,Retail,US,2022-09-29
952,Nicholas Rush,Retail,IE,2020-06-17
953,Jenna Gamble,Retail,IE,2024-05-29
954,Amanda Guzman,Retail,IE,2019-04-30
955,Tracy Walker,Retail,IE,2020-03-13
956,Taylor Taylor,Retail,IE,2022-09-12
957,Cynthia Haas,Premier,DE,2023-03-31
958,Stephen Davis,Retail,IE,2022-10-24
959,Margaret Tanner,Retail,DE,2022-12-15
960,Derek Wright,Retail,GB,2024-04-10
961,David Rodriguez,Retail,IE,2021-12-14
962,James Oconnor,Business,IE,2023-05-07
963,Stacey Snyder,Premier,DE,2024-05-09
964,Joshua Garcia,Retail,GB,2022-07-29
965,Sean Curtis,Retail,DE,2023-01-23
966,Carla Jones,Retail,DE,2019-06-04
967,Elizabeth Flores,Retail,IE,2021-02-25
968,Angela Jackson,Retail,US,2021-10-28
969,Nicholas Payne,Retail,US,2024-01-16
970,Anna Wheeler,Retail,DE,2019-10-14
971,Karen Johnson,Retail,IE,2024-02-02
972,Carmen Preston,Premier,GB,2023-05-05
973,Brian Harris,Retail,US,2018-07-30
974,Michael Bowen,Retail,GB,2024-10-30
975,Deborah Campbell,Premier,US,2019-08-09
976,Anthony Armstrong,Retail,IE,2018-06-16
977,Brittany Ward,Retail,DE,2024-11-12
978,Edward Stanley,Retail,GB,2021-06-10
979,Christina Johnson,Retail,GB,2021-04-20
980,Edgar Miller,Premier,DE,2022-10-05
981,Elizabeth Sanders,Premier,GB,2020-11-18
982,Matthew Davis MD,Retail,US,2019-12-15
983,Stephen Wood,Retail,DE,2019-11-19
984,Dennis Marshall,Retail,US,2018-11-26
985,Derrick Brown,Retail,US,2022-10-13
986,Mary Miller,Retail,IE,2021-04-22
987,Joshua Arellano,Business,US,2023-11-13
988,Kristen Randall,Retail,IE,2020-02-24
989,Jennifer Nichols,Business,GB,2024-07-28
990,Karen Keith,Retail,GB,2020-07-29
991,Blake Orr,Retail,IE,2021-07-12
992,Kathryn Lester,Retail,US,2022-08-07
993,Megan Oliver,Premier,DE,2019-09-18
994,Peter Thompson,Premier,DE,2018-05-19
995,Dr. Rhonda Martinez,Premier,IE,2020-02-01
996,William Graham,Retail,GB,2023-01-08
997,Lori Flowers MD,Retail,GB,2024-04-21
998,Suzanne Jones,Premier,DE,2022-04-05
999,James Nguyen,Retail,IE,2019-11-07
1000,Jimmy Marks,Retail,DE,2018-04-02
1001,Lisa Mills,Retail,US,2020-12-28
1002,Jason Hernandez,Business,US,2018-02-06
1003,Olivia Ayers,Business,IE,2022-11-23
1004,Kristine Garcia,Retail,IE,2023-12-28
1005,Joseph Cooper,Premier,US,2021-04-16
1006,James Washington,Business,GB,2023-01-11
1007,Amanda Hill,Retail,IE,2023-03-10
1008,Lee Steele,Retail,US,2018-05-17
1009,Steve Rivera,Business,US,2024-02-16
1010,Patrick Mccall,Retail,GB,2022-07-22
1011,Alicia Roth,Retail,GB,2024-07-17
1012,Douglas Vasquez,Retail,GB,2022-05-02
1013,Annette Melton,Business,GB,2020-08-29
1014,William Ramos,Business,DE,2019-10-24
1015,Debra Butler,Business,GB,2024-04-09
1016,Chelsea Lewis,Retail,DE,2022-12-16
1017,Natalie Malone,Premier,IE,2019-02-19
1018,Samantha Robertson,Premier,US,2018-12-09
1019,Eric Hunter,Retail,DE,2018-05-26
1020,Samuel Suarez,Premier,IE,2018-11-19
1021,Corey Whitaker,Retail,IE,2023-12-10
1022,Danielle Bryant,Retail,DE,2021-06-29
1023,Michele Hill,Retail,IE,2023-02-22
1024,Kathy Reid,Retail,IE,2024-06-16
1025,Andre Watson,Retail,DE,2019-08-24
1026,Cassandra Harrell,Retail,IE,2019-04-20
1027,Hannah Martin,Retail,GB,2022-02-24
1028,Nicole Barker,Premier,GB,2019-07-29
1029,James Martin,Retail,US,2018-12-13
1030,Traci Vincent,Retail,IE,2022-02-19
1031,Megan Adams,Retail,US,2019-01-17
1032,Alejandro Deleon,Premier,GB,2021-07-27
1033,Alexa Buck,Retail,GB,2018-03-13
1034,Lindsay Smith,Retail,GB,2021-01-22
1035,Robert Torres,Premier,IE,2021-10-28
1036,Maria Coleman,Retail,IE,2024-07-14
1037,Gregory King,Retail,GB,2021-09-21
1038,Michael Holloway,Retail,US,2019-10-26
1039,Brian Hunt,Premier,US,2022-02-24
1040,Sarah Brooks,Retail,DE,2023-03-07
1041,Lisa Evans,Premier,GB,2018-02-09
1042,Arthur Mcneil,Retail,US,2021-10-14
1043,Shannon Green,Business,GB,2023-07-24
1044,Stephanie Evans,Premier,US,2021-07-01
1045,Ralph Yoder,Business,DE,2020-08-23
1046,Rebekah Greene,Retail,DE,2023-03-16
1047,Melanie Griffith,Premier,GB,2024-01-27
1048,Yolanda Green,Retail,US,2019-12-02
1049,James Johnson,Retail,IE,2019-05-26
1050,Laura Lee,Retail,DE,2021-07-07
1051,Courtney Nichols,Premier,GB,2019-08-07
1052,Susan Powers,Business,GB,2020-09-10
1053,Sarah Pittman,Premier,US,2019-04-04
1054,Catherine Davis,Retail,GB,2023-03-21
1055,David Stokes,Retail,DE,2024-07-16
1056,Catherine Frazier,Premier,GB,2023-10-06
1057,Brandon Kelly,Retail,GB,2024-03-15
1058,Elizabeth French,Retail,IE,2020-03-26
1059,David Carter,Retail,IE,2024-11-16
1060,Julie Delacruz,Retail,DE,2018-09-04
1061,Terry Jones,Retail,US,2019-12-31
1062,Kathryn Dillon,Retail,IE,2024-08-17
1063,Edwin Brown,Retail,US,2019-02-21
1064,Brenda Gonzalez,Retail,DE,2020-11-20
1065,Keith Knox,Business,IE,2019-01-03
1066,Eugene Baldwin,Retail,US,2018-04-18
1067,Katherine Welch,Retail,IE,2020-04-18
1068,Mark Smith,Retail,DE,2019-02-22
1069,Philip Jackson,Retail,DE,2022-07-02
1070,Katherine Gallagher,Business,IE,2020-03-31
1071,Lucas Schultz,Premier,US,2021-11-22
1072,Vincent Reyes,Retail,GB,2019-11-14
1073,Curtis Watson,Retail,GB,2018-09-13
1074,Frank Whitaker,Premier,IE,2020-04-17
1075,Michael Sims,Business,US,2024-04-01
1076,Michael Cooper,Retail,GB,2019-07-07
1077,James Chapman,Retail,DE,2018-06-30
1078,Rodney Evans,Retail,US,2018-06-06
1079,Nicholas Carlson,Business,GB,2022-01-17
1080,Stephen Cowan,Retail,US,2019-07-25
1081,Steven Howard,Business,IE,2020-05-06
1082,Travis Hull,Retail,US,2022-11-20
1083,Darryl Acosta,Retail,GB,2022-09-24
1084,Nicholas Lawrence,Retail,IE,2020-11-13
1085,Jacob Santos,Retail,US,2022-02-05
1086,Shawn Scott,Retail,DE,2021-11-24
1087,Amber Vang,Retail,GB,2019-08-15
1088,Martha Smith,Retail,IE,2023-12-22
1089,Jennifer James,Premier,US,2019-02-25
1090,Kara Hernandez,Retail,DE,2024-03-10
1091,Lorraine Turner,Retail,GB,2024-12-04
1092,Mary Nelson,Business,DE,2018-12-14
1093,Breanna Rivas,Premier,US,2018-06-15
1094,Nathan Wilson,Business,US,2020-07-25
1095,Brian Gonzalez,Business,IE,2018-12-14
1096,Dennis Mills,Retail,DE,2019-02-02
1097,Michael Phillips,Retail,IE,2019-08-06
1098,Jon Clark,Premier,GB,2022-05-20
1099,Erin Smith,Retail,IE,2018-11-04
1100,Susan Conley,Retail,GB,2024-11-18
1101,Brittany Davis,Premier,US,2018-04-09
1102,Misty Garcia,Retail,US,2021-06-19
1103,David Hinton,Retail,DE,2018-06-07
1104,John Garcia,Retail,GB,2019-07-08
1105,Andrew Roberts,Retail,US,2019-10-13
1106,Emily Rodgers,Retail,DE,2024-03-24
1107,Peter Williams,Retail,DE,2024-10-06
1108,Mary Jackson,Premier,IE,2024-04-09
1109,Jeffrey Howell,Retail,DE,2020-12-04
1110,Anna Briggs,Retail,US,2022-02-04
1111,James Rivers,Premier,IE,2024-08-15
1112,James Jefferson,Business,GB,2023-02-22
1113,Mariah Robles,Premier,GB,2020-01-04
1114,Michael Brown,Premier,US,2023-05-05
1115,Caitlin Perry,Retail,US,2018-04-02
1116,Rebekah Gregory,Retail,IE,2024-01-29
1117,James Howard,Retail,IE,2022-06-16
1118,Michael Roberson,Retail,US,2021-04-30
1119,Bianca Knapp,Retail,US,2021-01-05
1120,Jason Williams,Retail,GB,2021-07-28
1121,Ernest Bush,Premier,GB,2021-10-19
1122,Patricia Ray,Retail,GB,2018-06-28
1123,Vanessa Santiago,Retail,US,2024-04-04
1124,Joseph Haynes,Retail,DE,2018-10-07
1125,Matthew Wright,Retail,US,2020-11-08
1126,Michael Cruz,Retail,US,2022-06-07
1127,Kristin Huerta,Premier,GB,2019-01-06
1128,Mason Moore,Retail,US,2022-12-06
1129,Sarah Booth,Retail,IE,2022-08-31
1130,John Allen,Retail,US,2024-03-18
1131,Amber Walker,Premier,US,2018-10-31
1132,Jennifer Young,Retail,US,2021-09-10
1133,Robert West,Retail,US,2021-12-31
1134,Jillian Wilson,Retail,DE,2024-10-21
1135,Matthew Garcia MD,Retail,US,2021-04-08
1136,April Davis,Premier,IE,2024-08-19
1137,Lisa Torres,Premier,IE,2024-08-25
1138,Christine Powers,Retail,US,2023-08-24
1139,Heidi Brown,Premier,GB,2019-10-31
1140,Jesse Castro,Premier,DE,2019-05-15
1141,Kara Sandoval,Premier,US,2021-11-15
1142,Ashley Malone,Premier,US,2022-04-22
1143,Glenn Gallegos,Retail,US,2019-06-14
1144,Dorothy Boyd,Retail,GB,2023-06-30
1145,Amber Martin,Retail,GB,2024-12-14
1146,Mitchell Griffith,Premier,GB,2021-05-04
1147,Levi Lopez,Retail,DE,2020-01-25
1148,Jenna Bryant,Premier,IE,2024-06-05
1149,Michelle Rodriguez,Premier,DE,2020-03-25
1150,Timothy Monroe,Retail,GB,2019-12-28
1151,Patricia Hayes,Premier,IE,2020-01-01
1152,Tina Taylor,Retail,IE,2020-04-07
1153,Mr. Anthony Mcconnell PhD,Retail,GB,2021-08-24
1154,Mr. Thomas Thompson,Premier,GB,2023-08-09
1155,Monica Anderson,Retail,DE,2020-05-24
1156,Kyle Andrade,Premier,GB,2023-12-19
1157,Janice Petty,Premier,IE,2023-06-27
1158,Pamela Hill,Retail,US,2022-08-05
1159,Tracy Chavez,Retail,GB,2019-08-31
1160,Jason Graves,Retail,GB,2023-09-05
1161,Elizabeth Miles,Retail,DE,2022-01-17
1162,Michelle Walls,Business,DE,2019-09-27
1163,Christina Weber,Retail,GB,2021-04-24
1164,Gregory Chambers,Retail,IE,2019-04-29
1165,Miss Tina Gordon,Retail,IE,2020-12-10
1166,Erica Wilson,Retail,US,2023-03-30
1167,John Duncan,Premier,GB,2023-08-15
1168,Jennifer Adkins,Retail,DE,2019-08-12
1169,Donna Boone,Premier,IE,2024-03-05
1170,Kelly Johnson,Retail,US,2024-04-23
1171,Michael Gonzalez,Business,GB,2021-05-13
1172,Candace Mitchell,Retail,IE,2023-05-28
1173,Ryan Vaughn,Retail,GB,2023-08-21
1174,Paul Johnson,Business,GB,2020-08-06
1175,Ashley Parrish,Retail,IE,2023-08-18
1176,Sharon Newton,Business,IE,2023-09-11
1177,Cynthia Mueller,Retail,IE,2023-07-01
1178,Donna Beck,Retail,GB,2022-10-08
1179,Jasmine Frye,Retail,GB,2019-01-22
1180,Emily Arnold,Premier,US,2021-06-05
1181,David Oliver,Retail,DE,2022-11-26
1182,Sheila Greer,Retail,GB,2022-02-07
1183,Michele Holland,Retail,DE,2018-07-26
1184,Kimberly Morrison,Retail,IE,2022-12-24
1185,Tracey Phillips,Retail,GB,2022-11-16
1186,Michael Lopez,Premier,US,2024-07-23
1187,Jose Bennett,Business,US,2020-03-03
1188,Justin Anderson,Business,DE,2024-03-31
1189,Dawn Rivera,Premier,IE,2022-09-21
1190,Brittney Hernandez,Retail,DE,2020-10-02
1191,Anthony Randolph,Premier,IE,2020-07-30
1192,Mary Henry,Retail,US,2021-03-11
1193,Heather Bowers,Retail,DE,2024-02-02
1194,Daniel White,Retail,US,2022-08-05
1195,Jonathan Perry,Retail,US,2019-03-25
1196,Anna Walker,Premier,IE,2019-08-15
1197,Gary Ward,Retail,DE,2018-03-23
1198,Paul Moreno,Retail,DE,2023-12-23
1199,Samantha Zavala MD,Retail,US,2021-11-07
1200,Jill Conway,Business,US,2022-01-20
1201,Lisa Haley,Retail,IE,2024-10-23
1202,Erica Moon,Retail,GB,2020-12-15
1203,Janice Fernandez,Retail,GB,2019-02-23
1204,Thomas Short,Premier,US,2018-03-29
1205,Robert Griffin,Retail,GB,2018-08-03
1206,Steven Lee,Retail,GB,2022-10-25
1207,Tiffany Jackson,Retail,GB,2022-03-01
1208,Kimberly Smith,Retail,GB,2022-09-14
1209,Michael Ayala,Retail,US,2024-12-25
1210,Jessica Garcia,Retail,GB,2024-04-11
1211,Michele Cherry,Business,GB,2022-02-10
1212,Maria Case,Retail,IE,2018-11-05
1213,Brittany Stevens,Retail,US,2018-08-19
1214,Brandon Brown,Business,DE,2018-06-04
1215,Kristin Andrews,Retail,DE,2021-04-13
1216,David Hughes,Retail,IE,2018-04-25
1217,Jessica Smith,Retail,IE,2021-11-14
1218,Kimberly May,Retail,US,2018-11-07
1219,Nicole Richards,Business,DE,2020-09-19
1220,Angel Reilly,Retail,GB,2024-06-05
1221,Richard Turner,Premier,IE,2020-11-07
1222,Preston Kim,Retail,DE,2018-01-12
1223,Matthew Wells,Retail,US,2021-11-28
1224,Brandy Myers,Retail,GB,2024-03-29
1225,Kimberly Choi,Retail,US,2023-07-07
1226,Michael Sloan,Retail,IE,2019-12-31
1227,Monica Brooks,Premier,DE,2021-07-25
1228,Kristen Peters,Retail,DE,2021-10-08
1229,Aaron Carlson,Business,DE,2023-07-30
1230,Theresa Torres,Retail,DE,2024-06-08
1231,Stephanie Cooper,Premier,GB,2019-06-25
1232,Matthew Hunt,Premier,GB,2024-11-22
1233,Daniel Davenport,Premier,US,2018-03-18
1234,Christopher Marsh,Premier,GB,2018-01-24
1235,Sarah Randolph,Premier,IE,2020-11-04
1236,Julia Dunn MD,Retail,IE,2019-11-07
1237,Brett Swanson,Retail,DE,2024-07-22
1238,Mr. Carl Rios,Retail,IE,2018-06-21
1239,Manuel Mccullough,Business,US,2023-03-08
1240,Jerry Jensen,Retail,GB,2019-05-04
1241,Kevin Cunningham,Premier,GB,2022-01-25
1242,Eugene Patterson,Retail,GB,2024-08-22
1243,David Walker,Retail,IE,2024-08-16
1244,Jessica Larsen,Retail,GB,2020-01-27
1245,Nicholas Humphrey,Retail,DE,2024-11-29
1246,Ian Torres,Retail,DE,2024-08-26
1247,Casey Obrien,Retail,DE,2018-06-04
1248,Shannon Taylor,Retail,IE,2018-09-14
1249,Deborah Mercado,Retail,GB,2022-11-15
1250,Bernard Smith,Retail,IE,2019-11-05
1251,Amanda Perkins,Retail,GB,2023-10-17
1252,Kevin Escobar,Premier,US,2024-07-19
1253,Kimberly Lutz,Retail,US,2019-11-04
1254,Reginald Diaz,Retail,IE,2024-09-04
1255,Raymond Quinn,Retail,DE,2022-01-12
1256,John Dixon,Retail,IE,2018-09-16
1257,Jonathan Bates,Retail,DE,2018-11-03
1258,Renee Mendez,Retail,GB,2021-01-23
1259,Jose Griffin,Retail,DE,2018-09-03
1260,Travis Hopkins,Retail,DE,2022-07-17
1261,Nancy Webb,Retail,GB,2018-07-06
1262,Daniel Freeman,Premier,US,2022-12-03
1263,Jacob Williams,Premier,GB,2020-07-13
1264,Terry Ward,Retail,IE,2020-02-24
1265,Jesse Williams,Retail,IE,2022-05-15
1266,Mrs. Michele Boyd,Retail,IE,2024-09-21
1267,Sandy Baker,Retail,IE,2021-09-22
1268,Carrie Valdez,Business,IE,2018-12-07
1269,Matthew Houston,Retail,US,2019-07-17
1270,Jamie Solomon,Retail,US,2019-10-13
1271,Heather Parrish,Retail,DE,2021-04-08
1272,Mr. Larry Shaw,Premier,IE,2018-03-10
1273,Christopher Jones,Retail,GB,2022-05-03
1274,Christine Lopez,Retail,IE,2024-08-25
1275,Mitchell Wilson,Retail,US,2023-10-06
1276,Robert Cortez,Retail,IE,2021-07-24
1277,Mr. Daniel Martin,Retail,US,2021-01-27
1278,Alison Williams,Retail,DE,2020-07-04
1279,Candace Soto,Retail,DE,2024-06-30
1280,Kenneth Brown,Retail,DE,2019-04-06
1281,Christopher Mullen,Retail,US,2024-02-05
1282,Kristy Smith,Retail,IE,2020-04-23
1283,Mary Campbell,Retail,IE,2019-07-28
1284,Jerry Haney,Retail,GB,2018-04-29
1285,Carolyn Greer,Premier,US,2019-10-08
1286,Rebecca Hoover,Retail,GB,2022-01-18
1287,Matthew Baker,Retail,DE,2023-09-05
1288,Grace Chavez,Retail,IE,2022-02-22
1289,Crystal Cruz,Retail,US,2023-07-25
1290,Dale Heath,Premier,GB,2020-10-28
1291,Jennifer Hernandez,Retail,GB,2020-08-26
1292,John Mendez,Business,GB,2023-07-04
1293,Richard Gordon,Retail,IE,2022-03-20
1294,John Anderson,Retail,IE,2024-01-06
1295,Samantha Prince,Premier,IE,2022-02-20
1296,Marie Boyd,Premier,US,2020-11-14
1297,Andrew Moreno,Premier,IE,2019-10-17
1298,Robert Clarke,Premier,US,2023-05-09
1299,Kevin Figueroa,Retail,GB,2019-07-09
1300,Melissa Davis,Premier,GB,2019-03-01
1301,John Hall,Retail,DE,2018-10-20
1302,Diane Mcdowell,Premier,IE,2021-04-23
1303,Colin Fletcher,Retail,GB,2019-03-07
1304,Laura Wilson,Premier,IE,2018-11-13
1305,Matthew Watts,Retail,US,2019-02-02
1306,Jack Moore,Retail,GB,2021-09-09
1307,Dawn Wyatt,Retail,IE,2022-05-08
1308,Jacob Hill,Premier,GB,2019-08-19
1309,Nicole Gutierrez,Retail,GB,2023-10-25
1310,Karen Wood,Retail,IE,2023-04-28
1311,Dawn Parker,Retail,GB,2020-07-04
1312,Michael Fitzgerald,Retail,GB,2024-12-08
1313,Mary Adkins,Premier,GB,2021-06-09
1314,Michael Martin,Retail,GB,2020-09-02
1315,James Morgan,Business,US,2020-12-11
1316,Melissa Mann,Retail,GB,2021-05-29
1317,Vincent Smith,Retail,DE,2021-12-22
1318,Charles Frost,Premier,GB,2021-03-12
1319,Austin Walker,Retail,IE,2023-07-22
1320,Andrew Cruz,Retail,DE,2018-12-29
1321,Miss Kelly Dawson,Retail,US,2024-08-26
1322,Theresa Wilkins,Premier,DE,2024-05-07
1323,Jessica Harris,Retail,DE,2024-06-03
1324,Regina Mitchell,Business,DE,2018-08-22
1325,Kyle Black,Business,IE,2022-09-28
1326,Christopher Johnson,Retail,IE,2018-01-27
1327,Aaron Moore,Retail,IE,2022-02-03
1328,Penny Gomez MD,Retail,US,2018-04-03
1329,Kelly Mclaughlin,Retail,IE,2018-11-05
1330,Brandon Mitchell,Retail,IE,2018-02-21
1331,Suzanne Bailey,Retail,DE,2018-11-15
1332,Destiny Obrien,Retail,IE,2023-06-16
1333,Timothy Andrews,Premier,GB,2018-06-30
1334,Jason Rodriguez,Premier,IE,2022-05-12
1335,Edward Arroyo,Premier,US,2019-10-09
1336,Tina Walter,Retail,US,2023-05-16
1337,Laura Benson,Retail,GB,2021-07-07
1338,Kristine Carrillo,Retail,US,2024-02-23
1339,Tonya Ellis,Business,US,2024-04-21
1340,Kevin Johnson,Retail,DE,2023-07-18
1341,Austin Schultz,Premier,GB,2018-12-02
1342,Megan Hall MD,Retail,DE,2022-04-26
1343,Kelli Smith,Retail,DE,2022-03-06
1344,Danielle Davis,Premier,IE,2020-09-16
1345,Samantha Jones,Retail,GB,2021-07-02
1346,Karen Gomez,Premier,IE,2019-05-29
1347,Debra Valentine,Business,IE,2023-07-23
1348,Susan Porter,Retail,DE,2018-08-30
1349,Nicolas Salas,Retail,US,2024-01-06
1350,Dale Wright,Retail,GB,2022-09-30
1351,Brittney Rodriguez,Business,US,2024-11-05
1352,Megan Alvarado,Retail,DE,2024-03-09
1353,Pamela Weaver,Retail,DE,2019-10-30
1354,John Oliver,Retail,DE,2019-08-17
1355,William Prince PhD,Premier,DE,2023-12-19
1356,William Moon IV,Retail,DE,2018-09-13
1357,Kenneth Brown,Premier,DE,2022-02-11
1358,Karen Fernandez,Business,US,2019-07-15
1359,Jennifer Parks,Retail,IE,2023-10-12
1360,William Wolfe,Retail,US,2021-08-27
1361,Michael Smith,Business,GB,2019-02-11
1362,Kevin Nguyen,Retail,US,2023-02-04
1363,Debbie Dunn,Premier,DE,2023-08-25
1364,John Austin,Retail,US,2022-09-07
1365,Jonathan Clark,Retail,IE,2018-09-16
1366,Jacqueline Dickerson,Premier,GB,2019-12-24
1367,Christopher Anderson,Retail,US,2021-07-06
1368,Crystal Garcia,Retail,IE,2019-09-06
1369,David Reynolds,Retail,US,2022-08-22
1370,Charles Haley,Retail,GB,2023-06-02
1371,Robert Thompson,Retail,US,2020-03-23
1372,Dr. Samuel Holmes DDS,Retail,DE,2022-11-22
1373,Elizabeth Hart,Business,US,2018-11-27
1374,Jennifer Vaughn,Retail,IE,2024-01-22
1375,Robert Woods,Retail,US,2021-05-01
1376,Joanna Cook,Retail,IE,2022-03-25
1377,Justin Frederick,Premier,GB,2021-10-29
1378,Alejandro Martinez,Retail,US,2019-01-22
1379,Tracey Gonzalez,Business,GB,2022-02-27
1380,Mariah Thompson,Retail,GB,2022-12-23
1381,Heather Nunez,Retail,US,2022-12-23
1382,Dr. Steve James,Retail,IE,2022-12-20
1383,Mark Thomas,Retail,GB,2024-07-03
1384,Robert Rogers,Retail,GB,2022-02-24
1385,Laura Sweeney,Retail,US,2021-05-25
1386,Christopher Perez,Premier,US,2018-11-16
1387,Eddie Adams,Retail,US,2019-02-03
1388,Denise Wallace,Retail,US,2023-03-30
1389,Heidi Matthews,Retail,US,2018-04-15
1390,Jennifer White,Premier,DE,2019-11-27
1391,Nicholas Stanley,Retail,US,2018-11-26
1392,Mercedes Miller,Retail,IE,2019-10-22
1393,Brian Brown,Retail,GB,2020-03-31
1394,Kimberly Johnson,Premier,IE,2023-05-27
1395,Phillip Miller,Retail,IE,2022-11-29
1396,Christopher Pena,Retail,DE,2024-06-19
1397,Ellen Wright,Premier,US,2019-04-07
1398,Mark Anderson,Premier,GB,2022-05-27
1399,Alyssa Alvarado,Retail,IE,2024-12-08
1400,Erika Alvarez,Premier,US,2022-08-03
1401,Kimberly Nelson,Retail,US,2024-09-23
1402,Wayne Wolfe,Retail,DE,2023-09-06
1403,Kyle Welch,Retail,DE,2018-09-28
1404,Kristy Mills,Retail,DE,2024-12-23
1405,Emily Reed,Retail,GB,2019-01-20
1406,Regina Ramos,Business,IE,2018-03-01
1407,David Torres,Retail,DE,2021-02-04
1408,Robert Charles,Retail,DE,2018-08-08
1409,John Smith,Retail,DE,2022-01-04
1410,Theresa Woods,Business,IE,2023-03-22
1411,Jeffrey Carter,Retail,IE,2022-05-15
1412,Adam Brooks,Retail,DE,2018-04-06
1413,Justin Foster,Retail,DE,2020-09-15
1414,Omar Price,Retail,US,2021-01-17
1415,Dennis Henderson,Business,DE,2023-04-30
1416,Phillip Kent,Business,GB,2024-03-28
1417,Melinda Mitchell,Retail,GB,2020-08-25
1418,Rhonda Gutierrez,Business,DE,2024-05-11
1419,Catherine Roberts,Retail,IE,2018-09-03
1420,Lisa Nelson,Premier,US,2023-11-29
1421,Chelsea Smith,Retail,IE,2018-08-22
1422,Joseph Lopez,Retail,DE,2024-09-30
1423,Derrick Espinoza,Retail,GB,2021-02-25
1424,Crystal Hernandez,Retail,US,2021-06-14
1425,Glenn Collins DDS,Retail,IE,2020-03-13
1426,Mrs. Raven Rivera DVM,Retail,IE,2021-11-18
1427,Amy Rowe,Retail,DE,2024-11-27
1428,John Lee,Premier,US,2019-10-17
1429,Ruth Clayton,Retail,GB,2024-09-08
1430,Randy Wright,Retail,DE,2018-04-21
1431,Jessica Rojas,Business,US,2018-03-31
1432,Joel Wise,Retail,IE,2020-02-02
1433,Vickie Kennedy,Retail,DE,2021-07-27
1434,Emily Morris,Retail,IE,2021-09-18
1435,Amanda Pineda,Premier,IE,2023-12-20
1436,Dawn Little,Retail,DE,2020-11-02
1437,Stephen Boyer,Retail,DE,2024-11-09
1438,Brian Chen,Premier,DE,2022-01-04
1439,Christopher Hill,Business,DE,2018-04-08
1440,Richard Smith,Retail,DE,2021-02-17
1441,Richard Alvarez,Retail,IE,2018-10-20
1442,Jacqueline Davis,Retail,GB,2023-01-14
1443,Brandon Montgomery,Premier,GB,2022-10-01
1444,Yolanda Garrett,Retail,DE,2020-10-21
1445,Matthew Miles,Retail,IE,2024-04-16
1446,Beth Hall,Business,GB,2019-10-14
1447,Dr. Nicole Trujillo,Retail,GB,2024-01-06
1448,Corey Norris,Retail,GB,2023-09-23
1449,Chad Roach,Retail,IE,2023-03-22
1450,Mr. Edward Terry,Retail,DE,2022-09-18
1451,Cody Bailey,Retail,DE,2020-12-03
1452,Denise Guerra,Retail,DE,2024-01-19
1453,Kristen Jones,Retail,US,2022-12-22
1454,Edward Baker,Retail,US,2018-09-10
1455,Aaron Little,Business,US,2018-05-12
1456,Cody Smith,Retail,IE,2023-03-23
1457,Patty Allen,Business,GB,2023-03-26
1458,Mary Ryan,Retail,GB,2024-11-26
1459,Joseph Jimenez,Premier,IE,2022-08-07
1460,Lisa Morris,Premier,IE,2021-02-06
1461,Ashley Mills,Retail,DE,2020-11-24
1462,Russell Anderson,Premier,DE,2023-04-10
1463,Christina Washington,Premier,US,2024-05-11
1464,Kenneth Huff,Retail,US,2018-07-06
1465,Kelly Miles,Retail,IE,2020-08-06
1466,Jacob Obrien,Retail,US,2024-04-09
1467,Timothy Clark,Premier,GB,2018-09-21
1468,Steve Miller PhD,Premier,IE,2023-06-21
1469,Justin Hurley,Premier,IE,2019-06-06
1470,Jacob Erickson,Retail,GB,2022-04-14
1471,Deborah Williams,Premier,DE,2020-02-22
1472,Eric Blackburn,Retail,DE,2019-06-19
1473,Anne Hardy,Retail,GB,2018-07-29
1474,Chelsey Fox,Retail,GB,2023-09-25
1475,Mario White,Retail,US,2022-04-13
1476,Jennifer Garcia,Retail,IE,2018-01-26
1477,Heather Ellis,Retail,US,2018-06-24
1478,Sonya Jackson,Retail,GB,2022-03-20
1479,James Morgan,Retail,US,2021-08-27
1480,Zachary Ramos,Retail,GB,2018-11-18
1481,Ethan Frey,Retail,US,2022-05-22
1482,Jacob Duran,Retail,US,2021-03-04
1483,Nicholas Franklin,Retail,DE,2018-02-24
1484,Cindy Cannon,Retail,GB,2022-04-16
1485,Dawn Nixon,Retail,US,2022-05-29
1486,James Barber,Retail,IE,2023-02-16
1487,Ms. Kelly Holder,Retail,US,2024-01-04
1488,Eric Walker,Retail,US,2022-02-17
1489,Alison Short,Retail,IE,2023-08-30
1490,Desiree Spencer,Premier,GB,2018-11-29
1491,Tammy Moore,Retail,DE,2022-04-28
1492,Henry Taylor,Retail,DE,2020-06-25
1493,Kevin Hall,Retail,DE,2020-06-29
1494,Anna Ross,Retail,IE,2019-02-05
1495,Morgan Cummings,Retail,US,2020-08-07
1496,Carrie Petersen,Retail,GB,2021-08-22
1497,Laura Velez,Retail,US,2023-09-07
1498,Elizabeth Cross,Retail,DE,2024-11-19
1499,Angela Brown,Retail,US,2023-03-26
1500,Hannah Montoya,Premier,IE,2018-04-11
1501,Sean Kane,Premier,IE,2019-07-05
1502,Matthew Guzman,Premier,GB,2024-07-28
1503,Richard Reyes,Business,GB,2022-09-02
1504,Andrew Fernandez,Retail,DE,2024-06-01
1505,Jonathan Walker,Retail,GB,2018-12-19
1506,Nicholas Long,Retail,US,2020-10-15
1507,Kurt Wagner,Retail,IE,2021-03-25
1508,Dylan Foster,Premier,IE,2021-01-02
1509,Bradley Duncan,Retail,IE,2024-11-07
1510,James Miller,Business,GB,2020-09-06
1511,Patricia Anderson,Retail,IE,2021-09-17
1512,Justin Freeman,Business,IE,2020-01-09
1513,Christina Gilbert,Retail,IE,2020-09-03
1514,Danielle Jones,Retail,DE,2021-10-03
1515,Erica Glass,Retail,DE,2024-03-30
1516,Michael Henderson,Retail,GB,2022-12-07
1517,Frank Wheeler,Retail,IE,2023-11-20
1518,Eric Huerta,Retail,GB,2020-08-10
1519,Wanda Ramos,Premier,IE,2019-04-26
1520,Andrew Meyers,Retail,IE,2021-05-22
1521,James Todd,Retail,IE,2018-04-18
1522,Ashley Brown,Retail,GB,2020-08-30
1523,Tammy Melton,Premier,GB,2022-06-15
1524,Alexis Benson,Retail,IE,2019-12-05
1525,Jerry Johnson,Retail,US,2024-07-10
1526,Joshua Harris,Retail,GB,2023-11-04
1527,Deanna Webb,Retail,DE,2020-05-24
1528,Brenda Hale,Retail,GB,2021-12-18
1529,Kevin Alvarado,Retail,IE,2024-08-08
1530,Christopher Campbell,Retail,US,2023-10-09
1531,Lisa Brown,Premier,IE,2021-06-27
1532,Alejandra Price,Retail,DE,2019-07-14
1533,Samuel Keller,Retail,GB,2018-04-27
1534,Alicia Dillon,Retail,GB,2020-05-23
1535,Crystal James,Business,IE,2020-08-25
1536,Ariana Stewart,Retail,IE,2022-04-18
1537,Kim Lopez,Premier,DE,2018-02-13
1538,Judith House,Retail,US,2019-05-24
1539,David Moreno,Retail,DE,2023-07-05
1540,James Moore,Retail,US,2021-04-03
1541,Harold Garrett,Business,GB,2021-08-08
1542,William Mason,Retail,US,2020-04-28
1543,Lori Johns,Premier,US,2023-02-23
1544,Robin Johnson,Premier,GB,2020-07-05
1545,Diana Hernandez,Retail,GB,2020-03-09
1546,Mary Miller,Retail,GB,2020-05-25
1547,Tyler Salazar,Retail,DE,2022-10-27
1548,Crystal Allen,Retail,GB,2024-05-22
1549,Wesley Browning,Premier,IE,2020-03-29
1550,Joshua Clark,Business,GB,2023-12-09
1551,Joshua Mcbride,Retail,GB,2020-08-02
1552,Ellen Thornton,Retail,GB,2020-06-25
1553,Brandy Forbes,Premier,US,2018-01-13
1554,Brianna Fitzpatrick,Retail,DE,2019-08-26
1555,Emily Grant,Premier,GB,2018-07-19
1556,Bailey Stewart,Retail,DE,2022-11-27
1557,Monica Cannon,Retail,IE,2019-03-24
1558,Jennifer Jenkins,Retail,IE,2022-12-17
1559,Timothy Shannon,Retail,GB,2020-04-20
1560,Denise Maxwell,Retail,IE,2019-08-13
1561,Cody Farmer,Retail,DE,2021-02-27
1562,Debra Bradley,Retail,US,2023-09-22
1563,David Mcdaniel,Premier,GB,2019-06-04
1564,Michael Woods,Premier,IE,2020-11-02
1565,Lisa Joseph,Retail,DE,2019-12-26
1566,Samuel Henry,Retail,DE,2020-09-14
1567,Corey Johnson,Retail,IE,2020-03-13
1568,Alexis Nelson,Retail,DE,2024-06-07
1569,Patrick Mcneil,Retail,DE,2019-06-11
1570,Andrea Ho,Retail,GB,2022-07-24
1571,Dr. Katherine Nguyen,Retail,DE,2021-02-12
1572,David Sullivan,Retail,IE,2019-04-05
1573,Nicolas James,Retail,GB,2024-12-27
1574,Logan Newton,Retail,IE,2020-07-20
1575,Kelly Liu,Business,US,2023-06-10
1576,Kelly Hayes,Retail,IE,2018-11-21
1577,Amanda Forbes,Retail,IE,2019-08-02
1578,Jennifer Moss,Retail,GB,2022-03-18
1579,Kelli Mccoy,Retail,DE,2024-12-24
1580,Eddie Sanders,Premier,IE,2023-06-24
1581,Ronald Murray,Retail,GB,2024-07-09
1582,Louis Brown,Business,US,2024-05-20
1583,Brenda Gallegos,Retail,GB,2019-04-20
1584,Nathan Wilson,Retail,GB,2020-12-13
1585,Teresa Horton,Premier,DE,2022-01-21
1586,Jason Hayes,Retail,IE,2022-05-22
1587,Kevin Marquez,Retail,US,2021-12-14
1588,Jesse Wright,Retail,GB,2019-09-24
1589,Susan Hogan,Retail,IE,2019-12-04
1590,Becky Wilson,Premier,IE,2024-09-22
1591,Jack Mills,Retail,GB,2020-09-08
1592,Richard Hunt,Retail,IE,2021-08-20
1593,Jamie James,Retail,GB,2023-05-13
1594,Susan Cunningham,Retail,GB,2019-07-13
1595,Brittany Melton,Retail,GB,2018-08-10
1596,Michael Barnes,Retail,US,2022-04-06
1597,Randy Griffin,Retail,GB,2024-01-15
1598,Autumn Anderson,Premier,DE,2018-12-14
1599,Marcus King,Retail,IE,2021-03-28
1600,Scott Stephens,Retail,US,2020-06-07
1601,Stephen Young,Premier,IE,2020-07-10
1602,Karen Ortiz,Retail,US,2021-06-12
1603,Kyle Sanchez,Retail,DE,2019-02-09
1604,Lisa Grant,Retail,US,2021-07-04
1605,Amber Hernandez,Retail,US,2019-11-08
1606,Amanda Nash,Retail,US,2019-08-12
1607,Sara Evans,Business,IE,2022-06-09
1608,Amber Butler,Retail,GB,2024-12-01
1609,Michael Carr,Retail,IE,2024-12-09
1610,Linda Cobb,Premier,GB,2022-05-14
1611,Jesse Riley,Retail,IE,2019-07-20
1612,Anna Evans,Retail,DE,2019-12-05
1613,James Jones,Retail,DE,2020-05-07
1614,Joshua Carter,Business,US,2021-07-08
1615,Michael Hill,Retail,DE,2019-08-08
1616,Kelly Dominguez,Retail,US,2018-08-20
1617,Ashley Blair,Retail,GB,2024-05-06
1618,Victoria Webb,Retail,DE,2021-05-30
1619,Taylor Andersen,Retail,GB,2018-02-21
1620,Lee Stewart,Retail,IE,2023-12-04
1621,Whitney Gomez,Premier,GB,2019-06-22
1622,Justin Stone,Retail,IE,2019-06-25
1623,Katherine White,Retail,GB,2020-11-08
1624,Michelle Krause,Premier,GB,2020-03-25
1625,Alexander Garrett,Business,DE,2021-11-16
1626,Ryan Marsh,Retail,GB,2022-07-11
1627,Mrs. Felicia Castro DDS,Retail,DE,2019-02-23
1628,Curtis Campbell,Retail,DE,2024-06-14
1629,Elizabeth Hunter,Business,US,2020-05-13
1630,Aaron Jennings,Business,US,2018-07-05
1631,Nathaniel Gilbert,Retail,IE,2018-09-18
1632,Christopher Rivera,Premier,GB,2022-04-01
1633,Michael Hendricks,Retail,IE,2021-07-20
1634,Maria Olson,Retail,GB,2024-01-17
1635,Stephanie Herrera,Retail,US,2020-02-01
1636,Richard Gutierrez,Premier,US,2018-08-12
1637,Sandy Evans,Retail,GB,2021-07-03
1638,Emily Herrera,Premier,GB,2018-06-29
1639,Michael Marsh,Premier,US,2023-08-30
1640,Heather Montes,Premier,US,2022-07-06
1641,Andre Terrell,Retail,IE,2019-09-24
1642,Sarah Duncan,Retail,US,2022-03-17
1643,Kurt Hancock,Retail,GB,2023-10-07
1644,Michele Edwards,Retail,IE,2023-05-18
1645,Jason Crawford,Retail,GB,2019-09-07
1646,Jesse Sampson,Business,DE,2019-07-16
1647,Eric Rodriguez,Retail,IE,2024-08-18
1648,Paula Gentry,Retail,GB,2019-09-14
1649,Alexander Webb,Retail,US,2023-11-06
1650,Cheryl Mclean,Retail,DE,2020-10-10
1651,Kelly Rowe,Retail,GB,2023-08-24
1652,Shane Short,Retail,IE,2023-12-21
1653,Megan Anderson,Business,GB,2023-05-15
1654,Julia Reeves,Retail,DE,2020-11-23
1655,April Randolph,Business,IE,2019-08-15
1656,Linda Miller,Premier,DE,2019-08-06
1657,Angel Meyer,Retail,GB,2022-06-02
1658,Emily Lane,Business,US,2021-01-06
1659,Steven Flores,Retail,US,2018-10-16
1660,Donald Flores,Premier,GB,2022-04-18
1661,Bruce Hernandez,Retail,GB,2021-12-14
1662,Adrian Dean,Premier,GB,2018-01-07
1663,Christine Bell,Premier,IE,2021-03-29
1664,Charles Bush,Premier,DE,2018-08-28
1665,David Jones,Premier,DE,2023-06-10
1666,Gina Wallace,Retail,DE,2021-12-17
1667,John Lowe,Retail,GB,2022-10-16
1668,Anthony Simmons,Retail,DE,2023-10-19
1669,Kyle Watkins,Retail,GB,2023-03-19
1670,Melissa Jensen,Retail,IE,2024-03-13
1671,Robert Marquez,Retail,US,2020-12-13
1672,Kim Beltran,Business,GB,2024-07-05
1673,Julie Anderson,Retail,GB,2020-04-27
1674,Tamara Mcdonald,Premier,US,2021-08-04
1675,Michael Mckinney,Retail,US,2023-09-24
1676,David Walker,Premier,IE,2024-02-24
1677,Lisa Durham,Business,DE,2021-05-24
1678,Michael Ortega,Retail,GB,2022-02-13
1679,Sonya Chavez,Retail,DE,2021-08-25
1680,John Bell,Premier,GB,2024-07-07
1681,Christopher Tate,Retail,IE,2019-11-27
1682,Bethany Garcia,Retail,US,2018-01-27
1683,Rebecca Nguyen,Retail,IE,2024-06-23
1684,Rebecca Patel,Retail,US,2024-08-09
1685,Jason Oliver,Retail,DE,2020-08-17
1686,Valerie Reyes,Retail,DE,2022-03-07
1687,Robert Garza,Retail,IE,2023-02-12
1688,Jessica Cobb,Retail,US,2019-01-08
1689,Cynthia Bates,Business,IE,2023-05-04
1690,Timothy Andrews,Retail,US,2018-09-02
1691,Mr. Joel Peters,Business,US,2023-01-15
1692,Casey Blanchard,Retail,DE,2022-08-04
1693,Brian Cervantes,Retail,DE,2024-11-30
1694,Jamie Snyder,Retail,US,2018-05-05
1695,Ann Montoya,Retail,US,2019-06-21
1696,Stephanie Fields,Retail,US,2023-04-04
1697,Charles Hernandez,Retail,DE,2022-06-24
1698,Jean Lane,Retail,DE,2021-11-26
1699,Michael Stewart,Retail,GB,2022-03-21
1700,Susan Torres,Retail,US,2019-06-15
1701,Jessica Haas,Retail,GB,2018-09-11
1702,Brandon Smith,Retail,US,2023-12-09
1703,Mrs. Bethany Phillips,Premier,DE,2019-10-23
1704,Joshua Brown,Retail,GB,2022-12-07
1705,Samantha Howard,Retail,GB,2020-11-26
1706,Sharon Young,Business,IE,2021-09-27
1707,Jennifer Flores,Retail,US,2020-11-02
1708,James Gardner,Retail,DE,2021-04-21
1709,Karen Lopez,Business,IE,2023-11-06
1710,Tim Larsen,Retail,IE,2023-09-25
1711,Zachary Santiago,Retail,US,2021-02-16
1712,Benjamin Smith,Retail,IE,2022-04-04
1713,Katelyn Kim,Retail,US,2022-10-22
1714,Angela May MD,Retail,IE,2023-05-20
1715,Richard Munoz,Retail,US,2020-01-15
1716,Christopher Hicks,Retail,DE,2022-06-18
1717,Joanna Kelly,Retail,US,2020-08-24
1718,Larry Lane,Business,US,2020-02-02
1719,Cynthia Shaw,Premier,GB,2020-03-04
1720,Joshua Richardson,Retail,DE,2020-01-14
1721,Laura Bush,Retail,DE,2020-12-05
1722,John Vaughn,Retail,DE,2022-03-12
1723,Nicholas Terrell,Retail,IE,2019-07-12
1724,Dr. Julie Miller,Retail,GB,2023-06-18
1725,Ann Kennedy,Retail,DE,2019-06-10
1726,Toni Miller,Premier,IE,2020-04-19
1727,Rebecca Edwards,Retail,IE,2018-01-03
1728,Greg Osborne,Retail,IE,2020-11-17
1729,Jose Harrison,Retail,GB,2021-11-05
1730,Jennifer Yu,Retail,IE,2018-06-06
1731,Donna Johnson,Premier,GB,2023-04-22
1732,Nicole Acosta,Premier,US,2023-05-09
1733,Amy Kennedy,Premier,IE,2019-05-26
1734,Anthony Mooney,Retail,DE,2019-11-18
1735,Lori Mitchell,Retail,IE,2021-02-11
1736,Jonathan York,Retail,US,2021-11-13
1737,Casey Campbell,Retail,US,2022-02-19
1738,Alexis Rodriguez,Retail,IE,2019-07-25
1739,Kevin Hernandez,Premier,US,2019-12-16
1740,Robert Green,Retail,GB,2021-08-31
1741,Kari Lloyd,Retail,GB,2024-04-05
1742,Grace Miller,Retail,IE,2024-06-08
1743,Timothy Moore,Retail,GB,2020-09-17
1744,Wyatt Townsend II,Retail,GB,2018-11-30
1745,Mark Clark,Business,DE,2023-12-01
1746,Haley May,Premier,IE,2022-07-03
1747,Audrey Jackson,Business,US,2018-12-28
1748,Eric Reese,Retail,IE,2023-02-24
1749,Kim James,Retail,GB,2023-11-15
1750,Karen Thomas,Retail,DE,2023-06-05
1751,Alexandra Ho,Retail,IE,2023-08-26
1752,Michael Nixon,Premier,IE,2023-06-01
1753,Amanda Hardin,Retail,GB,2019-01-11
1754,Tina Reynolds,Retail,GB,2020-01-12
1755,Shannon Rogers,Retail,IE,2019-01-25
1756,Brett Pena,Retail,GB,2021-05-25
1757,Raymond Curry,Premier,GB,2020-04-03
1758,Leah Lee,Retail,GB,2024-06-25
1759,Michael White,Retail,GB,2024-02-22
1760,Megan Decker,Retail,GB,2019-02-22
1761,Brent Garcia,Retail,DE,2019-08-30
1762,Daniel Campbell,Premier,GB,2019-07-22
1763,Alexander Davis,Premier,US,2019-06-28
1764,Mary Houston,Business,IE,2024-03-28
1765,Margaret Erickson,Premier,DE,2020-06-02
1766,Scott Anderson,Retail,DE,2019-12-04
1767,Stephanie Knight,Retail,GB,2021-05-08
1768,Stephanie Dominguez,Retail,IE,2022-06-11
1769,John Mayer,Retail,US,2023-08-31
1770,Tammy Hill,Premier,GB,2022-11-22
1771,Steven Carrillo,Retail,IE,2022-06-08
1772,Christopher Jones,Business,GB,2021-12-28
1773,Janet Cook,Retail,GB,2024-08-15
1774,Tyler Baker,Retail,GB,2022-05-03
1775,John Mcfarland,Retail,GB,2023-03-30
1776,Cassandra Vasquez,Premier,GB,2018-03-19
1777,Randy Robinson,Retail,GB,2021-08-01
1778,Susan Baldwin,Retail,GB,2019-10-10
1779,Benjamin Duncan,Retail,US,2023-12-28
1780,Jeremy Mosley,Retail,DE,2019-07-07
1781,Martin Fitzpatrick,Retail,US,2020-09-24
1782,Deborah Graves,Premier,GB,2018-10-09
1783,Laura Robertson,Retail,GB,2021-07-05
1784,Katherine Graham,Retail,US,2023-01-21
1785,Priscilla Floyd,Retail,US,2021-10-15
1786,April Finley,Retail,DE,2024-10-23
1787,Karen Bradley,Premier,US,2024-05-06
1788,Heather Maldonado,Retail,DE,2021-03-03
1789,Mark Benjamin,Retail,GB,2018-04-14
1790,Joseph Woodward,Retail,IE,2020-02-05
1791,Joe Miranda,Business,IE,2023-11-13
1792,Cassandra Williams,Premier,IE,2022-05-16
1793,Connor Dominguez,Retail,IE,2019-04-25
1794,Lydia Howard,Retail,GB,2023-08-23
1795,Mark Moss,Retail,IE,2023-05-18
1796,Corey Cortez,Premier,US,2023-11-13
1797,Katherine Brown,Retail,US,2024-05-29
1798,Elizabeth Ferguson,Retail,IE,2023-09-04
1799,Joann Forbes,Retail,US,2021-07-19
1800,Anthony French,Retail,DE,2022-03-09
1801,Bruce Roman,Retail,GB,2021-04-04
1802,Judy Gregory,Premier,IE,2020-07-27
1803,Brittany Riley,Retail,IE,2020-02-01
1804,Amanda Thomas,Retail,GB,2019-10-16
1805,Kaitlin Hardin,Retail,US,2022-07-28
1806,Michael Anderson,Business,GB,2024-12-13
1807,Anthony Parker,Retail,GB,2023-04-16
1808,Joy Jackson,Premier,US,2021-01-31
1809,Sabrina Rodriguez,Retail,GB,2023-04-10
1810,Robert Walker PhD,Retail,US,2019-07-29
1811,Robert Hendrix,Retail,US,2024-05-30
1812,Erika Daugherty,Retail,GB,2021-08-22
1813,Brenda Copeland,Retail,DE,2021-07-01
1814,Pamela Watkins,Premier,US,2021-04-18
1815,Bryan Thomas,Retail,GB,2018-02-09
1816,Michael Tran,Retail,US,2019-06-04
1817,Timothy Williams,Retail,DE,2022-06-28
1818,Ryan Salazar,Business,DE,2024-04-02
1819,Alexis Tucker,Premier,IE,2019-04-08
1820,Christopher Davis,Retail,US,2021-06-05
1821,Stacie Butler,Business,US,2023-01-23
1822,Patricia Schwartz,Retail,GB,2019-04-28
1823,Mark Mills,Retail,US,2024-10-13
1824,Todd Bishop,Premier,IE,2018-12-09
1825,Christopher Porter,Premier,DE,2021-04-11
1826,Lori Patton,Retail,DE,2022-01-02
1827,Aaron Young,Retail,IE,2021-04-17
1828,Joseph Davis,Retail,US,2022-06-10
1829,Philip Fernandez,Business,US,2023-12-21
1830,Randy Hopkins,Retail,IE,2024-07-26
1831,Cory Hogan,Retail,GB,2024-12-28
1832,Tracy Wells,Retail,DE,2023-11-02
1833,Michael Williams,Retail,IE,2020-09-19
1834,Dominique Hamilton,Retail,IE,2024-07-18
1835,Robert Chang,Business,US,2021-04-04
1836,Patrick Buckley,Retail,DE,2024-05-29
1837,Richard Washington,Retail,US,2022-05-23
1838,Steven Griffith,Retail,IE,2021-04-08
1839,Erika Gonzalez,Premier,GB,2019-08-21
1840,Erika Maxwell,Retail,DE,2019-10-07
1841,Brent Rojas,Retail,IE,2019-03-24
1842,Jaime Walker,Premier,IE,2024-12-24
1843,John Zamora,Premier,GB,2020-02-03
1844,Timothy Gibson,Premier,IE,2020-01-05
1845,Chad Cortez,Business,IE,2022-07-01
1846,Vanessa Harris,Retail,DE,2024-04-16
1847,Michael Brown,Premier,DE,2019-08-24
1848,Samuel Ellis,Retail,DE,2023-12-13
1849,Greg Tanner,Premier,US,2023-12-01
1850,Rachel Little,Premier,GB,2020-09-07
1851,Carolyn Cordova,Premier,DE,2022-11-18
1852,Angelica Vincent,Retail,US,2024-01-07
1853,Zachary Vargas PhD,Retail,US,2024-07-18
1854,Nicholas Fitzgerald,Retail,GB,2019-08-03
1855,Garrett Riley,Business,GB,2020-02-22
1856,Leslie Hernandez,Business,IE,2024-06-26
1857,Abigail Baird,Retail,US,2019-06-16
1858,John Mack,Retail,DE,2022-02-21
1859,Joseph Mendoza,Retail,GB,2024-12-14
1860,Samantha Chavez,Premier,US,2019-09-04
1861,Justin Smith,Premier,DE,2024-04-18
1862,Tiffany Anderson,Retail,US,2023-06-29
1863,Matthew Davis,Retail,GB,2021-01-05
1864,Eric Warner,Premier,IE,2022-07-29
1865,Nicole Johnson,Premier,US,2021-11-16
1866,Raymond Sawyer,Retail,DE,2021-12-06
1867,Richard Wood,Retail,GB,2024-01-30
1868,Mark Dalton,Retail,IE,2020-05-24
1869,Steven Cook,Retail,DE,2024-02-27
1870,Jeffery Nelson,Retail,DE,2018-08-05
1871,Kimberly Norton,Retail,DE,2019-01-11
1872,Angela Gilmore,Premier,US,2022-05-29
1873,Amy Dougherty,Retail,GB,2018-01-11
1874,Stacy Rodriguez,Premier,DE,2022-06-02
1875,Manuel Diaz,Retail,US,2024-10-18
1876,Justin Jones,Retail,GB,2020-03-28
1877,Christine Zavala,Retail,GB,2021-07-20
1878,Brian Mendoza,Retail,US,2019-11-22
1879,Lauren Haley,Premier,US,2022-05-19
1880,Patrick Perez,Business,DE,2022-03-13
1881,Derek Frazier,Retail,GB,2021-03-01
1882,Arthur Reed,Retail,IE,2023-05-02
1883,Mr. Bryan Mckinney,Premier,US,2020-02-23
1884,Kim Carter,Retail,GB,2024-06-24
1885,Rebecca Dougherty,Retail,GB,2023-05-27
1886,Teresa Jones,Premier,DE,2023-02-20
1887,Judith Miller,Retail,IE,2020-02-24
1888,Donna Frye,Retail,DE,2019-02-01
1889,Donald Terry,Retail,IE,2020-12-17
1890,Shaun Meyer DDS,Premier,IE,2022-02-12
1891,Wayne Weaver,Retail,US,2023-07-27
1892,Gregory Wallace,Retail,GB,2022-06-03
1893,Dorothy Brown,Premier,GB,2019-04-05
1894,Crystal Meza,Retail,GB,2023-10-10
1895,Jennifer Cooper,Premier,IE,2024-08-13
1896,Erin Watkins,Retail,GB,2019-06-30
1897,Sarah Wallace,Business,US,2024-12-18
1898,Carlos Clarke,Retail,IE,2019-05-12
1899,David Washington,Retail,IE,2019-05-20
1900,Patricia Williams,Retail,IE,2020-12-28
1901,Jesus Jackson,Retail,IE,2024-01-18
1902,Michelle Mitchell,Premier,US,2022-06-26
1903,Sara Schwartz,Business,GB,2019-12-19
1904,Brittany Young,Retail,US,2022-05-12
1905,Eugene Martinez,Retail,GB,2021-11-09
1906,Cody Hart,Premier,US,2018-09-26
1907,Evan Cooper,Premier,DE,2023-05-01
1908,Joshua Martin,Retail,DE,2022-01-17
1909,Thomas Sullivan,Retail,DE,2022-03-22
1910,Mr. Jimmy Flores Jr.,Retail,DE,2020-05-14
1911,Vanessa Rivera,Retail,IE,2024-07-25
1912,Kara Roberts,Retail,IE,2018-04-20
1913,Veronica Berry,Retail,US,2024-09-20
1914,Keith Meadows,Retail,US,2019-10-12
1915,Michael Dennis,Premier,DE,2023-09-30
1916,Brenda Pierce,Retail,GB,2022-02-08
1917,James Randall,Retail,DE,2021-01-15
1918,Brandon Brown,Retail,US,2019-08-19
1919,Lauren Walker,Retail,DE,2020-09-05
1920,Diana Johnson,Retail,US,2020-01-01
1921,Jill Powers,Retail,DE,2018-02-26
1922,Jorge Lee,Retail,GB,2024-02-22
1923,Larry Harding,Retail,DE,2022-11-19
1924,Heather Hernandez,Retail,GB,2022-08-29
1925,Jaclyn Watson,Retail,GB,2021-07-10
1926,Gregory Madden,Premier,US,2018-04-22
1927,Anita Luna,Retail,GB,2019-12-12
1928,Willie Lara,Premier,IE,2021-04-16
1929,Robert Waller,Retail,IE,2020-08-05
1930,Steven Taylor,Retail,IE,2018-01-26
1931,Angelica Clark,Retail,US,2024-09-23
1932,Sean Hatfield,Retail,IE,2020-01-28
1933,Tyler Avila,Premier,US,2022-12-06
1934,Jason Rocha,Premier,US,2022-04-05
1935,Justin Page,Premier,IE,2023-01-16
1936,Breanna Lopez,Retail,GB,2024-04-12
1937,Julian Williams,Retail,DE,2021-01-09
1938,Sandra Torres,Retail,US,2019-10-24
1939,Julie Johnson,Retail,IE,2020-06-27
1940,Dennis Blanchard,Retail,US,2024-09-09
1941,Kaitlyn Valdez,Retail,GB,2019-06-06
1942,Jennifer Vasquez,Retail,GB,2023-01-31
1943,Danielle Wilson,Retail,IE,2022-10-26
1944,Zachary Jones,Premier,US,2024-04-30
1945,Lauren Cunningham,Business,DE,2020-02-29
1946,Lori Alvarez,Business,DE,2021-07-21
1947,Barbara Hunt,Retail,US,2022-09-26
1948,Sarah Martin,Retail,US,2018-06-21
1949,Francisco Johns,Retail,US,2018-09-22
1950,Christopher Nelson,Premier,IE,2023-06-10
1951,Thomas Kelly,Retail,GB,2020-11-15
1952,Joseph Mayer,Retail,DE,2022-02-01
1953,Pamela White,Premier,IE,2023-03-01
1954,Paul Stephens,Retail,US,2019-04-21
1955,Samantha Cohen,Retail,US,2024-07-31
1956,Michael Barker,Retail,GB,2020-11-15
1957,Kevin Morrow,Retail,US,2018-02-03
1958,Joseph Watson,Retail,IE,2024-04-30
1959,Mr. Thomas Garcia,Retail,IE,2021-03-07
1960,Daniel Lopez,Retail,GB,2020-03-26
1961,Lisa Guerra,Retail,IE,2020-01-24
1962,Kim Arnold,Premier,DE,2019-07-20
1963,Ashley Stevens,Retail,IE,2019-04-07
1964,Robert Mclean,Retail,IE,2022-07-13
1965,Eric Cox,Retail,IE,2018-03-22
1966,Stacy Harper,Business,DE,2023-04-22
1967,Gloria Mckinney,Retail,US,2020-05-19
1968,Robert Walker,Retail,IE,2021-12-01
1969,Brenda Perez,Premier,GB,2020-12-05
1970,Carlos Miller,Premier,DE,2019-08-22
1971,Rachel Jones,Retail,GB,2022-06-23
1972,Nicole Williams,Premier,IE,2020-03-17
1973,Ricky Palmer,Retail,GB,2023-04-19
1974,Bryan King,Retail,IE,2020-12-12
1975,Michael Webster,Retail,DE,2019-12-05
1976,Tamara Harris,Retail,GB,2024-11-28
1977,Cathy Bell,Premier,GB,2023-08-26
1978,Ryan Mcmahon,Retail,IE,2019-05-02
1979,Hannah Martin,Retail,IE,2019-12-07
1980,Monica Allen,Premier,US,2022-03-06
1981,Annette Lane,Premier,IE,2021-03-10
1982,Daniel Lee,Retail,IE,2019-09-12
1983,Steven Medina,Retail,US,2020-02-16
1984,Annette Lewis,Retail,IE,2019-03-23
1985,Michelle Richardson,Premier,IE,2024-05-26
1986,Jessica Rosario,Retail,US,2018-07-28
1987,Henry Gray,Business,DE,2022-02-07
1988,Darren Rodriguez,Retail,DE,2024-09-26
1989,Mrs. Ashley Taylor,Retail,IE,2021-12-21
1990,Michele Hawkins,Retail,IE,2023-02-21
1991,Garrett Wilson,Retail,US,2024-05-26
1992,Kyle Collins,Retail,US,2021-07-15
1993,Jill Spencer,Business,DE,2024-01-08
1994,Scott Lopez,Retail,GB,2022-10-09
1995,Ryan Alvarez,Retail,IE,2021-07-02
1996,Cassie Lutz,Premier,GB,2021-11-01
1997,Brian Kim DDS,Retail,GB,2022-08-04
1998,Charles Morales,Premier,US,2020-05-04
1999,Ashley Schaefer,Retail,IE,2021-10-13
2000,Amy Hester,Retail,IE,2024-08-14
2001,Kurt Ewing,Retail,US,2019-12-06
2002,Ryan Hardy,Retail,GB,2020-04-05
2003,Micheal Perkins,Business,US,2020-10-01
2004,Richard Schneider,Retail,DE,2019-01-12
2005,John Morrison,Retail,IE,2020-08-30
2006,John Ramirez,Retail,DE,2018-04-28
2007,Ashley King,Retail,US,2019-03-20
2008,Mark Taylor Jr.,Premier,IE,2020-01-25
2009,Barry Gregory,Retail,DE,2019-10-02
2010,Janet Shelton,Retail,DE,2023-12-12
2011,Marco Davis,Business,GB,2021-07-24
2012,Paul Saunders,Retail,IE,2024-08-04
2013,Christina Bates,Business,DE,2019-09-15
2014,Dennis Cooper PhD,Retail,DE,2022-02-01
2015,Tiffany Johnson,Retail,GB,2023-07-02
2016,Thomas Reyes,Retail,DE,2022-07-10
2017,James Stevens,Premier,DE,2022-09-20
2018,Justin Dalton,Business,DE,2023-04-04
2019,Michael Henry,Retail,GB,2020-07-07
2020,Mike Freeman,Retail,DE,2021-03-19
2021,Michael Keller,Retail,DE,2024-11-04
2022,Laura Alvarez,Retail,IE,2021-03-31
2023,Katie Myers,Retail,IE,2018-04-30
2024,Wesley Jensen MD,Business,GB,2019-08-05
2025,Erica Johnson,Retail,US,2023-05-02
2026,Russell Bailey,Retail,IE,2023-11-17
2027,Alyssa Vance,Retail,GB,2021-04-05
2028,Brent Reed,Retail,DE,2022-08-14
2029,Gregory Stanley,Retail,DE,2023-06-23
2030,Matthew Watkins,Retail,GB,2019-02-05
2031,Ana Torres,Premier,DE,2024-08-09
2032,Alejandro Nguyen,Retail,DE,2021-09-11
2033,Scott Bradley,Retail,US,2022-07-15
2034,Deborah Dominguez,Retail,DE,2019-09-13
2035,Victoria Gray,Premier,IE,2018-09-04
2036,Kenneth Stokes,Premier,DE,2024-10-17
2037,Michael Rogers,Retail,GB,2021-01-21
2038,Pamela Morgan,Premier,US,2019-09-16
2039,Heidi Graham,Retail,DE,2024-06-26
2040,Ryan Cobb PhD,Retail,GB,2023-01-14
2041,Donna Williams,Retail,IE,2023-10-11
2042,Jennifer Perez PhD,Retail,DE,2018-10-27
2043,Ryan Davis,Retail,US,2019-02-07
2044,Austin Solis,Business,DE,2022-07-30
2045,Daniel Flynn,Premier,GB,2018-09-10
2046,Elizabeth Brock,Retail,US,2022-10-24
2047,Joshua Gonzalez,Retail,DE,2024-11-30
2048,Mario Chavez,Retail,IE,2021-10-24
2049,Catherine Smith,Retail,US,2023-05-19
2050,Shari Ray,Retail,IE,2018-06-09
2051,Victor Harmon,Retail,GB,2018-07-24
2052,Timothy Patel,Retail,DE,2021-03-07
2053,Patricia Hamilton,Premier,IE,2021-10-23
2054,Lori Boyd,Retail,GB,2020-05-07
2055,Charles Hernandez,Retail,DE,2020-01-30
2056,Elizabeth Graham,Premier,GB,2022-05-10
2057,Ronald Brown,Retail,IE,2023-10-17
2058,Jason Colon,Retail,GB,2018-05-13
2059,Dawn Burke,Retail,US,2022-09-20
2060,Brian Lee,Retail,DE,2019-03-06
2061,Ronald Marshall,Premier,GB,2024-06-13
2062,Jessica Lucas,Retail,IE,2021-04-12
2063,Christopher Taylor,Retail,DE,2024-09-25
2064,Robert Hopkins,Premier,US,2018-04-07
2065,Samuel Stuart,Premier,DE,2022-09-03
2066,Mr. Scott Miller,Premier,US,2021-03-23
2067,Sharon Lester,Retail,DE,2022-09-15
2068,Jack Sandoval,Retail,GB,2021-06-19
2069,Tony Ramsey,Business,GB,2021-08-20
2070,Brian Navarro,Premier,IE,2021-08-01
2071,Kelly Calderon,Retail,US,2020-11-16
2072,Tara King,Retail,IE,2021-10-15
2073,Cynthia Martinez,Retail,GB,2024-02-28
2074,Erin Silva,Business,US,2019-08-04
2075,Paul Young,Retail,IE,2024-08-14
2076,Charles Thompson,Retail,IE,2019-06-17
2077,Jessica King,Retail,IE,2021-03-21
2078,Katherine Brooks,Retail,IE,2021-01-30
2079,Emily Coleman,Premier,IE,2020-06-17
2080,Tracey Suarez,Retail,US,2022-01-09
2081,Heidi Baldwin,Premier,IE,2021-06-06
2082,Alisha Rasmussen,Business,US,2020-02-09
2083,Sarah Bates,Retail,IE,2020-04-13
2084,Melissa Mccormick,Retail,GB,2023-03-20
2085,Juan Parker,Retail,GB,2024-04-02
2086,Heidi Burnett,Premier,IE,2024-01-19
2087,Sean Mathews,Retail,DE,2019-07-08
2088,Theodore Long,Retail,GB,2020-12-27
2089,Dawn Davis,Premier,US,2021-04-11
2090,Cynthia Clark,Retail,IE,2022-07-19
2091,Sydney Welch,Business,US,2019-07-13
2092,Pamela Sullivan,Retail,DE,2018-09-18
2093,Sean Morrow,Retail,IE,2024-03-14
2094,Kaitlin Gutierrez,Retail,GB,2023-01-15
2095,Michelle Mcdowell,Premier,US,2021-02-21
2096,Samantha Hale,Retail,GB,2020-03-15
2097,Heather Guzman,Premier,GB,2021-03-31
2098,Nancy Chavez,Business,IE,2024-02-27
2099,Anthony May,Retail,US,2024-09-15
2100,Rachel Taylor,Business,DE,2018-10-02
2101,Mark Edwards,Retail,GB,2018-07-25
2102,Christopher Black,Retail,IE,2022-09-20
2103,Sandra Hines,Retail,IE,2020-05-16
2104,Melissa Sparks,Premier,DE,2018-04-03
2105,John Moss,Retail,IE,2020-12-01
2106,Michael Serrano,Retail,GB,2024-08-23
2107,Christina Perry,Retail,IE,2021-09-13
2108,Shawn Duffy,Retail,US,2023-10-14
2109,Courtney Vaughan,Retail,US,2018-12-31
2110,Maria Sims,Premier,GB,2020-03-31
2111,Valerie Gonzalez,Premier,US,2022-02-16
2112,Caroline Morales,Retail,DE,2023-07-23
2113,David Davis,Business,IE,2023-04-09
2114,Travis Wilson,Retail,GB,2020-12-21
2115,Jessica Mora,Business,DE,2024-12-13
2116,Michael Wilson,Retail,IE,2021-07-20
2117,Cheryl Atkins,Retail,DE,2024-03-26
2118,Donna Snyder,Retail,GB,2020-11-09
2119,Scott Greene,Premier,GB,2018-01-03
2120,Diane Byrd MD,Retail,DE,2022-10-20
2121,Charles Roberts,Retail,IE,2020-06-29
2122,Luke Solomon,Retail,US,2018-11-03
2123,Michael Ellis,Retail,US,2024-10-15
2124,Casey Morris,Retail,DE,2018-05-16
2125,Melissa Reeves,Premier,GB,2023-04-17
2126,Nancy Scott,Premier,IE,2024-02-19
2127,Anthony Cook,Retail,IE,2022-05-28
2128,Terry Barajas,Premier,GB,2021-12-09
2129,Tracy George,Retail,US,2020-05-22
2130,Amber King,Premier,IE,2021-02-15
2131,Elizabeth Foster,Premier,DE,2019-10-28
2132,Walter Hansen,Retail,US,2018-07-28
2133,Debbie Gordon,Premier,DE,2020-08-09
2134,Sherry Anderson,Retail,US,2020-11-23
2135,Joseph Thomas,Retail,GB,2019-10-11
2136,Andrew Anderson,Premier,DE,2021-09-03
2137,Sandy Adkins,Retail,DE,2023-12-08
2138,Diane Mcdowell,Retail,GB,2019-09-19
2139,Pam Baker,Retail,DE,2019-06-09
2140,Steven Stewart,Premier,US,2022-05-24
2141,Pamela Hernandez DVM,Retail,IE,2023-02-12
2142,Rebecca Brown,Retail,IE,2020-02-08
2143,David Johnson,Premier,GB,2023-09-26
2144,Michael Graham,Premier,US,2020-02-11
2145,Tammy Williams MD,Retail,DE,2020-01-10
2146,Karina Vasquez,Retail,DE,2019-06-06
2147,Sharon Martinez,Retail,IE,2021-11-01
2148,Sean White,Retail,DE,2023-12-22
2149,Jordan Nelson,Retail,IE,2018-09-05
2150,Laurie Silva,Premier,GB,2021-09-03
2151,Kelly Duncan,Retail,DE,2024-10-19
2152,Billy Tate,Retail,US,2023-02-02
2153,Stacy Johnson,Retail,DE,2019-11-17
2154,Melanie Long,Premier,IE,2019-08-09
2155,Tiffany Hood,Retail,GB,2024-07-26
2156,Brad Rivas,Business,IE,2018-05-23
2157,Jordan Moses,Retail,DE,2020-08-24
2158,Abigail Booker,Retail,IE,2019-12-19
2159,Tiffany Nguyen,Retail,IE,2019-10-05
2160,Morgan Bernard,Retail,GB,2024-12-23
2161,Christine Williams,Retail,US,2019-01-05
2162,Erica Brown,Retail,DE,2021-01-14
2163,Trevor James,Retail,GB,2020-02-26
2164,Christopher Hanna,Premier,US,2022-01-23
2165,Ann Phelps,Retail,IE,2020-08-07
2166,Richard Mitchell,Premier,US,2021-09-10
2167,Martha Martinez,Retail,IE,2019-06-06
2168,Jeffrey Drake MD,Retail,IE,2024-12-11
2169,Bonnie Wade,Retail,GB,2023-05-07
2170,Kayla Burns,Retail,IE,2024-09-10
2171,Karen Hart,Retail,GB,2018-12-21
2172,Peter Shepherd,Retail,US,2020-08-04
2173,Jessica Simmons,Retail,US,2024-05-24
2174,Glenn Ford,Retail,IE,2022-01-22
2175,Michael Moore,Retail,GB,2022-07-06
2176,Mark Warren IV,Business,IE,2019-06-20
2177,Terry Woods,Premier,GB,2021-08-07
2178,Carl Leach,Premier,GB,2024-01-25
2179,Kelly Phillips,Premier,GB,2020-08-07
2180,Billy Williams,Retail,US,2019-09-13
2181,Jeffery Davis,Retail,GB,2019-03-04
2182,Laura King,Business,US,2022-09-22
2183,Brad Gordon,Retail,GB,2024-12-12
2184,Matthew White,Retail,US,2024-07-30
2185,James Miller,Retail,DE,2024-02-22
2186,Elizabeth Matthews,Retail,US,2019-06-29
2187,Michael Hanson,Retail,US,2020-04-03
2188,Vincent Savage,Premier,IE,2020-09-29
2189,Cody Burgess,Retail,GB,2019-10-21
2190,Shelby Rodriguez,Retail,DE,2023-08-21
2191,Abigail Wilson,Business,IE,2024-09-09
2192,John Holt,Retail,GB,2020-01-01
2193,Tracy Guzman,Retail,DE,2023-01-07
2194,Mr. William Ward,Retail,DE,2019-02-13
2195,Melissa Foster,Premier,DE,2024-08-06
2196,Calvin Smith,Business,GB,2018-03-25
2197,Alan Waller,Retail,DE,2024-01-13
2198,Christine Wong,Premier,DE,2019-12-08
2199,Jessica Garrett,Retail,IE,2023-05-16
2200,Cheryl Turner,Business,US,2024-11-24
2201,John Johnson,Premier,GB,2021-12-18
2202,Christian Park,Premier,US,2018-05-14
2203,Kaitlyn Heath,Retail,IE,2020-02-27
2204,Christina Hudson,Business,US,2020-05-13
2205,Amber Smith,Premier,DE,2019-10-29
2206,Michelle Petty,Retail,DE,2018-10-04
2207,Nancy Larson,Premier,GB,2022-11-11
2208,Donna Freeman,Retail,GB,2020-05-31
2209,Mr. Logan Gregory,Premier,GB,2023-08-23
2210,Katherine Klein,Retail,IE,2024-07-17
2211,Jennifer Stewart,Premier,GB,2023-09-14
2212,Steven Butler,Retail,IE,2021-05-22
2213,Johnny Mcmillan,Retail,DE,2024-09-18
2214,Michael Smith,Retail,US,2018-06-08
2215,Corey Cooper,Retail,DE,2021-02-07
2216,Daniel Stout,Retail,DE,2023-01-26
2217,Lance Kirby,Retail,DE,2018-10-06
2218,Bonnie Carter,Retail,GB,2024-12-01
2219,Toni Whitaker,Retail,GB,2018-04-21
2220,Morgan Flynn,Retail,GB,2024-10-14
2221,Sarah Howell,Premier,US,2019-06-26
2222,Paul Estrada,Retail,GB,2021-02-12
2223,Curtis Obrien,Business,IE,2018-12-26
2224,Jason Chaney,Premier,DE,2024-08-16
2225,Daniel Williams,Retail,US,2021-05-23
2226,Stanley Kelly,Retail,US,2022-10-23
2227,Ronald Kline,Premier,US,2020-08-12
2228,Arthur Jordan,Retail,US,2024-04-25
2229,Barbara Walker,Retail,US,2023-12-08
2230,Gerald Kelly,Retail,IE,2020-09-02
2231,Shawn Adams,Premier,DE,2020-07-01
2232,Michael Robertson,Retail,US,2021-02-25
2233,Michelle House,Retail,DE,2019-12-24
2234,Jim Skinner,Business,GB,2022-09-08
2235,Brian Bishop,Premier,US,2018-11-21
2236,Theresa Colon,Retail,US,2022-03-10
2237,Brian Soto,Retail,DE,2022-03-30
2238,Susan Moore,Premier,US,2020-12-09
2239,Jeremy Hunter,Retail,US,2023-04-30
2240,Annette Holland,Retail,US,2022-05-27
2241,Chad Allison,Retail,IE,2023-10-18
2242,Jason Mack,Business,IE,2019-01-26
2243,Robert Peterson,Retail,US,2024-08-27
2244,Angela Watson,Premier,IE,2018-01-16
2245,Heather Ortega,Premier,GB,2020-04-25
2246,Paul Fisher,Retail,US,2020-05-18
2247,Robert Gutierrez,Retail,GB,2019-07-22
2248,Jimmy Phelps,Retail,DE,2023-12-20
2249,Heidi Johnson,Retail,GB,2023-07-13
2250,Adam Drake,Retail,DE,2024-05-09
2251,Angela Edwards,Premier,US,2022-07-05
2252,Mrs. Amy Malone,Retail,DE,2024-12-06
2253,Margaret Orr,Premier,DE,2018-12-23
2254,Mark Reeves,Retail,GB,2022-07-15
2255,Kelly Phillips,Retail,GB,2024-03-30
2256,Michael Spencer,Retail,GB,2018-02-05
2257,Patrick Blankenship,Retail,US,2024-09-26
2258,Douglas Rose,Premier,US,2020-10-24
2259,Melody Griffin,Retail,GB,2023-09-23
2260,Joshua Kramer,Retail,US,2018-04-24
2261,Melissa Barron,Retail,US,2022-11-08
2262,Jennifer Gonzalez,Retail,DE,2024-09-10
2263,Andrew Cook,Retail,DE,2021-04-12
2264,Natalie Martinez,Retail,GB,2021-07-02
2265,Diane Davis DDS,Business,US,2019-04-11
2266,Nicole Moore,Retail,DE,2022-01-27
2267,Robert Vargas,Premier,IE,2020-04-26
2268,Raymond Barber,Retail,US,2019-05-17
2269,Mrs. Amy Watson,Retail,IE,2019-03-17
2270,Heather Williams,Retail,GB,2023-10-18
2271,Belinda Evans,Retail,US,2018-11-22
2272,Jody Bird,Retail,GB,2022-11-01
2273,Virginia Cunningham,Retail,GB,2018-03-08
2274,Lori Ferguson,Retail,GB,2018-10-31
2275,Hayley Mitchell,Retail,GB,2020-08-29
2276,Michelle Chambers,Retail,GB,2019-04-29
2277,Kelly Wright,Business,US,2020-07-17
2278,Kevin Carson,Retail,IE,2021-12-11
2279,Brent Dawson,Retail,US,2018-05-29
2280,Angela Brown,Retail,US,2024-04-14
2281,Karen Griffin,Retail,US,2021-01-29
2282,Joseph Chapman,Retail,DE,2018-04-06
2283,Jennifer Baker,Retail,DE,2018-10-09
2284,Mr. Jeremiah Galvan MD,Retail,US,2024-06-27
2285,Samantha Thomas,Retail,IE,2019-06-13
2286,Michael Anderson,Retail,US,2024-04-29
2287,Sharon Wilson,Retail,GB,2022-07-01
2288,John Francis,Retail,DE,2019-08-03
2289,Jaclyn Crane,Retail,DE,2022-07-22
2290,Jennifer Martinez,Retail,US,2024-05-30
2291,Amanda Hernandez,Premier,US,2022-06-20
2292,William Turner,Retail,IE,2024-09-08
2293,Dr. Charles Lawrence,Retail,IE,2020-03-20
2294,Steven Small,Retail,GB,2019-11-24
2295,Robert Burns,Business,US,2018-08-23
2296,Gregory Harrell,Retail,US,2020-08-09
2297,Kenneth Knight,Retail,US,2023-01-29
2298,Rachael Alvarez,Retail,DE,2021-09-22
2299,Lisa Gill,Retail,GB,2020-10-28
2300,Julia Cole,Retail,IE,2022-01-06
2301,Sean Nguyen,Retail,DE,2023-05-19
2302,Mary Ortiz,Premier,DE,2019-06-23
2303,James Weaver,Retail,DE,2020-03-30
2304,Stacy Fitzgerald,Premier,DE,2022-08-09
2305,Sharon Mann,Business,GB,2018-09-29
2306,Rebecca Zimmerman,Retail,US,2020-10-25
2307,Becky Hansen,Retail,IE,2023-04-07
2308,Luke Ray,Retail,IE,2021-05-27
2309,Kelly Lopez,Retail,DE,2021-02-15
2310,Steven Martinez,Retail,DE,2019-08-16
2311,Catherine Smith,Business,GB,2022-05-25
2312,Danielle Thornton,Premier,DE,2018-04-25
2313,Jill Roman,Retail,IE,2024-04-29
2314,Jennifer Williams,Retail,IE,2022-08-05
2315,Allison Kim,Premier,US,2021-12-16
2316,Scott Stewart,Business,US,2018-07-26
2317,Brian Garcia,Premier,IE,2024-06-08
2318,Charles Scott,Retail,IE,2018-04-22
2319,Eric Russell,Retail,GB,2021-12-11
2320,Lucas Nguyen,Retail,GB,2023-02-26
2321,Anthony Price,Retail,IE,2018-07-04
2322,Jason Nguyen,Retail,DE,2022-10-31
2323,Ronald Martinez,Retail,US,2020-06-19
2324,Paul Willis,Retail,IE,2018-08-09
2325,Paul Cruz Jr.,Retail,DE,2022-01-07
2326,John Russell,Retail,IE,2020-12-29
2327,Mr. David Mercado,Retail,US,2024-10-10
2328,Victor Leonard,Retail,US,2023-07-06
2329,Justin Glover,Retail,GB,2024-10-26
2330,Jason Miller,Retail,GB,2019-08-24
2331,Christina Faulkner,Premier,GB,2021-03-06
2332,William Casey,Retail,GB,2019-05-19
2333,Jessica Buck,Retail,US,2023-12-19
2334,Aaron Marshall,Retail,DE,2018-08-06
2335,Donna Stanton,Business,DE,2024-01-28
2336,Timothy Olson,Retail,DE,2022-02-07
2337,Sara James,Retail,IE,2019-09-04
2338,Mark Richards,Retail,GB,2021-02-26
2339,Amber Stevenson,Retail,GB,2018-02-26
2340,Elizabeth Foster,Retail,US,2021-04-19
2341,Charles Hawkins,Retail,US,2018-09-03
2342,Jeffrey Bishop,Business,IE,2018-05-24
2343,Emily Fleming,Retail,IE,2019-01-03
2344,Dean Mullins,Premier,DE,2022-01-22
2345,David Bird,Premier,US,2024-03-15
2346,Joe Greene,Retail,GB,2019-09-08
2347,Michael Lucas,Business,DE,2023-02-25
2348,John Valenzuela,Retail,GB,2022-05-08
2349,Jennifer Woodard,Retail,DE,2024-10-25
2350,Pamela Medina,Retail,GB,2019-11-30
2351,Mariah Jones,Retail,IE,2020-05-25
2352,Ronnie Powers,Retail,DE,2022-08-13
2353,Heather Hess,Retail,GB,2020-08-02
2354,Heather Thompson,Retail,GB,2020-07-11
2355,Melissa Smith,Retail,US,2022-10-13
2356,Timothy Wallace,Retail,DE,2018-01-25
2357,Alejandro Campbell,Retail,GB,2022-08-15
2358,Heather Davis,Retail,US,2022-04-09
2359,Elizabeth Robbins,Retail,GB,2020-12-19
2360,Johnny Cox,Premier,DE,2019-03-10
2361,Tanner Mann,Retail,IE,2020-12-25
2362,Craig Nicholson,Premier,DE,2023-05-06
2363,Sergio Carroll,Retail,DE,2023-11-24
2364,Juan Keller MD,Retail,GB,2018-04-06
2365,Krystal Jones,Retail,GB,2018-06-17
2366,Austin Green,Retail,DE,2023-09-21
2367,Crystal Mills,Retail,US,2023-03-18
2368,Cheryl Gregory,Premier,US,2023-11-22
2369,Melissa Patel MD,Retail,US,2023-02-12
2370,Jordan Pace,Premier,GB,2023-06-22
2371,Terri Williams,Premier,GB,2024-05-18
2372,Jessica Carney,Premier,DE,2021-02-07
2373,Michael Owens,Business,IE,2023-07-04
2374,Peter Stephenson,Retail,GB,2020-01-19
2375,Donald Fisher,Retail,DE,2023-03-07
2376,Aaron Lee,Retail,DE,2020-04-10
2377,Kenneth Johnson,Retail,IE,2018-02-18
2378,Vanessa Coleman,Retail,US,2018-04-25
2379,David Martin,Premier,DE,2021-03-24
2380,Mark Davis,Retail,DE,2022-07-31
2381,Robert Watkins,Retail,DE,2024-12-25
2382,Felicia Wright,Retail,US,2018-03-12
2383,David Peterson,Retail,US,2021-09-21
2384,Gavin Bauer,Retail,IE,2018-03-08
2385,Patricia Harvey,Premier,GB,2022-02-25
2386,Lori Riley,Retail,US,2022-08-01
2387,Antonio Johnson,Retail,GB,2022-11-13
2388,Ryan Brown,Retail,GB,2020-08-24
2389,Thomas Ramos,Retail,US,2024-02-07
2390,Mark Jones,Retail,DE,2022-11-25
2391,Kristin Phillips,Retail,IE,2019-09-05
2392,Brendan Walton,Retail,GB,2023-03-02
2393,Kyle Keller,Retail,DE,2022-06-11
2394,James Pope,Retail,US,2019-11-28
2395,Lisa Morgan,Retail,GB,2024-04-14
2396,Rachel Gibson,Retail,GB,2021-05-22
2397,Corey Garcia,Retail,GB,2024-08-03
2398,Andrea Clarke,Retail,DE,2018-09-06
2399,Kenneth Walsh,Business,DE,2019-09-30
2400,Jason Hardy,Retail,DE,2020-08-07
2401,David Robles,Retail,GB,2023-03-20
2402,Eric Graham,Retail,GB,2021-01-16
2403,Nicole Collins,Retail,IE,2018-06-25
2404,Patricia Hernandez,Retail,IE,2019-12-24
2405,Grant Wood,Retail,DE,2024-10-09
2406,Kevin Gregory,Business,DE,2020-02-10
2407,Jonathon Conley,Retail,US,2023-05-02
2408,Jennifer Gonzalez,Retail,DE,2019-12-04
2409,Terry Glover,Retail,IE,2023-10-30
2410,Michael Neal,Retail,IE,2020-07-15
2411,Ms. Erin Lane,Retail,IE,2018-05-18
2412,Lisa Barnes,Retail,GB,2024-11-22
2413,Jesse Mccormick,Premier,GB,2024-07-25
2414,Daniel Smith,Retail,DE,2021-02-23
2415,David Hanson,Retail,US,2023-04-25
2416,Nicholas Cisneros,Business,US,2023-03-07
2417,Patrick Harris,Retail,US,2023-02-22
2418,William Cox,Business,GB,2021-06-07
2419,Alvin Wilson,Retail,IE,2022-01-23
2420,Cory Willis,Premier,IE,2021-09-30
2421,Amanda Johnson,Retail,GB,2018-11-06
2422,Christopher Mcclure,Premier,US,2020-11-09
2423,Gina Spencer,Business,US,2022-07-29
2424,Alex Cameron,Retail,DE,2022-04-14
2425,Alisha Byrd,Business,DE,2022-05-03
2426,Richard Rodriguez,Retail,US,2022-02-09
2427,Elizabeth Allen,Retail,GB,2024-05-05
2428,Mary Pugh,Retail,US,2020-02-09
2429,Yolanda Keith,Retail,DE,2018-01-16
2430,Ana Thomas,Retail,US,2019-08-29
2431,Rebecca Lee,Retail,GB,2021-10-13
2432,James Greene,Retail,IE,2020-03-23
2433,Dana Williams,Premier,GB,2023-06-14
2434,Chelsea Nichols,Premier,GB,2024-12-04
2435,Erin Brown,Retail,DE,2020-06-13
2436,Shelley York,Retail,GB,2022-04-17
2437,Stacey Clark,Retail,GB,2024-05-05
2438,John Alvarado,Retail,DE,2019-02-18
2439,Jordan Potter,Retail,DE,2018-01-25
2440,Katrina Jimenez,Retail,IE,2023-06-28
2441,Frank Brooks,Retail,US,2018-11-12
2442,Michelle Simpson,Business,GB,2019-07-25
2443,James Morse,Retail,DE,2019-12-26
2444,Amanda Robinson,Retail,IE,2023-01-24
2445,Scott Foster,Retail,US,2021-07-23
2446,Stephen Duncan,Retail,DE,2023-05-08
2447,Jacqueline Pierce,Retail,US,2019-01-24
2448,Bradley Wallace,Retail,US,2019-03-20
2449,Kevin Marshall,Retail,GB,2020-08-28
2450,Jessica Mcdonald,Retail,GB,2024-08-12
2451,Robert Stewart,Business,DE,2023-05-19
2452,Christopher Hall,Premier,US,2024-07-17
2453,Heather Miller,Retail,DE,2023-01-03
2454,Kayla Schneider,Retail,DE,2018-10-31
2455,Tammy Garcia,Retail,US,2020-02-03
2456,Andrew Gonzalez,Retail,DE,2023-05-28
2457,Gary Turner,Retail,US,2020-03-26
2458,Melinda Hill,Retail,US,2023-11-30
2459,Yolanda Murillo,Retail,US,2020-05-27
2460,Nancy Gaines,Retail,US,2019-12-04
2461,Elijah Short,Retail,IE,2020-08-01
2462,Jennifer Sullivan,Business,US,2024-05-15
2463,Mary Kennedy,Business,GB,2024-08-26
2464,Paige Hernandez,Premier,GB,2023-08-23
2465,Darrell Curry,Retail,GB,2018-10-30
2466,Jose Hartman,Premier,US,2022-04-29
2467,Miranda Murray,Retail,GB,2018-06-09
2468,Emily Lopez,Premier,IE,2024-01-11
2469,Melissa Clark,Retail,DE,2024-02-07
2470,Justin Brooks,Premier,US,2021-04-18
2471,Bethany Harding,Retail,GB,2024-08-21
2472,Robert Flowers,Premier,IE,2021-04-06
2473,Jason Jennings,Business,DE,2021-03-19
2474,Richard Medina,Retail,IE,2023-08-26
2475,Alexander Floyd,Retail,GB,2021-01-19
2476,Brittany Cisneros,Business,IE,2021-02-17
2477,Mark Morrison,Retail,DE,2023-06-03
2478,Sharon Baird,Premier,GB,2018-09-10
2479,James Ferguson,Retail,DE,2021-12-03
2480,Brian Hudson,Retail,IE,2023-09-10
2481,Steven Davis,Retail,US,2020-01-01
2482,Juan Johnson,Retail,US,2024-05-25
2483,Katherine Lopez,Premier,US,2019-05-13
2484,Victor Campbell,Retail,US,2021-11-29
2485,Matthew Jones,Retail,DE,2019-07-02
2486,Joseph Jackson,Retail,US,2020-08-18
2487,Jennifer Moore,Retail,DE,2018-05-12
2488,Joshua Mendoza,Premier,GB,2021-09-09
2489,Troy Glenn,Business,US,2020-05-07
2490,Daniel Reynolds,Retail,DE,2021-03-01
2491,Karen Munoz,Premier,US,2023-07-26
2492,Laurie Shaw,Premier,US,2019-06-05
2493,Desiree Smith,Retail,US,2018-01-30
2494,Austin Ross,Business,DE,2023-08-14
2495,Kelly Kent,Retail,IE,2019-05-24
2496,Julia Johnston,Retail,US,2021-06-14
2497,Donna Ibarra,Premier,US,2022-04-08
2498,Michael Dawson,Retail,GB,2018-01-16
2499,Louis Patrick,Premier,IE,2020-09-23
2500,David Yoder,Premier,DE,2022-05-27
2501,Judith Bartlett,Retail,GB,2023-01-14
2502,Keith Long,Premier,US,2023-07-10
2503,Cynthia Harrell,Retail,GB,2021-06-07
2504,Mark Carter,Retail,GB,2022-10-10
2505,Melissa Bowen,Retail,US,2024-04-29
2506,Johnny Riddle,Business,IE,2020-12-24
2507,Whitney Jones,Retail,IE,2024-05-01
2508,Randall Nguyen,Retail,GB,2021-09-23
2509,David Hunter,Retail,US,2019-01-13
2510,Benjamin Neal,Premier,DE,2021-04-13
2511,Jane Reese,Retail,GB,2019-04-21
2512,Jennifer Smith,Retail,DE,2021-07-13
2513,Thomas Murphy,Retail,GB,2018-11-25
2514,Kari Jones,Retail,GB,2023-01-14
2515,Dana Dodson,Premier,US,2021-04-01
2516,Robert Skinner,Retail,US,2019-03-14
2517,Albert Garcia,Retail,DE,2021-10-22
2518,Joseph Myers,Business,DE,2022-11-09
2519,Phillip Byrd,Retail,IE,2021-05-07
2520,Hunter Robinson,Business,US,2022-03-04
2521,Michael Robinson,Retail,GB,2023-08-26
2522,Sara Cain,Premier,GB,2023-01-19
2523,Michelle Prince,Retail,IE,2021-08-12
2524,Eric Williams,Retail,US,2020-05-17
2525,Raymond Wang,Premier,GB,2022-12-17
2526,Jade Allen,Premier,IE,2020-09-10
2527,Javier Hays,Premier,IE,2021-06-16
2528,Corey Caldwell,Retail,GB,2021-08-17
2529,Stephen Robles,Premier,GB,2023-08-16
2530,Carol Jackson,Premier,DE,2020-10-15
2531,Brian Murphy,Retail,US,2022-11-25
2532,Chelsey Clark,Premier,DE,2020-03-17
2533,Teresa Martinez,Premier,IE,2023-03-09
2534,Howard Thompson,Retail,GB,2021-11-10
2535,Eugene Price,Retail,DE,2021-08-11
2536,Austin Briggs,Retail,IE,2021-02-15
2537,Jackie Jones,Retail,US,2019-02-09
2538,Eric George,Retail,GB,2022-11-22
2539,Mrs. Kimberly Mooney,Retail,DE,2019-08-17
2540,Carolyn Haley,Retail,US,2018-01-12
2541,Vicki Horton,Retail,DE,2024-01-22
2542,Valerie Benson,Retail,IE,2021-08-10
2543,Mark Henson,Premier,US,2022-03-23
2544,Samuel Olson,Business,DE,2023-10-27
2545,Lee Richards,Retail,US,2019-09-06
2546,Martin Hall,Business,IE,2023-06-10
2547,Virginia Hall,Retail,US,2020-05-18
2548,Stephanie Parker,Retail,DE,2020-03-22
2549,Nicole Harvey,Retail,IE,2022-12-28
2550,James Phillips,Retail,GB,2020-02-06
2551,Dan Johnson,Premier,DE,2018-03-23
2552,Linda Bautista,Premier,DE,2022-10-11
2553,Erin Ramirez,Retail,IE,2024-03-06
2554,Paige Meyer,Retail,IE,2019-06-06
2555,Maria Roberts,Retail,GB,2021-08-20
2556,Ryan Rivera,Retail,DE,2020-09-20
2557,Joshua Knox,Retail,IE,2024-11-17
2558,Danielle Mcdaniel,Retail,GB,2022-03-06
2559,Lisa James,Premier,GB,2022-01-09
2560,Jeremy Smith,Business,IE,2022-02-22
2561,Andrea Lee,Retail,DE,2020-02-20
2562,Brenda Harris,Business,US,2021-12-22
2563,Kevin Guerra,Retail,US,2019-07-13
2564,Cynthia Miller,Retail,GB,2023-11-09
2565,Emily Griffith,Retail,US,2023-07-31
2566,Christopher Wright,Retail,US,2022-10-20
2567,Jerome Reid,Business,IE,2020-05-09
2568,Richard Miller,Retail,GB,2022-06-01
2569,Jennifer Jackson,Retail,DE,2019-07-10
2570,Jonathan Moss,Retail,GB,2018-06-05
2571,Sally Leon,Retail,IE,2023-08-12
2572,James Dickerson,Premier,US,2021-10-12
2573,Tammy Larson,Retail,DE,2020-04-04
2574,Nicholas Scott,Retail,GB,2022-05-12
2575,Jesse Brooks,Retail,US,2020-12-17
2576,Andrea Taylor,Retail,GB,2021-04-18
2577,Christopher Lopez,Retail,DE,2019-05-08
2578,Jonathan Swanson,Retail,GB,2019-10-31
2579,Timothy Bentley DVM,Retail,GB,2018-03-16
2580,John Davidson,Premier,GB,2019-01-06
2581,Jennifer Williams,Premier,US,2019-08-10
2582,Janice Cunningham,Premier,DE,2018-11-25
2583,Jeffrey Scott,Retail,DE,2019-08-13
2584,Miranda Hicks,Retail,US,2022-11-26
2585,Michael Horton DDS,Retail,US,2020-02-16
2586,Nancy Allen,Premier,US,2023-07-16
2587,Robert Mccoy,Retail,IE,2024-06-09
2588,Melissa Brewer,Retail,GB,2019-08-02
2589,Jesus Becker,Retail,GB,2018-08-09
2590,Lance Lynn,Retail,DE,2021-04-02
2591,Alexandria Wise,Retail,GB,2022-02-12
2592,Sydney Sanders,Retail,IE,2024-08-19
2593,Stephanie Stone,Premier,US,2022-09-04
2594,Jay Gallegos,Retail,DE,2022-10-12
2595,Eric Ponce,Retail,DE,2018-07-07
2596,Janet Parker,Retail,GB,2021-04-29
2597,Shawn Luna,Retail,DE,2021-01-14
2598,Mark Frank,Retail,US,2024-11-26
2599,Charles Goodman,Premier,DE,2020-04-23
2600,Jennifer Parker,Retail,US,2019-06-15
2601,Dr. April Jones,Premier,IE,2020-12-06
2602,Kelly Pena,Retail,IE,2020-08-20
2603,Carolyn Brooks,Retail,US,2024-11-27
2604,Christina White,Premier,GB,2021-03-15
2605,Joanne Olsen,Retail,DE,2021-11-06
2606,Anthony White,Retail,GB,2019-06-01
2607,Deanna Barrera,Retail,DE,2023-03-04
2608,Mark Weber,Retail,IE,2024-10-09
2609,Carol Carter,Premier,IE,2022-01-31
2610,Donald Peterson,Retail,IE,2021-01-22
2611,Karen Chambers,Premier,DE,2018-05-13
2612,Antonio Walton,Premier,IE,2018-11-10
2613,Kevin Huerta,Retail,IE,2019-08-14
2614,Joseph Smith,Business,IE,2022-03-24
2615,Victoria Juarez,Retail,IE,2024-01-16
2616,Kara Rogers,Business,GB,2023-03-01
2617,Jacob Wu,Retail,IE,2022-06-15
2618,Dr. Teresa Ortega MD,Retail,IE,2020-01-18
2619,Henry Rivera,Retail,GB,2022-02-06
2620,Jesus Hale,Retail,GB,2020-03-11
2621,Stacy Taylor,Retail,DE,2024-09-23
2622,Sheila Ramirez,Premier,US,2022-02-06
2623,Robin Richardson,Retail,IE,2021-10-11
2624,Mary Alvarez,Retail,IE,2019-11-11
2625,Cole Andersen,Premier,IE,2023-12-02
2626,Robin Smith,Retail,DE,2020-06-15
2627,Angel Aguirre,Business,IE,2022-03-27
2628,Jeremy Lawson,Premier,US,2022-11-29
2629,Lonnie Miller,Business,GB,2023-10-14
2630,Timothy Galvan,Premier,DE,2019-11-15
2631,Dr. Susan Navarro,Retail,GB,2021-07-19
2632,Cory Thomas,Retail,IE,2022-08-13
2633,Laura Vincent,Premier,IE,2021-10-17
2634,Bethany Robles,Retail,IE,2024-01-03
2635,Michael Dunn,Retail,US,2020-07-31
2636,Carol Griffin,Retail,US,2021-08-02
2637,Matthew Allen,Business,DE,2020-10-30
2638,Paul Keller,Retail,GB,2024-02-12
2639,Jeffrey Baldwin,Retail,IE,2022-06-09
2640,Timothy Orr,Retail,IE,2020-03-19
2641,Connie Scott,Retail,IE,2018-06-20
2642,Steven Martinez,Retail,IE,2024-03-10
2643,Joseph Swanson,Retail,US,2022-04-03
2644,Michael Wiggins,Retail,GB,2022-05-15
2645,Pamela Burke,Premier,GB,2022-06-12
2646,Jamie Love,Retail,DE,2018-01-27
2647,Jane May,Premier,US,2020-10-10
2648,Savannah Stokes,Premier,IE,2020-12-27
2649,Brian Miller,Retail,GB,2019-02-12
2650,Patrick Pineda,Retail,GB,2021-02-06
2651,Audrey Richardson,Retail,US,2018-03-15
2652,Tiffany Ray,Premier,DE,2019-11-11
2653,Antonio Nichols,Retail,DE,2021-10-23
2654,Veronica Flores,Retail,IE,2020-04-28
2655,Michael Hogan,Retail,DE,2020-05-19
2656,Lindsay Walker,Retail,GB,2018-08-25
2657,Joshua Murray,Retail,DE,2024-08-22
2658,Tommy Hood,Retail,IE,2020-06-24
2659,Mr. Kyle Thomas DDS,Premier,GB,2024-08-20
2660,Michele George,Retail,DE,2019-09-11
2661,William Martinez,Retail,DE,2020-10-29
2662,Michelle Mendoza DVM,Retail,US,2024-02-22
2663,Michael Bennett DVM,Premier,IE,2021-08-06
2664,Ronald Clark,Retail,DE,2020-04-26
2665,Rita Graves,Premier,US,2023-04-08
2666,Sean White,Retail,GB,2019-09-26
2667,Mr. William Hopkins,Retail,US,2020-10-14
2668,Wendy Kelley,Retail,US,2018-01-08
2669,Michael Mooney,Retail,DE,2021-10-24
2670,Jeanne Rose,Retail,DE,2020-12-04
2671,Michael Lee,Retail,DE,2024-07-19
2672,Jennifer Anderson,Premier,US,2022-11-16
2673,Lauren Trujillo,Retail,GB,2022-07-01
2674,Michelle Ellis,Retail,IE,2021-05-01
2675,Chad Dominguez,Retail,US,2020-04-28
2676,Charles Robinson,Retail,DE,2021-10-12
2677,Nancy Smith,Retail,IE,2018-03-03
2678,Laura Gregory,Retail,GB,2020-12-21
2679,Brittany Clements MD,Retail,IE,2024-10-05
2680,Tammy Davis,Retail,DE,2022-12-23
2681,Catherine Williams,Retail,US,2019-09-25
2682,Miss Leslie Booker,Retail,US,2020-03-02
2683,Jennifer Johnson,Retail,DE,2021-07-24
2684,John Watts,Retail,US,2021-12-25
2685,Marissa Bennett,Business,DE,2021-02-12
2686,Rebecca Barrett,Retail,US,2022-09-08
2687,Sharon Santos,Retail,US,2019-06-09
2688,Matthew Richardson,Retail,US,2023-07-14
2689,Bradley Burns,Premier,GB,2020-06-17
2690,Katrina Johnson,Premier,GB,2024-01-20
2691,Laura Hill,Retail,DE,2020-02-26
2692,Rebecca White,Business,GB,2021-09-22
2693,Mr. Jeffrey Duncan,Retail,DE,2024-08-23
2694,Arthur Stout,Retail,IE,2018-06-22
2695,Cathy Hess,Premier,IE,2020-09-26
2696,Justin Herrera,Premier,GB,2022-12-16
2697,Katherine Stone,Retail,IE,2018-03-05
2698,Michelle Tyler,Retail,IE,2021-09-07
2699,Paul Sheppard,Retail,US,2020-09-01
2700,Catherine George,Retail,US,2018-03-07
2701,Justin Mcbride,Premier,DE,2023-02-10
2702,Carl Harris,Retail,IE,2022-06-11
2703,Justin York,Retail,DE,2019-04-03
2704,William Hunter,Retail,DE,2022-05-22
2705,Joshua Henderson,Retail,IE,2024-11-05
2706,April Turner,Retail,GB,2023-05-12
2707,Kelly Patton,Retail,IE,2022-10-07
2708,Jill Ray,Business,US,2021-12-20
2709,Kelly Andersen,Premier,IE,2023-05-14
2710,Joshua Clark,Retail,GB,2024-02-04
2711,Robert Young,Premier,DE,2023-05-09
2712,Elijah Wall,Premier,DE,2018-10-07
2713,Lindsey Robinson,Premier,US,2024-07-19
2714,Carl Dean,Retail,US,2020-11-06
2715,David James,Retail,US,2024-06-01
2716,Jennifer Miller,Retail,DE,2024-02-28
2717,Jeffery Neal,Retail,US,2020-08-19
2718,Andrea Oconnor,Retail,IE,2023-04-27
2719,Melissa Lee MD,Retail,DE,2021-05-02
2720,Samantha Jacobs,Retail,GB,2019-01-10
2721,Christian Riddle,Premier,DE,2023-03-27
2722,Alexander Munoz,Retail,IE,2018-02-04
2723,Caleb Rodriguez,Retail,IE,2021-10-24
2724,Andrea Bowman,Business,US,2023-09-08
2725,Gavin Nelson,Business,DE,2020-02-14
2726,Courtney Smith,Premier,DE,2018-08-09
2727,Wayne Gray,Business,DE,2023-10-02
2728,Timothy Thompson,Retail,GB,2023-10-25
2729,Elizabeth Nicholson,Business,US,2019-05-09
2730,Joseph Graves PhD,Retail,IE,2022-09-08
2731,Lisa Mosley,Retail,IE,2023-12-05
2732,Travis Price,Retail,US,2018-10-07
2733,Patrick Faulkner,Retail,IE,2020-01-16
2734,Linda Atkinson,Retail,IE,2024-05-31
2735,Cameron Smith,Retail,US,2022-01-14
2736,Brittney Martinez,Premier,IE,2023-02-01
2737,Nicolas Brown,Retail,DE,2022-03-22
2738,Vanessa Zimmerman,Retail,GB,2021-01-01
2739,Lee Mann,Premier,US,2020-11-25
2740,William Lindsey,Retail,GB,2023-04-07
2741,Desiree Patterson,Retail,IE,2023-06-29
2742,Sierra Cervantes,Retail,IE,2019-05-12
2743,Scott Meza,Retail,DE,2024-03-03
2744,Erik Davis,Retail,US,2024-10-09
2745,Nicholas Duffy,Business,IE,2018-02-13
2746,Anthony Paul,Retail,US,2023-01-26
2747,Katherine Baxter,Retail,US,2019-03-30
2748,Jessica Romero,Premier,US,2019-08-18
2749,Karen Robertson,Premier,US,2021-09-18
2750,Dr. Melissa Sullivan DDS,Retail,US,2019-05-22
2751,Nichole Klein,Retail,GB,2020-03-04
2752,Nicole Sanchez,Retail,DE,2018-01-21
2753,Tiffany Morrow,Retail,US,2021-10-31
2754,Kelsey Lynch,Retail,GB,2024-09-27
2755,Traci Craig,Retail,IE,2020-12-30
2756,Kelly Walker,Business,US,2021-11-28
2757,Ryan Palmer,Retail,IE,2022-05-05
2758,Jenny Gray,Retail,US,2022-12-20
2759,Brian Sloan,Retail,GB,2021-11-21
2760,Joshua Miranda,Retail,GB,2018-12-03
2761,Edwin Carter,Retail,GB,2022-07-26
2762,Oscar Carroll,Retail,DE,2020-06-28
2763,Eric Fitzpatrick,Premier,IE,2018-10-03
2764,Samantha Johnson,Retail,DE,2020-06-10
2765,Luke Freeman,Retail,US,2018-01-13
2766,Luis Murphy,Retail,IE,2020-10-23
2767,Aaron Zamora,Retail,GB,2020-08-31
2768,Henry Garcia,Retail,IE,2018-06-24
2769,Bradley Robertson Jr.,Retail,GB,2021-11-09
2770,John Moore,Retail,DE,2022-06-14
2771,Courtney Foster,Retail,DE,2023-04-28
2772,Jeffrey White,Premier,GB,2024-04-07
2773,Ashley Gonzales,Business,GB,2019-07-01
2774,Candice Gomez,Premier,US,2023-08-24
2775,Ian Harrell,Premier,DE,2021-05-03
2776,Colton Williams,Retail,DE,2021-11-21
2777,Patrick Santana,Business,US,2021-12-25
2778,Cristian Mendoza,Retail,DE,2021-12-04
2779,Deborah Fisher,Business,GB,2018-01-03
2780,Rebecca Klein,Business,IE,2023-01-17
2781,Phillip Macias,Premier,IE,2020-01-17
2782,Tammy Cameron,Business,DE,2020-05-21
2783,Brian Rodriguez,Retail,US,2019-05-10
2784,Christopher Porter,Retail,GB,2024-09-30
2785,Cynthia Gregory,Retail,IE,2021-11-15
2786,William Mclaughlin,Retail,GB,2019-09-20
2787,Dylan Tucker,Retail,DE,2020-12-11
2788,Danielle Hernandez,Retail,DE,2018-05-22
2789,Danielle Wang,Business,IE,2022-01-27
2790,Wendy Wright,Retail,DE,2018-02-15
2791,Christina Mccarthy,Premier,US,2023-08-20
2792,Meredith Shaw,Business,DE,2019-10-26
2793,Willie Garza,Business,DE,2019-07-27
2794,Crystal Anderson,Business,DE,2023-07-23
2795,William Hickman,Retail,GB,2022-04-03
2796,Luis Davis,Business,GB,2022-06-10
2797,Jason Torres,Premier,IE,2020-07-01
2798,Crystal Rogers,Retail,IE,2019-10-02
2799,Jordan Schneider,Retail,IE,2020-06-27
2800,Derrick Ramirez,Premier,DE,2024-02-04
2801,Jason Flores,Retail,GB,2020-05-18
2802,Andrew Williams,Retail,US,2020-10-26
2803,Christy Kennedy,Retail,DE,2020-05-02
2804,Ashlee Lopez,Retail,DE,2018-11-03
2805,Heidi Torres,Retail,DE,2024-07-02
2806,Adam Arnold,Premier,US,2022-12-22
2807,Erin Figueroa,Retail,IE,2019-01-30
2808,Richard Rice,Retail,US,2024-06-05
2809,Matthew Clark,Retail,IE,2020-01-19
2810,Stephen Anderson,Retail,US,2024-05-21
2811,Barbara Willis,Business,GB,2018-11-26
2812,Martha Lee,Retail,DE,2023-09-29
2813,Tammy Jones,Retail,DE,2023-07-25
2814,Grace Swanson,Retail,DE,2020-02-12
2815,Christina Le MD,Retail,IE,2022-07-04
2816,Joshua King,Premier,US,2022-09-29
2817,Sarah Meadows,Premier,GB,2019-01-13
2818,Stephanie West,Retail,US,2022-11-23
2819,Susan Jones,Retail,DE,2022-06-12
2820,Timothy Gordon,Retail,GB,2020-09-26
2821,Kyle Horton,Retail,GB,2023-01-23
2822,Angel Knight,Retail,DE,2022-04-11
2823,Melissa Yang,Retail,US,2020-02-13
2824,Michael Berg,Retail,DE,2020-12-19
2825,Carol Christensen,Retail,US,2022-12-09
2826,Richard Morales,Business,GB,2021-01-03
2827,Clinton Moore,Business,GB,2023-08-13
2828,Michael Suarez,Retail,DE,2022-05-18
2829,Joy Zimmerman,Premier,GB,2020-01-18
2830,Elizabeth Robinson,Retail,IE,2022-01-11
2831,Kristen Jackson,Retail,GB,2022-10-31
2832,David Williams,Premier,IE,2024-05-11
2833,Stephen Ho,Business,GB,2022-04-03
2834,Richard Day,Business,DE,2022-06-04
2835,Rodney Nichols,Retail,DE,2024-03-12
2836,Gregory Jacobs,Retail,IE,2022-02-17
2837,Bradley Thornton,Premier,DE,2018-11-25
2838,Miranda Ortiz,Retail,GB,2024-04-21
2839,Erika Brown,Retail,GB,2021-11-11
2840,Samantha Robinson,Retail,DE,2018-05-06
2841,Cassandra Bonilla,Retail,GB,2020-02-06
2842,Veronica Osborne,Retail,US,2022-04-23
2843,Ashley Reese,Retail,US,2021-05-12
2844,Matthew Berg,Business,GB,2021-04-10
2845,Kristen Montoya,Retail,DE,2022-10-25
2846,Derrick Perkins,Retail,IE,2018-08-05
2847,Nicole Moore,Retail,DE,2021-09-21
2848,Nicholas Richardson,Retail,IE,2021-08-14
2849,Anna White,Retail,DE,2020-04-11
2850,Scott Lopez,Retail,GB,2018-07-01
2851,Nicholas Holland Jr.,Premier,US,2018-11-30
2852,Christopher Long,Retail,DE,2019-05-26
2853,Andrea Jones,Business,IE,2019-01-18
2854,Terry Waller,Retail,US,2023-03-12
2855,Joseph Acosta,Retail,IE,2018-11-28
2856,Lindsey Gray,Retail,GB,2021-04-03
2857,Ronald Hines,Retail,US,2021-06-19
2858,Amanda Wright,Premier,IE,2020-06-18
2859,Charles Burton,Retail,DE,2019-10-04
2860,Vincent Rosario,Retail,GB,2021-06-04
2861,Noah Morgan,Premier,GB,2019-09-26
2862,Christina Castillo,Business,GB,2024-11-03
2863,Jill Martin,Premier,DE,2018-07-15
2864,Christopher Brown,Retail,DE,2023-03-09
2865,Lori Martinez,Premier,US,2019-04-03
2866,Ashley Phillips,Retail,DE,2020-04-09
2867,Sara Thomas,Retail,US,2024-04-23
2868,Allison Simmons,Retail,GB,2023-08-19
2869,Matthew Perez,Retail,US,2021-05-09
2870,Janice Henson,Retail,IE,2020-06-05
2871,Ashley Jackson,Retail,GB,2019-01-28
2872,Brian Sosa,Premier,GB,2022-08-03
2873,Luis Wilson,Retail,US,2024-09-12
2874,Tamara Huang,Retail,GB,2024-07-06
2875,Cassandra Moreno,Retail,DE,2024-12-02
2876,Meghan Hernandez,Business,IE,2023-12-22
2877,Elizabeth Roth,Retail,US,2020-07-04
2878,Brian Hendricks,Retail,US,2020-07-23
2879,Tasha Cochran,Premier,GB,2018-12-21
2880,Angela Smith,Premier,DE,2022-03-02
2881,Brittany Rios,Retail,GB,2024-05-26
2882,James Griffith,Retail,GB,2019-09-21
2883,Karen Jones,Premier,US,2021-03-16
2884,Tina Ramirez,Retail,GB,2018-11-23
2885,Zachary White,Retail,IE,2021-12-09
2886,Francisco Coleman,Premier,GB,2024-03-07
2887,Jennifer Leon,Retail,GB,2021-11-22
2888,Robert Valdez,Retail,US,2021-01-31
2889,Jason Crawford,Retail,GB,2022-11-16
2890,Kim Underwood,Retail,DE,2022-03-12
2891,Kevin Fisher,Retail,US,2023-03-30
2892,Melissa Goodman,Premier,GB,2021-05-17
2893,Cynthia Smith,Retail,IE,2023-05-11
2894,Alicia Grant DVM,Retail,IE,2024-10-11
2895,Amy Bailey,Retail,US,2019-01-28
2896,Sharon Fuentes,Retail,US,2020-04-05
2897,Charles Castaneda,Business,GB,2023-03-28
2898,Susan Sanchez,Retail,DE,2024-07-23
2899,Amy Taylor,Retail,GB,2018-02-19
2900,Michele Bennett,Retail,IE,2021-10-28
2901,Vincent Watson,Retail,DE,2020-11-16
2902,Mary Jones,Retail,DE,2020-03-10
2903,Sheila Johnson,Premier,DE,2022-11-28
2904,Bob Jones,Business,GB,2021-09-25
2905,Robin Hernandez,Retail,IE,2024-06-06
2906,Patrick Adkins,Retail,US,2022-04-15
2907,Elizabeth Jenkins,Premier,GB,2024-01-23
2908,Richard Dominguez,Premier,US,2024-06-21
2909,Christopher Ibarra,Retail,DE,2018-01-01
2910,Paul Gordon,Retail,DE,2020-10-16
2911,Ronnie Frazier,Retail,GB,2021-07-08
2912,Kristen Gallegos,Premier,IE,2018-03-04
2913,Kathryn Fletcher,Premier,DE,2024-12-05
2914,Christopher Dudley,Retail,US,2023-02-13
2915,Vanessa Martinez,Retail,US,2024-03-19
2916,Manuel Robinson,Business,GB,2018-06-01
2917,Paul Hansen,Premier,US,2019-10-06
2918,Rose Mcdonald,Business,IE,2019-09-18
2919,Martin Wilcox,Premier,DE,2018-08-05
2920,Robert Lucas,Retail,US,2018-07-15
2921,Brian Miller,Retail,US,2020-10-11
2922,Sarah Johnson,Retail,DE,2022-03-02
2923,Joshua Jones,Retail,GB,2022-04-28
2924,Nicole Parker,Retail,US,2020-12-16
2925,Margaret Johnson,Premier,GB,2022-03-08
2926,William Cunningham,Retail,GB,2019-12-23
2927,Rachel Williams,Premier,US,2022-05-27
2928,Tony Smith,Retail,IE,2022-10-26
2929,Douglas Sanders,Business,GB,2022-04-12
2930,Paul Swanson,Retail,US,2019-10-02
2931,Michele Davis,Retail,GB,2023-11-24
2932,Patrick Garcia,Retail,DE,2018-06-14
2933,Brittany Matthews,Retail,IE,2018-08-03
2934,Kevin Christian,Premier,IE,2020-12-30
2935,Christian Ford,Premier,DE,2018-03-31
2936,Anna Higgins,Retail,DE,2022-12-01
2937,Rhonda Pena,Retail,GB,2021-06-05
2938,Candace Stuart,Retail,DE,2021-01-07
2939,Monica Curtis,Retail,IE,2019-08-31
2940,Gloria Floyd,Business,DE,2018-12-15
2941,Isaac Chase,Premier,US,2018-09-03
2942,Steven Schroeder,Retail,US,2018-09-29
2943,Daniel Bishop,Premier,GB,2023-07-24
2944,Christian Burton,Retail,IE,2019-02-07
2945,Robert Thomas PhD,Business,US,2022-01-05
2946,Tracy Harrington,Retail,DE,2021-04-10
2947,Brandon Edwards,Premier,US,2020-12-15
2948,Candice Ramirez,Premier,US,2022-06-03
2949,Brandon White,Retail,GB,2021-01-31
2950,Deanna Kennedy,Premier,DE,2018-10-11
2951,Shawn Santos,Retail,DE,2019-06-01
2952,Caleb Carroll,Retail,DE,2021-07-25
2953,Scott Morales,Retail,GB,2019-09-04
2954,Sylvia Anderson,Business,DE,2020-01-20
2955,Ryan Crane,Premier,DE,2021-07-16
2956,Michael Hunter,Premier,US,2023-01-31
2957,Shawn Fleming,Premier,US,2019-02-04
2958,Maria Figueroa,Retail,DE,2022-03-07
2959,Roberto Smith,Business,IE,2023-07-18
2960,Donna Moore,Retail,IE,2023-11-04
2961,Benjamin Price,Retail,DE,2018-11-16
2962,Brandon Owens,Retail,IE,2020-11-21
2963,Stephanie Marshall,Premier,GB,2018-12-02
2964,Nicholas Lowery,Premier,US,2023-09-30
2965,Patricia Gonzalez,Retail,GB,2018-06-23
2966,Evan Davies,Retail,US,2022-06-30
2967,Dr. John Ramirez,Premier,IE,2019-05-16
2968,Christopher Harrison,Retail,IE,2023-10-25
2969,Erica Johnson,Premier,DE,2024-06-21
2970,Jamie Mayer,Business,IE,2023-01-31
2971,Jeffrey Kennedy,Retail,IE,2023-03-12
2972,Sean Cisneros,Retail,DE,2022-07-22
2973,Debra Reid,Premier,DE,2022-09-15
2974,Benjamin Sullivan,Premier,US,2022-11-14
2975,Michael Savage,Retail,IE,2019-11-28
2976,Mckenzie Green,Business,US,2020-01-02
2977,Anna Valenzuela,Retail,US,2020-12-30
2978,Paul Martin,Retail,GB,2019-10-14
2979,Jason Alvarez,Premier,IE,2020-12-30
2980,Caitlyn Horton,Premier,IE,2018-02-15
2981,Michael Price,Retail,GB,2020-12-06
2982,Richard Harper,Premier,US,2021-12-16
2983,Michael Jensen,Retail,IE,2024-01-06
2984,William Mcmillan,Retail,US,2019-04-01
2985,Nancy Stewart,Retail,GB,2022-07-21
2986,Jimmy Hernandez,Premier,DE,2020-08-23
2987,Ashley Cordova,Retail,US,2023-07-14
2988,Joseph Smith,Retail,IE,2020-05-18
2989,Ronnie Martinez,Retail,DE,2022-03-09
2990,Wayne Davis,Premier,US,2020-09-27
2991,William Fisher,Retail,US,2020-02-13
2992,Carol Gray,Premier,DE,2024-04-10
2993,Tristan Bonilla,Retail,DE,2024-11-26
2994,Alexis Cervantes,Retail,DE,2024-08-26
2995,Steven Shaw,Retail,IE,2021-01-31
2996,Melissa Banks,Premier,IE,2024-12-11
2997,Jason Bell,Business,US,2020-11-26
2998,Kelly Hubbard,Retail,US,2022-08-05
2999,Christopher Patterson,Retail,GB,2022-03-24
3000,Kurt Daniels,Retail,IE,2019-02-01
3001,Ryan Barker,Retail,US,2024-06-01
3002,Douglas Oliver,Retail,DE,2018-04-17
3003,Shannon Cowan,Retail,DE,2020-08-11
3004,Ashley Banks,Retail,IE,2023-01-23
3005,Jennifer Crawford,Retail,DE,2020-07-22
3006,Tammy Garcia,Retail,GB,2018-10-15
3007,Kevin Johnson,Premier,US,2019-12-07
3008,Jason Walker,Retail,US,2023-08-06
3009,James Gonzalez,Retail,US,2022-01-24
3010,Caleb Ponce,Premier,IE,2018-08-03
3011,Jennifer Hoover,Retail,DE,2021-07-28
3012,Natalie Smith,Retail,GB,2023-06-01
3013,Danny Campbell,Retail,IE,2022-01-22
3014,Deborah Roberson,Retail,US,2022-12-30
3015,Jennifer Allen,Retail,GB,2018-12-10
3016,Jennifer Smith,Retail,US,2018-07-13
3017,James Montoya,Business,US,2018-06-07
3018,Lindsay Rogers,Retail,IE,2019-04-10
3019,Wendy Allen,Retail,US,2023-11-22
3020,Cheryl Newman,Retail,GB,2023-09-13
3021,Rebecca Lane,Retail,US,2022-10-16
3022,Mark Madden,Retail,DE,2024-06-30
3023,Tanner Holmes,Premier,US,2019-08-15
3024,Brett Owen,Retail,IE,2023-12-29
3025,Lynn Mueller,Retail,GB,2024-11-26
3026,Lori Green,Retail,IE,2020-11-20
3027,Tiffany Harris,Retail,DE,2020-06-02
3028,Jeffrey Fuller,Business,US,2018-03-04
3029,Alyssa Zimmerman,Retail,IE,2021-01-15
3030,Angela Reyes,Retail,IE,2018-10-31
3031,Bianca Chavez,Retail,IE,2020-12-20
3032,Heather Allen,Business,IE,2019-01-31
3033,Elizabeth Nichols,Retail,DE,2018-11-30
3034,Richard Hartman,Retail,DE,2019-02-15
3035,Mary Hill,Premier,US,2024-05-20
3036,Lori Little,Premier,US,2019-04-11
3037,Ashley Stevens,Retail,GB,2018-03-21
3038,Ashley Campbell,Retail,DE,2021-01-05
3039,Anna Snyder,Retail,IE,2023-06-01
3040,Ryan Myers,Retail,IE,2020-01-03
3041,Alex Jones DVM,Retail,GB,2022-12-23
3042,Michael Brooks,Retail,IE,2022-04-13
3043,Terry Stokes,Retail,GB,2021-10-16
3044,Adam White,Retail,US,2023-10-26
3045,Lisa Johnson,Retail,DE,2024-12-31
3046,Wendy Webb,Business,GB,2021-04-02
3047,Kimberly Moore,Retail,IE,2021-04-13
3048,Tammy Lee,Retail,GB,2024-11-14
3049,Alexander Hunt,Retail,US,2022-05-31
3050,Sean Wilson,Business,IE,2024-04-11
3051,Garrett Robinson,Retail,US,2018-05-02
3052,Teresa Adams,Retail,US,2018-07-04
3053,Dr. Gregory Arnold,Retail,GB,2018-02-01
3054,Patrick Simpson,Retail,US,2020-09-24
3055,Jennifer Lee,Retail,IE,2023-06-10
3056,Michael Clay,Retail,US,2019-07-23
3057,James Silva,Retail,US,2024-06-15
3058,Emily Bauer,Business,GB,2021-10-27
3059,Katherine Andrade,Retail,US,2022-08-07
3060,Paul Cabrera,Retail,DE,2020-04-09
3061,Lisa Patterson,Premier,GB,2022-06-08
3062,Jacqueline Chen,Retail,GB,2020-12-15
3063,Christopher Johnson,Retail,IE,2020-03-01
3064,Laurie Carter,Retail,IE,2024-11-16
3065,Maria Sanford,Retail,IE,2020-09-20
3066,Allen White,Premier,IE,2018-03-19
3067,Richard Howard,Business,DE,2018-04-18
3068,Matthew Watson,Retail,GB,2021-07-20
3069,Barbara Flores,Retail,US,2023-08-25
3070,Gary Marshall,Business,IE,2019-01-05
3071,Stephanie Hoffman,Premier,IE,2024-03-02
3072,Lance Rose,Premier,IE,2023-06-28
3073,Donald Franklin,Retail,US,2022-08-31
3074,Shannon Jones,Retail,IE,2019-03-17
3075,Jennifer Avila,Premier,US,2018-08-15
3076,Francisco Gonzalez,Retail,GB,2024-07-29
3077,Kathleen Mooney,Retail,GB,2019-09-15
3078,Caleb Jackson,Retail,GB,2020-10-21
3079,James Ray,Retail,DE,2022-04-26
3080,Mason Chase,Retail,US,2022-07-02
3081,Susan Mitchell DVM,Retail,IE,2021-03-30
3082,Steven Hull,Business,IE,2018-06-10
3083,Matthew Jones,Retail,IE,2020-05-20
3084,Robert Cummings,Premier,IE,2022-10-12
3085,Paul Ross,Retail,DE,2021-03-20
3086,Emily Salazar,Retail,IE,2019-03-20
3087,Michael Gibson,Business,DE,2022-11-26
3088,Tracy Martinez,Retail,US,2022-02-03
3089,Luke Johnson,Retail,GB,2019-04-08
3090,Adam Garcia,Retail,IE,2019-04-18
3091,Michael Graham,Retail,GB,2018-03-21
3092,Corey Barrera,Premier,US,2020-11-28
3093,Steven Mayo,Business,US,2018-08-28
3094,Shawna Green,Retail,IE,2019-07-11
3095,Ashley Valentine,Retail,US,2019-08-13
3096,Gary Salazar,Retail,GB,2021-09-22
3097,Debra Jackson,Premier,IE,2023-02-28
3098,Joe Martinez,Retail,DE,2023-05-30
3099,Nicole Barron,Retail,IE,2021-07-27
3100,Jennifer Griffin,Retail,GB,2021-02-13
3101,Joseph Lane,Retail,IE,2024-05-05
3102,Vanessa Morris,Retail,IE,2023-04-24
3103,Courtney Baker,Premier,GB,2018-12-01
3104,Bradley Hansen,Retail,IE,2018-11-08
3105,Mary Moss,Retail,IE,2020-12-12
3106,Blake Bonilla,Premier,GB,2018-02-03
3107,Adam Robinson,Premier,US,2023-01-16
3108,Chelsea Garcia,Retail,GB,2019-01-21
3109,Kevin Rose,Retail,IE,2018-09-06
3110,Paige Collins,Retail,DE,2021-02-08
3111,Christian Wagner,Retail,DE,2021-12-04
3112,Colleen Cox,Retail,GB,2021-04-17
3113,Shawna Palmer,Retail,DE,2020-03-04
3114,Chelsea Ramirez,Retail,IE,2020-05-01
3115,Eric Kane,Premier,IE,2019-01-11
3116,Bridget Walter,Retail,GB,2019-12-25
3117,Cynthia Shannon,Retail,IE,2022-05-30
3118,Allen Stanley,Retail,US,2023-03-29
3119,Derek Mcintosh,Business,IE,2018-07-21
3120,Jeffrey Hernandez,Premier,GB,2024-10-28
3121,Katie Brown,Premier,US,2023-04-27
3122,Brent Wong,Premier,US,2024-06-02
3123,Jenny Carter,Business,DE,2021-08-24
3124,Kirk Moreno,Retail,IE,2019-05-08
3125,Jeffrey Maldonado DDS,Retail,GB,2018-12-04
3126,Colleen Brown,Retail,DE,2023-05-23
3127,Derek Jones,Premier,DE,2023-02-09
3128,Darrell Oliver,Premier,IE,2020-03-02
3129,Jenna Garcia,Retail,IE,2022-02-25
3130,Sherry Adams,Retail,GB,2023-07-16
3131,Richard Bailey,Retail,DE,2024-06-22
3132,Kyle Gross,Business,GB,2020-07-30
3133,Jonathan Graves,Retail,DE,2023-10-24
3134,Eric Knox,Retail,DE,2018-02-28
3135,Ethan Jones,Retail,DE,2024-08-30
3136,Steven Thomas,Retail,IE,2023-08-25
3137,John Cook,Premier,DE,2021-06-08
3138,Dennis Jones,Retail,DE,2024-02-25
3139,Sarah Wheeler,Premier,DE,2021-10-09
3140,Lauren Freeman,Retail,US,2018-02-04
3141,Brian Fuentes,Retail,IE,2018-06-11
3142,Wanda Conley,Retail,US,2020-06-13
3143,Carol Thomas,Premier,IE,2019-04-16
3144,Eric Fitzgerald,Retail,GB,2021-12-17
3145,Nicholas Fritz,Retail,US,2018-12-14
3146,John Diaz,Retail,GB,2019-11-25
3147,Harold Mckinney,Business,DE,2020-07-23
3148,Patricia Vincent,Retail,GB,2020-07-01
3149,Linda Rodriguez,Premier,GB,2018-05-27
3150,Monica Smith,Retail,GB,2022-09-08
3151,Selena Hopkins,Retail,GB,2019-11-06
3152,Jonathan Sanchez,Retail,IE,2021-12-10
3153,Valerie Howard,Retail,US,2022-02-26
3154,Cheryl Blevins,Retail,IE,2021-07-03
3155,Tracie Wiley,Retail,IE,2019-11-17
3156,Stephanie Cole,Retail,IE,2021-01-31
3157,Kelsey Baker,Business,GB,2018-05-01
3158,Stacy Myers,Retail,IE,2024-10-02
3159,Xavier Parker,Premier,US,2024-07-25
3160,Joseph Cooper,Retail,IE,2018-02-11
3161,Jessica Gibson,Retail,DE,2018-01-29
3162,Rebecca Roberts,Retail,GB,2020-08-23
3163,Kathryn Jennings,Retail,DE,2023-03-31
3164,Chris Levy,Retail,US,2023-06-24
3165,Mary Torres,Retail,US,2023-08-24
3166,Robert Smith,Retail,US,2020-07-08
3167,Douglas Watkins,Retail,US,2020-03-28
3168,Eric Jordan,Premier,IE,2022-02-17
3169,April King,Premier,GB,2021-04-27
3170,Douglas Trevino,Retail,US,2020-05-21
3171,Patricia Moore,Retail,DE,2018-10-22
3172,Devin Ferrell,Retail,US,2020-05-13
3173,Kevin Miller,Retail,GB,2020-11-03
3174,John Gomez,Retail,DE,2019-08-18
3175,Mandy Henderson,Retail,DE,2021-03-28
3176,Annette Green,Retail,DE,2022-02-26
3177,Eric Elliott,Retail,IE,2021-09-14
3178,Erica Lane,Retail,US,2019-09-06
3179,Christina Taylor,Premier,IE,2023-02-16
3180,Elizabeth Miller,Premier,DE,2022-05-23
3181,Lori Gardner,Retail,IE,2022-05-03
3182,Shawn Kim,Business,IE,2022-05-12
3183,Jeremy Edwards,Business,IE,2021-03-01
3184,Michelle Mcdonald,Retail,US,2019-04-10
3185,Jason Jenkins,Retail,DE,2022-01-19
3186,Justin Bernard,Retail,DE,2021-07-14
3187,Peter Gilbert,Business,US,2024-09-08
3188,David Hunt,Premier,IE,2024-04-12
3189,Joshua Cunningham,Retail,IE,2019-07-22
3190,Pedro Long,Retail,GB,2018-02-07
3191,Aaron Aguirre,Retail,GB,2018-09-02
3192,Julia Brown,Retail,GB,2018-01-21
3193,Ronald Santos,Retail,US,2021-02-07
3194,Brent Roberts,Premier,DE,2022-06-18
3195,Mr. Antonio Yang,Retail,GB,2019-01-29
3196,Nancy Brown,Premier,DE,2021-12-04
3197,Charles Yang,Premier,DE,2020-09-13
3198,Danny Lowe PhD,Premier,DE,2022-07-30
3199,Eric Hays,Retail,US,2023-08-18
3200,John Watts,Retail,US,2024-07-03
3201,Aaron Munoz,Retail,US,2023-03-26
3202,Brent Harris,Retail,US,2018-10-17
3203,Ross Wallace,Retail,GB,2022-11-22
3204,Bryan Sullivan,Retail,IE,2020-06-30
3205,Dr. Sarah Payne,Retail,IE,2018-12-27
3206,Melanie Villarreal,Retail,IE,2022-06-11
3207,Jessica Fields,Retail,GB,2018-08-07
3208,Robert Sandoval,Retail,IE,2024-09-19
3209,Patrick Payne,Premier,GB,2023-07-09
3210,Dylan Contreras,Premier,GB,2023-08-03
3211,Katherine Contreras,Retail,GB,2023-08-07
3212,Michael Rodriguez,Retail,IE,2020-04-11
3213,Jeffery Johnson,Retail,DE,2022-11-29
3214,Justin Smith,Retail,IE,2022-11-27
3215,Matthew Barry,Retail,IE,2021-05-28
3216,Amanda Meadows,Premier,US,2019-08-18
3217,Julie Sharp,Retail,GB,2023-11-25
3218,William Howard,Retail,DE,2019-08-04
3219,Kathy Bailey,Retail,US,2022-10-14
3220,Jeanette Brown,Retail,DE,2023-08-18
3221,Heather Ball,Retail,DE,2024-02-15
3222,Mike Buchanan,Retail,GB,2018-03-22
3223,Phillip Turner,Retail,IE,2023-11-26
3224,Thomas Brewer,Retail,GB,2021-09-06
3225,John Hopkins,Retail,GB,2022-05-22
3226,Tammy Rowe,Retail,US,2018-12-12
3227,Beverly Nguyen,Retail,GB,2023-03-02
3228,Hannah Williamson,Business,IE,2024-07-03
3229,Andrew Christian,Retail,DE,2019-07-09
3230,Brent Rodriguez,Retail,GB,2018-10-29
3231,Karen Wolf,Retail,DE,2018-07-19
3232,Dr. Morgan Young,Retail,GB,2020-11-28
3233,Carrie Stafford,Retail,DE,2018-11-03
3234,Jennifer Brown,Retail,GB,2022-07-15
3235,Ashley Bradford,Premier,US,2023-02-15
3236,Phillip Obrien,Retail,DE,2024-11-20
3237,Tammy Morris,Retail,GB,2024-02-05
3238,Jamie Zhang,Retail,GB,2023-01-21
3239,Christina King,Premier,US,2022-10-31
3240,Dustin Harris,Retail,US,2018-10-03
3241,Robert Stokes,Retail,US,2021-03-21
3242,Kevin Soto,Retail,DE,2021-11-02
3243,Christina Patrick,Retail,DE,2019-09-30
3244,Heather Russell,Retail,US,2022-11-11
3245,Andrea Lopez,Retail,IE,2020-07-18
3246,Susan May,Retail,IE,2023-02-24
3247,Ronnie Hudson MD,Retail,GB,2018-07-02
3248,Luke Hansen,Retail,IE,2023-01-19
3249,Austin Patterson,Retail,GB,2018-03-13
3250,Benjamin Miller,Premier,DE,2022-08-04
3251,Elizabeth Wilson,Retail,DE,2021-07-19
3252,Kyle Rivera,Retail,IE,2024-05-05
3253,Todd Nielsen,Retail,DE,2020-11-09
3254,Michael Jones,Retail,US,2020-03-25
3255,Tracy Jones,Premier,US,2022-03-07
3256,Sarah Frederick,Retail,IE,2024-01-04
3257,Jennifer Brown,Retail,IE,2018-11-06
3258,Ashley Ruiz,Retail,GB,2023-08-24
3259,Deborah Johnson,Retail,DE,2018-05-12
3260,Dean Cook,Retail,GB,2023-02-21
3261,Brenda Payne,Retail,GB,2024-10-22
3262,Tammy Alvarado,Retail,US,2020-01-10
3263,Cynthia Jones,Premier,US,2020-03-05
3264,Sue Warner,Retail,US,2024-04-29
3265,Amanda Zavala,Premier,US,2018-09-15
3266,Linda Salazar,Premier,GB,2021-06-11
3267,Juan Potts,Premier,US,2024-09-22
3268,Andrew Johnson,Retail,DE,2023-01-26
3269,Marie Reynolds,Retail,US,2020-09-01
3270,Samuel Mata,Premier,US,2020-11-13
3271,Anthony Ayala,Retail,US,2018-09-28
3272,Kimberly Dalton,Retail,IE,2021-01-23
3273,Nancy Tran,Premier,DE,2018-05-22
3274,Ralph Dominguez,Premier,DE,2020-06-20
3275,Jeffery Taylor,Retail,GB,2018-10-01
3276,Steven Haas,Retail,GB,2024-05-12
3277,Cory Kim,Retail,US,2019-04-10
3278,David Chapman,Premier,IE,2021-05-16
3279,Paul Beasley,Business,GB,2021-08-12
3280,Laura Ritter,Retail,GB,2018-10-15
3281,Nathan Hess,Retail,US,2020-05-25
3282,Cameron White,Premier,US,2023-06-16
3283,Gregory Rios,Retail,GB,2024-02-06
3284,Eduardo Obrien,Retail,GB,2021-01-25
3285,Bryan Jones,Business,DE,2021-04-29
3286,Joshua Simpson,Retail,IE,2019-03-23
3287,Heather Herman,Retail,DE,2024-12-06
3288,Micheal Pugh,Retail,GB,2019-12-23
3289,Eileen Valdez,Retail,DE,2023-12-04
3290,Debra Wolfe,Premier,DE,2021-09-13
3291,Amy Mccullough,Retail,GB,2019-02-11
3292,Lisa Ramirez,Business,US,2022-09-22
3293,Chad Daugherty,Retail,GB,2019-11-25
3294,Patrick Clark,Retail,US,2019-05-10
3295,Robert Thomas,Retail,GB,2020-08-05
3296,Melissa Santos,Retail,GB,2018-01-23
3297,Brian Porter,Retail,GB,2021-02-02
3298,Donald Cruz,Retail,IE,2022-08-26
3299,Angela Ramirez,Retail,US,2019-07-12
3300,Kathleen Roy,Retail,IE,2022-06-05
3301,Andrew Harris,Premier,GB,2020-07-29
3302,Jeffrey Williams,Retail,DE,2021-05-30
3303,Joshua Bailey,Premier,IE,2022-07-15
3304,Lee Barry,Retail,US,2018-03-19
3305,Susan Patrick,Retail,GB,2021-09-07
3306,Nicole Peterson,Retail,IE,2020-03-17
3307,Jessica Patterson,Retail,DE,2020-11-07
3308,Nancy Brown,Retail,IE,2020-02-07
3309,James Griffith,Premier,US,2019-03-30
3310,Shannon Hurley,Premier,IE,2024-05-13
3311,Kenneth Carroll,Retail,DE,2021-12-18
3312,Carla James,Retail,DE,2022-02-08
3313,Tammy Anderson,Premier,US,2020-11-16
3314,Robert Tapia,Retail,DE,2023-03-04
3315,David Daniels,Premier,GB,2024-11-16
3316,James Gilbert,Premier,DE,2018-12-29
3317,Matthew Patton,Premier,GB,2019-06-09
3318,Lisa Martinez,Retail,IE,2021-05-02
3319,Erica Baker,Retail,GB,2022-01-25
3320,Joel Gonzales,Retail,GB,2023-10-05
3321,Vincent Castillo,Retail,IE,2021-06-07
3322,Claudia Brown,Premier,DE,2024-12-11
3323,Destiny Bishop,Retail,GB,2023-01-30
3324,Austin White,Retail,DE,2019-12-23
3325,Desiree Booth,Premier,IE,2023-06-07
3326,Mark Thomas,Premier,US,2021-04-22
3327,Amber Wilson,Business,DE,2021-12-19
3328,Michael Valencia,Premier,DE,2021-10-30
3329,Amanda Love,Retail,US,2023-09-20
3330,Miguel Green,Retail,US,2022-02-16
3331,Michael Mathews,Premier,IE,2020-09-30
3332,Nathan Burke,Retail,DE,2024-04-26
3333,Billy Wallace,Retail,DE,2024-10-24
3334,Cynthia Nguyen,Retail,IE,2020-07-14
3335,Rodney Perry,Retail,DE,2020-05-05
3336,Sherri Thomas,Premier,GB,2018-03-25
3337,Richard Rogers,Retail,GB,2023-09-25
3338,Matthew Ruiz,Retail,GB,2024-10-23
3339,Lisa Martin,Retail,DE,2022-03-23
3340,Timothy Buck,Retail,GB,2020-09-12
3341,Lee Morton,Retail,GB,2023-02-12
3342,Priscilla Romero,Retail,IE,2018-05-16
3343,Hailey Lewis,Business,IE,2021-04-21
3344,Amanda Barber,Retail,US,2022-09-29
3345,Zachary Miller,Retail,US,2021-04-10
3346,Timothy Walker,Retail,US,2020-06-27
3347,Laura Kelley,Retail,US,2019-08-13
3348,Nicholas Abbott,Retail,IE,2023-05-06
3349,Amber Kennedy,Premier,IE,2020-08-13
3350,Jessica Adams,Retail,IE,2021-02-17
3351,Eileen Sanchez,Premier,GB,2021-08-24
3352,Randall Cox,Retail,GB,2022-04-03
3353,Paul Wilson,Retail,US,2024-05-31
3354,Nicholas Beard,Retail,GB,2022-12-12
3355,Harold Wagner,Business,DE,2023-10-02
3356,Martha Jacobs,Retail,IE,2020-03-16
3357,Jason Hudson,Retail,US,2021-12-26
3358,Beth Medina,Retail,US,2018-02-21
3359,Jennifer Richards,Retail,DE,2018-03-13
3360,David Mitchell,Retail,GB,2018-01-28
3361,Brad Fisher,Retail,US,2019-04-14
3362,Ms. Mackenzie Barton,Retail,GB,2020-02-03
3363,Sherri Smith,Retail,GB,2021-11-25
3364,Dennis Spencer,Retail,DE,2024-02-27
3365,Natalie Martinez,Premier,US,2020-03-30
3366,Jeffrey Vaughn,Premier,GB,2022-01-29
3367,Brandi Camacho DVM,Premier,GB,2022-08-03
3368,Heather Morales,Retail,DE,2019-07-14
3369,Michelle Wilson,Retail,DE,2019-01-14
3370,Stephanie Vargas,Retail,GB,2023-04-03
3371,Wendy Williams,Retail,DE,2020-12-11
3372,Heather Cole,Retail,GB,2018-03-20
3373,Jerry Davenport,Retail,US,2021-11-09
3374,John Taylor,Retail,IE,2020-04-13
3375,Ralph Hendricks,Retail,DE,2020-10-28
3376,Angela Huang,Premier,IE,2023-09-04
3377,Jacqueline Banks,Retail,GB,2019-03-26
3378,Jeffrey Romero,Retail,GB,2023-06-16
3379,Theresa Davis,Retail,GB,2022-01-24
3380,Glenn Elliott,Retail,IE,2024-02-24
3381,Lauren Anthony,Retail,GB,2022-10-09
3382,Frank Flores,Premier,DE,2023-05-25
3383,Charles Cervantes,Premier,US,2024-10-20
3384,Virginia Clark,Retail,US,2022-03-31
3385,Laura Gilbert,Business,DE,2019-11-21
3386,Dustin Wilson,Business,US,2023-06-14
3387,Jeffrey Mcclure,Premier,IE,2021-11-02
3388,Thomas Zhang,Premier,GB,2019-08-10
3389,Tammy Estrada,Retail,GB,2023-11-22
3390,Daniel Roberson,Retail,GB,2023-01-04
3391,Alyssa Orr,Retail,IE,2023-06-09
3392,Kimberly Lloyd,Retail,IE,2019-09-19
3393,Ronnie Johnson,Business,IE,2023-07-25
3394,Tom Duncan,Retail,DE,2024-11-10
3395,Kelly Guerra,Premier,IE,2018-12-30
3396,Brian Mccarthy,Premier,US,2023-12-23
3397,Jill Reynolds,Premier,DE,2019-01-09
3398,Sean Kaiser,Business,DE,2023-09-18
3399,Audrey Gomez,Retail,DE,2023-06-11
3400,Ricky Luna,Retail,IE,2023-09-26
3401,Jonathon Hill,Retail,DE,2023-09-15
3402,Kayla Waters,Retail,IE,2023-11-13
3403,Emily Middleton,Retail,IE,2021-10-16
3404,Timothy Bauer,Retail,DE,2022-03-29
3405,Ryan Guerrero,Premier,GB,2021-03-15
3406,Amanda Walters,Retail,GB,2023-04-25
3407,Chad Bennett,Retail,DE,2019-01-03
3408,Megan Baker,Retail,GB,2018-03-06
3409,Robert Gross,Retail,US,2020-01-24
3410,Craig Liu,Retail,US,2022-03-24
3411,Shannon Curry,Premier,IE,2023-07-29
3412,Austin Grant,Retail,GB,2023-02-20
3413,Christopher Barnes,Premier,US,2022-04-28
3414,James Silva,Retail,DE,2020-01-26
3415,Kari Sandoval,Premier,GB,2024-02-07
3416,Eric Hall,Retail,US,2022-03-05
3417,John Robles,Retail,US,2019-08-20
3418,Howard Castillo,Retail,DE,2023-01-09
3419,Brian Ibarra,Premier,IE,2021-10-27
3420,Donna Montes,Retail,DE,2022-05-06
3421,Matthew Wilson,Retail,IE,2018-04-22
3422,Francis Wilson,Business,US,2019-03-29
3423,Michele Ayala,Premier,IE,2023-12-27
3424,Dr. John Jenkins,Retail,US,2023-02-15
3425,Earl Romero,Premier,US,2024-03-28
3426,Rachel Brown,Retail,GB,2021-06-16
3427,Deborah Stewart,Retail,IE,2018-09-10
3428,Jeremy Ross,Retail,IE,2023-06-28
3429,Debra Chandler,Business,IE,2021-12-30
3430,Robert Parker,Business,DE,2023-04-27
3431,Kenneth Jackson,Retail,GB,2021-08-19
3432,Mario Gould,Retail,GB,2023-10-21
3433,Erin Jacobs,Retail,GB,2023-02-01
3434,Nathan Lang,Business,DE,2024-03-19
3435,Michael Barr,Business,IE,2021-01-05
3436,Kristen Pena,Retail,IE,2018-03-03
3437,Heidi Gonzalez,Premier,IE,2022-02-03
3438,Joseph Heath,Premier,GB,2021-03-26
3439,Robert Lozano,Retail,GB,2020-03-16
3440,Daniel Quinn,Retail,US,2023-12-13
3441,Amanda Smith,Retail,DE,2023-02-19
3442,Ashley Sanders,Retail,DE,2024-01-18
3443,Mr. Eric Hall,Retail,GB,2019-06-25
3444,Danielle Nelson,Retail,US,2019-09-18
3445,Richard Rios,Business,IE,2022-06-03
3446,Patrick Nelson,Retail,GB,2018-04-16
3447,Benjamin Bowen,Retail,DE,2021-02-28
3448,Jennifer Smith,Retail,DE,2022-09-05
3449,Lisa Hernandez,Retail,DE,2023-03-24
3450,Rebecca Lee,Retail,IE,2023-08-12
3451,Emily Morris,Retail,DE,2024-03-30
3452,Allison Hill,Retail,IE,2019-01-04
3453,Dennis Douglas,Retail,IE,2021-06-28
3454,Eddie Davis,Retail,IE,2020-08-03
3455,Kristina Webb,Retail,GB,2024-02-06
3456,Kim Sanchez,Premier,IE,2018-10-20
3457,Jonathan Long,Retail,US,2019-08-07
3458,Joshua Rodriguez,Retail,DE,2024-02-01
3459,William Sanders,Premier,GB,2023-12-11
3460,Jacob Hart,Retail,DE,2024-03-24
3461,Evelyn Pacheco,Retail,IE,2024-10-27
3462,Anna Jackson,Premier,GB,2024-10-11
3463,Katherine Wright,Retail,US,2020-02-04
3464,Luis Wells,Retail,IE,2023-10-14
3465,Lacey Hall,Premier,DE,2021-07-28
3466,Darlene Collins,Premier,US,2021-11-15
3467,Chris Morris,Business,IE,2019-03-04
3468,Jennifer Smith,Retail,US,2023-07-08
3469,Nicole Norton,Retail,IE,2018-04-17
3470,Emily Pearson,Retail,GB,2019-10-21
3471,Michael Robertson,Retail,IE,2021-03-28
3472,Wendy Miller,Retail,GB,2024-05-01
3473,Michael Bennett,Retail,IE,2021-05-10
3474,Carla Goodman,Business,IE,2018-06-04
3475,Jeffrey Stanton,Retail,DE,2020-06-14
3476,Jeff Jackson,Retail,US,2022-03-02
3477,Katelyn Curry,Retail,US,2022-06-09
3478,Jennifer Phillips,Retail,US,2020-09-19
3479,Edward Weeks,Retail,IE,2024-04-11
3480,Kelly Gilbert,Retail,IE,2021-08-16
3481,Matthew Thomas,Retail,IE,2021-10-17
3482,Christine Mendez,Retail,GB,2024-08-30
3483,Kelly King,Premier,GB,2024-09-27
3484,Timothy Ho,Premier,DE,2021-07-25
3485,Sarah Taylor,Retail,IE,2020-01-29
3486,Sandra Smith,Retail,US,2020-01-17
3487,Chris Jones,Premier,US,2019-08-16
3488,Emily Lopez,Premier,DE,2022-03-29
3489,Kimberly Rivera,Retail,US,2018-01-16
3490,John Moore,Premier,DE,2020-09-19
3491,Justin Perez,Retail,IE,2020-12-04
3492,Tanya Hill,Premier,US,2021-09-06
3493,Shawna Silva,Business,IE,2024-01-05
3494,Marcus Powell,Retail,GB,2024-07-30
3495,Joshua Hopkins,Premier,US,2019-12-04
3496,Christian Cross,Retail,GB,2019-09-05
3497,Dennis Garcia,Business,US,2018-04-15
3498,Laurie Miranda,Retail,IE,2022-02-06
3499,Raymond Vargas,Premier,DE,2019-01-31
3500,Robert Savage,Retail,IE,2023-07-04
3501,Kara Jackson,Retail,IE,2020-04-30
3502,Virginia Davis,Retail,IE,2023-06-12
3503,Brianna Martin,Business,US,2019-03-18
3504,Erica Huang,Premier,DE,2022-07-27
3505,Jorge Gonzales,Premier,GB,2020-05-22
3506,Erin Mason,Business,IE,2019-10-29
3507,Justin Bennett,Retail,US,2020-11-17
3508,John Collins,Retail,GB,2024-11-27
3509,Kerry Ware,Retail,IE,2019-09-20
3510,Tina Dougherty,Retail,GB,2021-11-29
3511,Michelle Larsen,Retail,IE,2024-12-24
3512,Katherine Mccormick,Retail,GB,2018-12-14
3513,Kristin Graham,Retail,GB,2021-06-17
3514,Alexander Diaz,Retail,DE,2020-10-14
3515,Michael Chandler,Retail,DE,2019-07-24
3516,Justin Cuevas,Retail,IE,2023-09-05
3517,Janet White,Business,US,2023-05-07
3518,Alexandra Ramos,Premier,DE,2024-03-14
3519,Abigail Collins,Business,GB,2021-09-13
3520,Jacob King,Retail,DE,2019-11-01
3521,Lisa Johnson,Retail,DE,2019-12-19
3522,John Williams,Premier,IE,2024-06-15
3523,Dawn Garrett,Retail,DE,2018-09-24
3524,Samantha Roy,Retail,DE,2021-12-09
3525,Yolanda Chen,Retail,GB,2021-09-18
3526,John Golden DDS,Retail,DE,2020-10-19
3527,Amanda Johnson,Retail,GB,2023-07-31
3528,Brittany Fitzgerald,Retail,DE,2024-11-02
3529,Bonnie Barnes,Retail,DE,2019-07-19
3530,Amy Walsh,Retail,US,2021-06-24
3531,Brent Stephens,Retail,DE,2020-11-25
3532,Mrs. Lisa Smith,Premier,GB,2021-11-25
3533,Sarah Stewart,Retail,GB,2018-01-28
3534,Susan Matthews,Retail,IE,2018-08-08
3535,Kelli Shepard,Premier,IE,2019-02-10
3536,Ryan Caldwell,Retail,US,2022-06-26
3537,Roger Mason,Retail,GB,2022-12-04
3538,Angela Ramos,Retail,GB,2024-05-07
3539,Craig Wagner,Retail,GB,2022-10-26
3540,Paul Massey,Retail,US,2022-08-02
3541,Donald Bell,Premier,GB,2020-03-02
3542,Keith Horton,Retail,IE,2020-08-20
3543,Julie Wilson,Retail,US,2021-08-02
3544,Nicholas Lopez,Retail,IE,2020-04-13
3545,Tracy Wang,Retail,IE,2018-11-13
3546,Claudia Brooks,Retail,US,2021-08-13
3547,Nathaniel Wright,Retail,DE,2024-07-13
3548,Maria Valenzuela,Retail,DE,2021-08-23
3549,Peter Anderson,Retail,IE,2018-12-17
3550,Michael Thompson,Retail,DE,2019-05-26
3551,Ethan Perez,Retail,GB,2019-05-07
3552,Stephen Thompson,Premier,US,2023-04-16
3553,Michael Baker,Retail,IE,2022-06-06
3554,Kenneth Bailey DDS,Retail,GB,2023-08-19
3555,Mark Decker,Retail,DE,2022-03-01
3556,Ruben Cruz,Premier,GB,2022-05-03
3557,Christine Park,Retail,DE,2024-10-23
3558,Robert Hogan,Retail,IE,2022-04-25
3559,Michael Gordon,Premier,GB,2022-10-28
3560,Rebecca Davis,Premier,US,2023-06-15
3561,Deanna Mcdonald,Retail,IE,2021-06-22
3562,Brian Barrett,Retail,GB,2023-09-12
3563,Charles Willis,Premier,GB,2020-11-12
3564,James Chapman,Business,DE,2018-02-18
3565,Michael Soto,Premier,IE,2019-04-07
3566,Aimee Fisher,Retail,IE,2018-12-02
3567,Matthew Garcia,Retail,IE,2021-10-13
3568,Elizabeth Owens,Retail,IE,2021-02-19
3569,Alex Lamb,Premier,DE,2018-12-25
3570,Kenneth Graham,Retail,US,2024-07-21
3571,Roy King,Retail,IE,2018-07-12
3572,George Gregory,Premier,DE,2021-12-10
3573,Wesley Rich,Retail,US,2021-11-01
3574,Stephanie Hunter,Premier,US,2020-01-26
3575,Raymond Finley,Retail,DE,2022-08-12
3576,Allen Hunt,Retail,IE,2024-11-30
3577,Stacie Sanford,Retail,US,2020-04-07
3578,Christina Compton,Premier,IE,2020-06-08
3579,Beverly Cook,Retail,IE,2019-10-15
3580,Tracy Parker,Retail,GB,2024-09-21
3581,Rebecca Ellis,Business,IE,2024-05-22
3582,Aaron Hernandez,Retail,GB,2023-04-06
3583,Elizabeth Miller,Retail,US,2020-04-30
3584,Dalton Davis,Retail,DE,2018-04-21
3585,Michael Singleton,Retail,GB,2019-09-12
3586,John Cooper,Retail,DE,2020-03-03
3587,Michael Hale,Retail,US,2023-09-29
3588,Mary Guerra,Retail,IE,2021-03-03
3589,Pamela Davis,Retail,US,2019-08-11
3590,Phillip Anderson,Retail,DE,2021-08-02
3591,Stephanie Weiss,Retail,US,2023-05-12
3592,Jessica Long,Retail,IE,2024-06-19
3593,John Yang,Retail,US,2018-10-24
3594,Connie Franklin,Retail,IE,2022-06-18
3595,Jackie Morgan,Retail,GB,2019-07-23
3596,Lisa Walton,Retail,DE,2021-04-02
3597,Maria Taylor,Premier,IE,2020-04-11
3598,Daniel Graham,Retail,IE,2019-09-02
3599,Matthew Simmons,Business,US,2018-01-16
3600,James Nicholson,Business,GB,2021-10-01
3601,Tyler Fisher,Retail,IE,2018-03-13
3602,Michael Flowers,Retail,GB,2018-09-27
3603,Bradley Parks,Retail,GB,2018-10-14
3604,Scott Lara,Premier,US,2018-03-07
3605,Francis Andrews,Retail,IE,2020-05-29
3606,Jesse Tucker,Retail,US,2018-03-09
3607,Jennifer Wise,Retail,DE,2021-05-01
3608,David Walters,Premier,DE,2021-11-03
3609,Rebekah Cole,Premier,IE,2020-08-31
3610,John Rogers,Retail,GB,2019-05-23
3611,Holly Floyd,Retail,IE,2021-01-30
3612,Ms. Janet Leonard,Retail,IE,2020-06-04
3613,George Villa,Retail,DE,2024-10-05
3614,Christina Hess,Premier,DE,2023-06-11
3615,Jordan Williams,Retail,GB,2020-02-14
3616,Bryan Burns,Retail,GB,2024-11-30
3617,Stephen Parks,Retail,IE,2020-07-14
3618,George Phillips,Premier,US,2018-04-30
3619,Kimberly White,Premier,IE,2023-04-23
3620,Alan Nguyen,Retail,GB,2019-05-03
3621,Linda Howard,Premier,US,2023-10-27
3622,Parker Wright,Retail,DE,2019-03-17
3623,Brandon Acosta,Retail,GB,2019-04-07
3624,Jessica Hill,Retail,GB,2019-09-04
3625,Melissa Sanchez,Retail,US,2021-08-10
3626,Sandy Oconnor,Retail,GB,2022-07-18
3627,Judy Jones,Business,GB,2020-07-05
3628,Charles Davila,Retail,GB,2018-01-06
3629,Sonia Reyes,Retail,GB,2019-11-12
3630,Mrs. Tammy Curry,Retail,GB,2024-05-07
3631,Alex Clements,Retail,GB,2022-07-02
3632,Matthew Andrade,Business,GB,2018-04-09
3633,Jessica Wilson,Retail,GB,2019-06-10
3634,Dean Turner,Retail,DE,2024-02-20
3635,Sarah Sanchez,Premier,GB,2021-03-26
3636,Jacqueline Kennedy,Retail,DE,2022-08-17
3637,Jessica Burgess,Retail,DE,2021-02-12
3638,Destiny Powers,Retail,IE,2019-01-31
3639,Susan Gregory,Retail,IE,2020-02-09
3640,Jason Smith,Business,DE,2023-01-01
3641,Carlos Adams,Premier,DE,2022-03-26
3642,Vanessa Flores,Retail,GB,2019-11-14
3643,Albert Nguyen,Premier,IE,2022-04-06
3644,Dwayne Joseph,Retail,US,2018-01-15
3645,Leah Walters,Retail,IE,2024-08-12
3646,James Spears,Retail,DE,2021-05-21
3647,Gilbert Reed,Retail,DE,2018-01-05
3648,Joel Newton,Retail,GB,2024-03-28
3649,Michael Chambers,Retail,GB,2023-03-24
3650,Andrew Phelps,Business,IE,2021-11-26
3651,Lynn Hoffman,Retail,GB,2022-05-27
3652,Daniel Mercer,Retail,US,2018-06-18
3653,Edgar Stewart,Retail,US,2020-03-02
3654,Alyssa Weber,Retail,GB,2020-09-26
3655,Guy Reynolds,Retail,US,2018-06-01
3656,Allison Mcpherson DDS,Retail,US,2024-03-21
3657,David Morse Jr.,Premier,IE,2019-05-19
3658,Sarah Davis,Retail,US,2022-04-23
3659,Willie Duncan,Retail,DE,2023-09-23
3660,Christopher Waters,Retail,DE,2019-05-19
3661,Jennifer Ortiz,Retail,IE,2020-04-22
3662,Jennifer Greene,Retail,GB,2018-12-17
3663,Jack Garcia,Premier,IE,2023-09-02
3664,Toni Gill,Retail,GB,2022-07-18
3665,Joseph Myers,Retail,GB,2019-08-21
3666,Kathleen Marshall,Retail,GB,2020-12-02
3667,Joanna Bradshaw,Retail,GB,2024-11-18
3668,Dylan Patel,Retail,GB,2018-02-09
3669,John Jackson,Premier,IE,2024-06-08
3670,Janet Delgado,Retail,GB,2018-06-24
3671,Jennifer Fields,Premier,US,2020-09-25
3672,Brenda Harvey,Retail,US,2022-01-24
3673,Ms. Monique Dougherty MD,Premier,GB,2021-05-01
3674,Keith Kennedy,Retail,US,2024-04-10
3675,Jacob Paul,Retail,DE,2020-04-15
3676,Martha Arnold,Retail,IE,2024-05-16
3677,Sarah Martin,Business,IE,2020-11-25
3678,Shaun Thompson,Retail,GB,2020-06-16
3679,Tammy Morris,Retail,GB,2022-04-13
3680,Steven Clark,Retail,DE,2020-11-12
3681,David Morrison,Premier,GB,2020-07-20
3682,Rebecca Kaufman DDS,Retail,US,2023-11-09
3683,Larry Rivera,Premier,DE,2024-09-03
3684,Caitlin Ford,Retail,US,2021-06-05
3685,Adriana Johnson,Retail,IE,2021-05-10
3686,Sharon Cowan,Retail,US,2021-10-05
3687,Andrea Butler,Business,IE,2020-11-27
3688,Mike Martinez,Retail,US,2019-05-15
3689,Maria Ferguson,Business,IE,2022-09-19
3690,John Barber,Retail,GB,2023-10-17
3691,James Short,Retail,US,2022-10-30
3692,Heidi Moran,Retail,IE,2023-12-11
3693,Marie Patterson,Retail,US,2022-09-05
3694,Charles Baker,Premier,DE,2018-12-02
3695,Nicole Rodriguez,Business,GB,2021-03-22
3696,Jason Morgan,Premier,IE,2020-02-18
3697,Rebecca Clark,Premier,DE,2021-03-31
3698,Martin Jones,Retail,US,2023-04-18
3699,Katherine Sanchez,Retail,DE,2022-01-06
3700,Edward Wallace,Business,US,2024-10-06
3701,Melissa Carroll,Retail,GB,2022-04-11
3702,Pam Hernandez,Premier,DE,2020-07-27
3703,Daniel Wood,Premier,GB,2020-03-14
3704,Eddie Duffy,Retail,IE,2023-04-20
3705,Mark Alvarez,Business,US,2019-09-26
3706,Edward Manning,Retail,US,2021-06-07
3707,Bridget Carter,Retail,GB,2020-12-18
3708,Mark Johnson,Retail,GB,2023-11-14
3709,Eric Silva,Retail,IE,2021-07-09
3710,Nathan Mcgee,Retail,DE,2018-12-20
3711,Jennifer Montgomery MD,Retail,US,2021-03-05
3712,Christopher Farrell,Premier,US,2023-03-01
3713,James Grimes,Business,IE,2022-12-24
3714,Mr. Joseph Thompson,Retail,IE,2020-08-24
3715,Alexis Arroyo,Retail,GB,2024-11-25
3716,Eric Walker,Business,GB,2024-10-13
3717,Richard Mccormick,Retail,DE,2021-03-15
3718,Heather Stevens,Retail,IE,2022-03-28
3719,Susan Larsen,Retail,DE,2023-11-05
3720,Rachel Warren,Retail,IE,2018-04-19
3721,Dale Beck,Retail,US,2021-09-30
3722,Brett Rivera,Business,IE,2022-10-24
3723,Juan Nichols,Retail,IE,2020-09-20
3724,Shelia Waller,Retail,US,2022-02-26
3725,Keith Wright,Retail,IE,2021-09-18
3726,Patrick Norris,Retail,DE,2020-04-01
3727,Danielle Norris,Retail,GB,2020-07-25
3728,Andrew Lynch,Premier,GB,2018-07-10
3729,Anna Lee,Premier,DE,2023-06-20
3730,Amy Leach,Retail,US,2020-07-21
3731,Amy Perez,Business,IE,2018-05-22
3732,Lauren Marshall,Premier,DE,2023-03-08
3733,Rachael Flores,Premier,GB,2024-01-25
3734,Christina Wilson,Retail,GB,2019-07-20
3735,Craig Daniels,Retail,DE,2021-07-06
3736,John Hudson,Retail,GB,2022-01-02
3737,Shannon Rodriguez,Retail,DE,2021-02-08
3738,Paula Lee,Retail,GB,2020-01-14
3739,Lisa Bryant,Retail,DE,2019-11-04
3740,Paul Guzman,Premier,IE,2019-06-15
3741,Christopher Hunter MD,Premier,IE,2021-08-06
3742,Elizabeth Camacho,Business,IE,2019-07-16
3743,Donald Hoffman,Retail,IE,2022-03-14
3744,Jeremiah Rowland,Retail,GB,2024-02-01
3745,Katherine Flores,Retail,US,2018-10-29
3746,Julie Martin,Retail,DE,2018-07-04
3747,Jeffrey Torres,Retail,US,2019-05-25
3748,Jessica Little,Retail,GB,2021-08-26
3749,Catherine Maxwell,Retail,GB,2021-10-01
3750,Cindy Shaw,Premier,US,2024-01-13
3751,Joseph Garcia,Retail,US,2020-03-05
3752,Leon Duncan,Premier,GB,2024-10-15
3753,Christopher Miranda,Retail,GB,2022-03-04
3754,Sarah Bishop,Retail,DE,2020-01-31
3755,Tyler Zavala,Retail,IE,2024-01-04
3756,Rachel Chan,Retail,IE,2024-12-03
3757,Timothy Kennedy,Retail,DE,2019-03-11
3758,Elizabeth Thomas,Retail,US,2022-03-23
3759,Hector Mcgee,Retail,GB,2023-08-01
3760,Jeffery Long,Retail,US,2022-09-03
3761,Philip Powell,Retail,IE,2018-03-10
3762,Heather Trujillo,Business,IE,2022-06-18
3763,Pamela Smith,Retail,US,2023-03-20
3764,Christine Moran,Premier,IE,2024-02-12
3765,James Morris,Retail,GB,2024-03-01
3766,Erika Castro,Business,DE,2019-07-08
3767,Daniel Shaw,Premier,US,2023-08-23
3768,Ashley Sanchez,Retail,GB,2021-07-21
3769,John Griffith,Retail,GB,2023-09-30
3770,Wesley Williams,Premier,IE,2019-05-15
3771,Melissa Stout,Retail,GB,2024-08-13
3772,Mr. Lawrence Brooks,Retail,US,2024-08-01
3773,Mark Hill,Retail,GB,2022-03-10
3774,Thomas Rodriguez,Premier,DE,2024-04-22
3775,Paul Nguyen,Premier,GB,2022-02-20
3776,Jennifer Hernandez,Retail,GB,2018-10-06
3777,Edwin Gonzalez,Retail,DE,2020-12-18
3778,David Armstrong,Retail,GB,2019-03-22
3779,Debbie Schmidt,Retail,GB,2023-12-01
3780,Alex Barton,Business,IE,2020-04-15
3781,Richard Dawson,Retail,US,2020-01-25
3782,Scott Stein,Retail,IE,2023-01-20
3783,Stephen Lopez,Retail,US,2022-05-12
3784,Joel Cook,Premier,DE,2022-02-21
3785,Michele Scott,Retail,DE,2021-12-01
3786,Allison Wilson,Retail,DE,2024-08-11
3787,James Tucker,Retail,US,2020-12-19
3788,Joseph Durham,Retail,US,2024-07-04
3789,Alexis Kim,Retail,US,2022-05-10
3790,Jonathan Yates,Retail,DE,2023-03-24
3791,Katherine Andrews,Retail,US,2024-02-10
3792,Morgan Cunningham,Business,GB,2020-10-19
3793,Phyllis Schmidt,Premier,IE,2024-06-16
3794,Sarah Miller,Business,DE,2022-04-11
3795,Lisa Kaiser,Retail,IE,2018-06-26
3796,Pamela Jordan,Business,GB,2020-04-26
3797,Jerry Gilmore,Retail,US,2021-06-02
3798,Marie Jones,Retail,IE,2022-05-20
3799,Gina Rose,Retail,GB,2022-05-24
3800,Samantha Reynolds,Retail,GB,2023-05-30
3801,Kenneth Smith,Retail,IE,2023-08-19
3802,Alicia Perez,Retail,DE,2018-08-24
3803,David Walker,Retail,IE,2019-12-11
3804,Erin Ellis,Retail,DE,2020-03-04
3805,Patricia Andrews,Retail,US,2023-04-19
3806,Spencer Camacho,Retail,DE,2022-07-28
3807,Raymond Harris,Retail,US,2018-01-27
3808,Alexander Guzman,Premier,IE,2021-05-11
3809,Penny Fernandez,Premier,US,2018-03-26
3810,Erin Stewart,Retail,GB,2023-01-30
3811,Daniel Turner,Retail,US,2024-11-18
3812,Devin Mayer,Retail,DE,2021-01-27
3813,Henry Taylor,Premier,DE,2021-04-28
3814,Jessica Flowers,Retail,DE,2018-01-12
3815,Jeremy Manning,Retail,US,2020-10-09
3816,Jamie Griffin,Retail,DE,2022-10-15
3817,Daniel James,Retail,DE,2023-02-20
3818,Anna Thompson,Retail,GB,2021-08-10
3819,Misty Martinez,Premier,US,2021-10-15
3820,Barbara Burns,Retail,GB,2022-08-06
3821,Nicole Stewart,Retail,DE,2018-06-29
3822,William Marsh,Premier,DE,2020-03-07
3823,David Rodriguez,Premier,DE,2022-01-07
3824,Adam Lara,Retail,US,2023-07-18
3825,Scott Gomez,Retail,IE,2024-10-24
3826,Sara Hamilton,Retail,DE,2020-06-05
3827,Elizabeth Key,Business,DE,2024-10-04
3828,Mason Price,Retail,DE,2021-04-04
3829,Trevor Hill,Business,DE,2022-08-03
3830,Erica Taylor,Retail,US,2022-02-28
3831,Justin Anderson,Retail,IE,2024-11-20
3832,Michael Farmer,Retail,IE,2024-08-29
3833,Robert Cline,Retail,IE,2024-06-19
3834,Jacqueline Perry,Retail,DE,2020-02-10
3835,Christopher Mayer,Retail,DE,2021-07-02
3836,Natalie Patrick,Retail,IE,2020-08-16
3837,Shawn Rodriguez,Business,IE,2020-07-05
3838,Jonathan Torres,Retail,DE,2023-09-02
3839,Susan Baker,Premier,DE,2022-11-17
3840,Richard Rivera,Retail,GB,2018-12-05
3841,Amanda Wiggins,Retail,GB,2022-02-25
3842,Amber Bennett,Retail,GB,2024-08-10
3843,Kelly Moore,Retail,IE,2021-10-27
3844,Steven Davis,Business,US,2020-07-03
3845,Ashley Alvarez DVM,Retail,DE,2023-01-28
3846,Kimberly Taylor,Retail,GB,2019-04-20
3847,Mallory Collins,Retail,US,2021-12-17
3848,Steven Anderson,Retail,DE,2021-10-11
3849,Holly Austin,Retail,US,2022-01-23
3850,Karen Goodman,Premier,IE,2023-09-06
3851,Christina Robinson,Premier,IE,2020-03-11
3852,Tom Perez,Retail,IE,2021-05-31
3853,Brandon Powell,Retail,GB,2020-05-13
3854,Ashley Perez,Retail,DE,2021-03-17
3855,Matthew Murphy,Retail,IE,2020-01-09
3856,Mary Meyer,Retail,GB,2021-10-06
3857,Sophia Wolf,Retail,GB,2024-09-28
3858,Javier Stanley,Retail,GB,2020-09-08
3859,Taylor Johnson,Retail,GB,2024-10-12
3860,Janice Williams,Retail,IE,2023-09-20
3861,Christopher Thomas,Retail,GB,2020-10-08
3862,Robert Martin,Retail,IE,2023-10-28
3863,Kenneth Webb,Retail,IE,2019-12-18
3864,Mark Montoya,Premier,GB,2022-12-13
3865,Jodi Lewis,Retail,IE,2022-01-13
3866,Kimberly Wilson,Retail,DE,2024-11-26
3867,Randy Bradshaw,Retail,DE,2021-03-11
3868,Steven Scott,Premier,US,2024-05-30
3869,Katherine Dunn,Retail,DE,2019-09-02
3870,Mary Peterson,Retail,IE,2023-12-24
3871,Amy Diaz,Retail,IE,2024-12-06
3872,Traci Martinez,Premier,DE,2022-12-18
3873,Jim Rodriguez,Business,GB,2021-08-28
3874,Elizabeth Marks,Retail,GB,2019-07-09
3875,Jeffrey Joyce,Premier,IE,2022-07-14
3876,Sean Wagner,Business,GB,2022-10-22
3877,Todd Lutz,Business,US,2018-02-15
3878,Ryan Walker,Retail,US,2021-06-13
3879,Nicholas Gomez,Retail,DE,2020-12-07
3880,Brittany Heath,Retail,DE,2024-02-24
3881,Rebecca Cox,Premier,GB,2023-11-02
3882,Travis Schmidt,Retail,IE,2019-06-27
3883,Brett Martin,Retail,DE,2021-12-22
3884,Lisa Bridges,Retail,US,2023-10-20
3885,Brittany Dunlap,Premier,DE,2023-06-16
3886,Shannon Ramirez,Premier,DE,2020-07-01
3887,Tiffany Phillips,Retail,US,2020-12-04
3888,Valerie English,Premier,IE,2024-05-29
3889,Chad Hurley,Retail,DE,2020-03-22
3890,David Peters,Premier,DE,2022-01-28
3891,Thomas Austin,Retail,DE,2023-03-24
3892,Amy Jenkins,Retail,GB,2022-04-23
3893,Rodney Duran,Business,DE,2020-05-16
3894,Tiffany Sanchez,Retail,US,2024-08-24
3895,Maria Myers,Premier,IE,2022-11-02
3896,Ruben Jones,Retail,IE,2024-04-28
3897,Desiree Stafford,Retail,US,2019-08-03
3898,Patrick Blackburn,Retail,GB,2024-08-01
3899,Jeremy Chambers,Retail,US,2021-12-13
3900,Alexandra Wilson,Retail,IE,2019-11-29
3901,Brian Fuller,Retail,US,2023-05-31
3902,Matthew Evans,Retail,GB,2024-10-26
3903,Patrick Gibson,Retail,IE,2019-12-27
3904,William Lozano,Business,GB,2018-10-13
3905,Dillon Travis,Business,US,2023-03-07
3906,Steven Rodriguez,Retail,DE,2019-07-24
3907,Kevin Walter,Premier,US,2023-05-19
3908,Rebecca Blake,Retail,GB,2022-02-22
3909,Brian Bright,Retail,US,2019-05-13
3910,Linda Cox,Premier,DE,2023-04-02
3911,Mary Copeland,Business,GB,2019-12-06
3912,Jennifer Little,Retail,US,2021-09-18
3913,Diana Ramsey,Premier,GB,2019-07-16
3914,David Romero,Retail,GB,2023-06-22
3915,Russell Bird,Business,IE,2018-02-01
3916,Brian Shaffer,Retail,IE,2018-02-12
3917,Jon Garza,Retail,GB,2023-04-01
3918,Ashley Norman,Retail,US,2021-10-06
3919,Kristina Monroe,Retail,US,2023-01-20
3920,Joseph Schaefer,Retail,US,2019-07-13
3921,Kyle Garza,Business,DE,2024-05-06
3922,Tiffany Johnston,Retail,GB,2021-12-07
3923,Phillip Ward,Retail,GB,2020-07-31
3924,Stephanie Fisher,Retail,DE,2022-05-18
3925,Patrick Reed,Retail,GB,2021-10-02
3926,Sarah Berry,Retail,GB,2023-04-13
3927,Teresa Li,Retail,DE,2022-06-25
3928,Paula Caldwell,Retail,IE,2023-09-16
3929,Keith Johnson,Retail,GB,2018-04-02
3930,Annette Knapp,Retail,DE,2023-01-18
3931,Monica Atkinson,Premier,US,2018-07-04
3932,Robert Cooper,Premier,IE,2019-12-29
3933,Danielle Griffin,Retail,US,2020-11-17
3934,Jimmy Ritter,Retail,GB,2022-04-21
3935,Riley Clark,Retail,IE,2024-08-16
3936,Kimberly Morris,Retail,DE,2020-04-11
3937,Gregory Ochoa,Retail,GB,2018-12-11
3938,Shannon Cook,Retail,DE,2021-12-13
3939,Natalie Huff,Retail,IE,2021-05-04
3940,Ronald Garcia,Retail,US,2023-10-27
3941,Margaret Edwards,Retail,GB,2018-06-16
3942,Cody Reyes III,Premier,GB,2018-09-21
3943,Heather Shaffer,Business,DE,2022-02-04
3944,Nicole Chung,Retail,IE,2021-05-16
3945,Brian Perkins,Retail,DE,2021-07-10
3946,Melody Castro,Premier,IE,2022-03-10
3947,Kimberly Sanders,Business,GB,2022-12-14
3948,Christina Davis,Retail,IE,2023-02-21
3949,Sherri Sullivan,Retail,GB,2022-10-16
3950,Mike Patel,Retail,IE,2023-03-25
3951,Thomas Garcia,Retail,US,2021-08-28
3952,Robin Clay,Retail,IE,2021-04-12
3953,Kelly Miller,Retail,US,2024-10-14
3954,Mrs. Amanda Kelley DDS,Retail,IE,2020-02-07
3955,Johnny Whitaker,Retail,IE,2024-11-15
3956,Mrs. Courtney Wong,Premier,DE,2018-04-11
3957,Adam Sanchez,Retail,DE,2022-09-29
3958,Logan Massey,Retail,GB,2023-04-04
3959,Juan Carroll,Retail,DE,2024-04-10
3960,Ryan Carpenter,Retail,IE,2021-10-03
3961,Stacy Werner,Business,DE,2018-04-15
3962,Michelle Holden,Retail,IE,2019-11-25
3963,Deborah Wood,Retail,US,2022-08-18
3964,Taylor Flores,Premier,IE,2021-08-03
3965,Tyler Taylor,Retail,GB,2020-12-06
3966,Victoria Wright,Business,US,2020-12-02
3967,Betty Pollard,Retail,GB,2020-03-28
3968,Katie Alvarez,Retail,GB,2024-03-18
3969,Robert Munoz,Retail,GB,2022-03-17
3970,Michelle Newman,Retail,DE,2024-01-01
3971,Victoria Marshall,Premier,GB,2020-06-08
3972,Amy Montgomery,Premier,US,2023-02-21
3973,Jeffrey Benton Jr.,Retail,IE,2023-02-17
3974,Kristin Brown,Retail,GB,2020-02-29
3975,Sean Hernandez,Premier,US,2019-07-07
3976,Ana Higgins,Business,GB,2020-04-23
3977,Theresa Luna,Retail,IE,2019-10-21
3978,Katherine Padilla,Retail,US,2020-10-15
3979,Victoria Lewis,Retail,US,2023-05-08
3980,Joshua Leonard,Premier,IE,2021-04-05
3981,Kelly Liu,Retail,US,2020-01-21
3982,Brianna Ryan,Retail,IE,2024-04-15
3983,Emily Smith,Premier,US,2020-02-14
3984,Michelle Howard,Retail,US,2021-10-12
3985,William Austin,Retail,IE,2019-11-23
3986,Monica Oconnor,Retail,IE,2019-12-20
3987,Kyle Blake,Retail,US,2018-08-22
3988,Christopher Banks,Retail,US,2023-09-03
3989,Bryan Davis DVM,Retail,IE,2021-11-05
3990,Tiffany Hughes,Retail,DE,2020-10-02
3991,Michael Taylor,Retail,IE,2021-10-01
3992,Brendan Kelly,Premier,US,2021-11-02
3993,Sherry Porter,Premier,US,2023-08-27
3994,James Perez,Retail,US,2024-04-11
3995,Miss Gina Walton,Retail,IE,2019-12-18
3996,Alicia Obrien,Retail,US,2022-04-12
3997,Mrs. Jacqueline Jackson,Retail,DE,2022-09-08
3998,Kendra Smith,Retail,GB,2021-05-10
3999,Alexander Stein,Retail,DE,2021-06-25
4000,Shannon Sosa,Retail,IE,2023-12-06
4001,Marc White,Retail,US,2018-01-09
4002,Gregory Wiggins,Retail,IE,2019-08-21
4003,Linda Berry,Retail,GB,2018-01-23
4004,Michelle Hobbs,Retail,IE,2023-06-14
4005,Charles Fuentes,Retail,US,2024-04-06
4006,Andrew Medina,Retail,GB,2022-05-28
4007,Teresa Aguirre,Premier,GB,2023-09-06
4008,Eddie Bailey,Premier,US,2021-01-09
4009,Joseph Mccullough,Retail,US,2024-02-25
4010,Mr. Zachary Mora DVM,Retail,US,2018-04-02
4011,Kimberly Price,Retail,IE,2020-04-30
4012,Bruce Spencer,Retail,DE,2023-06-06
4013,Jacob Allen,Retail,IE,2021-01-12
4014,Chelsea Powell,Premier,IE,2018-10-27
4015,Thomas Morse,Retail,DE,2024-06-01
4016,Susan Zimmerman,Premier,US,2022-01-17
4017,Annette Meyer,Retail,US,2021-07-28
4018,Erica Rose,Retail,DE,2020-09-27
4019,Kim Long,Premier,DE,2020-12-18
4020,Christina Flores,Retail,IE,2021-09-27
4021,Craig Raymond,Retail,GB,2024-07-17
4022,Jeffrey Miller,Retail,DE,2023-10-11
4023,Brian Hoffman,Retail,IE,2020-02-15
4024,Elizabeth Gay,Business,GB,2021-12-23
4025,Patricia Hale,Retail,US,2022-08-09
4026,Amanda Arroyo,Business,US,2022-10-18
4027,Kevin Mccullough,Business,IE,2024-04-22
4028,Margaret Stevenson,Premier,IE,2023-01-26
4029,Amber Turner,Retail,DE,2023-03-13
4030,Victor Williams,Retail,US,2022-09-26
4031,Shelly Rodgers,Premier,IE,2021-08-20
4032,Cassandra Wood,Retail,US,2019-09-07
4033,Susan Garcia,Retail,US,2018-09-02
4034,Stephanie Joseph,Retail,DE,2020-01-27
4035,Dalton Clark,Retail,GB,2020-04-03
4036,Alexis Weeks,Retail,DE,2023-01-21
4037,Michael Glass,Retail,IE,2021-12-06
4038,David Cervantes,Retail,DE,2021-05-25
4039,Victoria Benitez,Premier,DE,2019-05-31
4040,Jacqueline Monroe,Retail,US,2019-04-19
4041,Charles Sanchez,Business,DE,2018-02-05
4042,Sonia Henderson,Retail,IE,2021-11-11
4043,Sharon Sims,Premier,GB,2022-11-28
4044,Shawn Doyle,Retail,DE,2022-10-01
4045,Michael Perry,Premier,DE,2020-04-09
4046,Donald Santana,Retail,GB,2020-12-28
4047,Katherine Greene,Premier,IE,2024-08-10
4048,Jennifer Dominguez,Retail,IE,2021-03-31
4049,Matthew Walker,Premier,DE,2022-10-29
4050,Ashley Barrera,Business,US,2020-08-02
4051,Clifford Murphy DVM,Retail,DE,2022-02-20
4052,Michael Arias,Retail,GB,2019-03-07
4053,Joshua Mitchell,Premier,GB,2023-07-16
4054,Ashley Wilson,Retail,GB,2020-05-08
4055,Stacey Clements,Premier,DE,2018-08-18
4056,Kathleen Martinez,Retail,DE,2024-08-14
4057,Julie Rodriguez MD,Retail,IE,2018-06-27
4058,Cathy Farmer,Business,US,2021-12-04
4059,Dana Gilbert,Retail,DE,2022-06-02
4060,Charles Harper,Premier,IE,2022-10-30
4061,Timothy Wang,Retail,DE,2022-11-10
4062,Daniel Stewart,Retail,IE,2020-09-01
4063,Tiffany Peterson,Retail,IE,2018-03-23
4064,Tammy Bell,Retail,US,2020-04-25
4065,Mathew Myers,Retail,DE,2021-05-01
4066,Edgar Brown,Retail,IE,2019-09-10
4067,Cory Barrett,Retail,GB,2024-03-13
4068,Seth Jones,Retail,GB,2024-05-26
4069,Joseph Hawkins,Premier,GB,2019-03-21
4070,Victor Brown,Retail,US,2020-07-11
4071,Jennifer Ferguson,Retail,IE,2018-07-12
4072,Carolyn Cantu,Retail,US,2022-07-21
4073,Charles Garcia,Retail,DE,2018-10-16
4074,James Hart,Premier,DE,2021-03-13
4075,Patricia Wilson,Retail,IE,2021-12-01
4076,Mark Elliott,Retail,GB,2023-01-09
4077,Matthew Bartlett,Retail,IE,2023-05-25
4078,Maria Campbell,Retail,IE,2020-06-14
4079,Joanna Adkins,Premier,IE,2020-07-08
4080,Lisa Reed,Retail,US,2023-07-28
4081,Jordan Calhoun MD,Premier,DE,2022-04-02
4082,Heather Thomas,Retail,IE,2022-08-28
4083,Carrie Coffey,Retail,IE,2023-08-23
4084,Dr. Isabel Smith PhD,Business,IE,2022-09-22
4085,Joe Page,Retail,US,2024-07-15
4086,Crystal Morales,Retail,US,2023-03-13
4087,Heather Mcmahon,Retail,US,2022-12-05
4088,Jason Quinn,Retail,IE,2018-11-08
4089,James Cox,Retail,GB,2021-02-01
4090,James Cummings,Retail,GB,2018-12-05
4091,Daniel Lee,Retail,GB,2024-06-05
4092,Shane Hopkins,Retail,DE,2018-12-25
4093,Stephanie Kelley,Retail,IE,2024-01-26
4094,Jennifer Schneider,Retail,GB,2021-03-18
4095,Charles Rodriguez,Retail,GB,2020-02-07
4096,Elizabeth Wall,Retail,GB,2023-09-21
4097,Loretta Williams,Business,IE,2018-07-21
4098,Juan Moore,Retail,GB,2022-08-20
4099,Joseph White,Premier,GB,2019-04-09
4100,Michael Cruz,Retail,IE,2019-03-25
4101,Denise Reese,Retail,DE,2020-07-01
4102,Brittney Morales,Retail,US,2020-03-08
4103,Christina Jenkins,Retail,GB,2020-03-04
4104,Sean Anderson,Retail,US,2019-03-13
4105,Emily Fitzpatrick,Retail,DE,2023-04-01
4106,Nancy Liu,Retail,DE,2022-11-09
4107,Rachel Miller,Business,GB,2019-06-15
4108,Scott Brown,Retail,IE,2019-07-19
4109,Emily Winters,Retail,DE,2022-06-09
4110,Chris Lewis,Premier,US,2021-07-20
4111,Heidi Blankenship,Retail,US,2018-08-01
4112,Sandra Alvarez,Retail,US,2020-08-06
4113,Donna Garcia,Retail,US,2021-02-01
4114,Stephanie Hernandez,Business,DE,2018-07-11
4115,Joseph Montgomery,Premier,GB,2021-11-04
4116,Juan Harrison,Retail,GB,2023-06-14
4117,Miss Stephanie Cherry,Retail,US,2021-01-09
4118,Bridget Wallace,Business,GB,2019-12-06
4119,Brandy James,Retail,US,2019-07-03
4120,Christopher Smith,Retail,US,2023-02-05
4121,Sabrina Galvan,Retail,IE,2018-06-03
4122,Catherine Shannon,Retail,DE,2022-07-24
4123,Theresa Knight,Retail,DE,2019-07-25
4124,Victoria Tanner,Retail,US,2022-11-20
4125,Chad Evans,Retail,DE,2024-04-06
4126,Chase Haney,Retail,GB,2024-08-18
4127,Maureen Nixon,Premier,US,2020-03-15
4128,Michael Rush,Retail,IE,2020-03-09
4129,Larry Lloyd,Retail,GB,2019-09-03
4130,Steven Butler,Retail,IE,2022-12-12
4131,Samuel Lee,Retail,IE,2018-05-23
4132,Joseph Moon,Retail,DE,2018-09-29
4133,Taylor Williams II,Retail,DE,2022-04-05
4134,Jerry Hamilton,Premier,US,2024-10-09
4135,Paul Wolf,Business,DE,2023-09-25
4136,Bobby Arnold,Retail,IE,2023-11-13
4137,William Weber,Retail,IE,2023-10-13
4138,Alicia James,Retail,GB,2024-09-26
4139,Jamie Johnson,Premier,IE,2019-04-04
4140,Melissa Rogers,Premier,US,2022-10-05
4141,Sarah Mueller,Retail,US,2021-12-03
4142,Gordon Hahn,Retail,DE,2024-11-22
4143,Kristen Burns,Premier,DE,2019-05-21
4144,Thomas Sellers,Retail,DE,2022-09-06
4145,Melvin Flores,Retail,US,2021-01-01
4146,Ashley Cochran,Retail,IE,2018-03-25
4147,Ashley Jones,Retail,DE,2018-02-28
4148,Christian Solis,Premier,GB,2020-11-10
4149,Sharon Smith,Business,DE,2022-01-21
4150,Robert Berg,Retail,US,2024-01-14
4151,Brooke Sims,Retail,DE,2021-09-14
4152,Julia Marks,Retail,IE,2022-05-16
4153,Ashley Martinez,Retail,DE,2019-07-30
4154,Christina Reese,Retail,US,2019-11-11
4155,Brandon Bean,Retail,US,2018-07-22
4156,Rickey Hall,Retail,GB,2021-02-03
4157,Bobby Flores,Retail,US,2018-11-14
4158,Karen Gonzalez,Retail,GB,2021-04-20
4159,Lisa Lopez MD,Retail,IE,2022-06-27
4160,Sharon Brown,Retail,US,2022-12-02
4161,Aaron Thompson,Retail,DE,2019-02-10
4162,Charles Weaver,Business,IE,2024-12-17
4163,Melissa Warner,Retail,DE,2019-11-10
4164,Cody Morris,Retail,DE,2021-06-24
4165,Carla Reid DDS,Premier,DE,2023-03-05
4166,Katie Mitchell,Business,IE,2022-03-28
4167,Roger Moss,Retail,IE,2022-07-02
4168,Mary Donaldson,Premier,US,2021-09-21
4169,Paul Brown,Retail,DE,2021-12-16
4170,Gregory Quinn,Retail,GB,2020-04-14
4171,Sabrina Miller,Retail,US,2024-02-20
4172,Michelle Smith,Retail,IE,2024-06-13
4173,Anita Chapman,Retail,GB,2022-07-27
4174,Heather Becker,Retail,IE,2023-04-15
4175,Andrea Baker,Retail,GB,2024-12-28
4176,Joanne Harmon,Retail,US,2018-10-08
4177,Mr. Phillip Edwards,Retail,GB,2022-12-19
4178,Mrs. Laurie Williams MD,Retail,US,2020-07-21
4179,Joel Mclean,Retail,IE,2019-08-31
4180,Valerie Ford,Premier,GB,2019-04-28
4181,Jodi Thomas,Premier,DE,2021-05-31
4182,Jennifer Johnson,Premier,DE,2022-11-08
4183,Eugene Fritz,Retail,IE,2023-12-05
4184,Jennifer Smith,Premier,GB,2018-07-11
4185,Mary Thompson,Retail,DE,2023-07-11
4186,Catherine Davis,Retail,US,2018-11-03
4187,Chris Rogers,Retail,GB,2019-06-16
4188,James Torres,Retail,GB,2018-05-02
4189,Kirsten Perez,Retail,DE,2019-08-15
4190,Dr. Jeffrey Valentine,Retail,US,2022-01-15
4191,Wayne Brown,Premier,US,2018-02-28
4192,Andrea Morris,Retail,US,2024-06-06
4193,Dylan Young,Retail,GB,2022-04-23
4194,Regina Butler,Business,IE,2021-02-14
4195,Eric Moore,Retail,GB,2022-12-16
4196,Melinda Patterson,Retail,GB,2022-12-11
4197,Carl Campbell,Retail,DE,2019-02-03
4198,Renee Shields,Retail,IE,2024-12-20
4199,Wesley Brown,Retail,US,2020-07-30
4200,Jason Clark,Retail,DE,2019-06-12
4201,David Wiggins,Retail,GB,2024-09-11
4202,Thomas Kaufman,Retail,IE,2022-11-10
4203,Kristen Ray,Retail,US,2021-11-22
4204,Cory Martinez,Retail,US,2022-07-28
4205,Mark Maddox,Retail,GB,2022-03-31
4206,Kevin Young,Premier,US,2019-03-12
4207,Katherine Harrison,Retail,US,2020-04-19
4208,Jorge Davis,Retail,IE,2018-12-26
4209,Loretta Miller,Retail,DE,2021-02-26
4210,Lance Macdonald DVM,Retail,IE,2020-05-13
4211,Jerry Waters,Retail,DE,2022-07-09
4212,Desiree Thomas,Retail,DE,2022-09-29
4213,Amy Wright,Premier,DE,2021-05-30
4214,Erin Summers,Premier,US,2024-03-11
4215,Mr. Don Flores,Retail,IE,2020-07-04
4216,Miss Kimberly Holloway,Premier,US,2022-12-04
4217,Tina Harper,Retail,GB,2023-12-23
4218,Nicholas Moss,Retail,IE,2019-01-21
4219,Robert Campbell,Retail,DE,2021-08-19
4220,Jenny Cardenas,Retail,US,2022-12-11
4221,Dean Thomas,Premier,US,2022-05-05
4222,Matthew Farmer,Retail,IE,2021-04-27
4223,John Browning,Retail,IE,2022-03-30
4224,Mario Peters,Business,DE,2019-01-24
4225,Olivia Rodriguez,Retail,DE,2019-12-05
4226,Donald Mccarthy,Retail,GB,2022-10-05
4227,Christopher Anderson,Retail,DE,2020-05-13
4228,Becky Parrish,Premier,US,2020-11-25
4229,Jackie Stewart,Premier,GB,2018-03-20
4230,Krista Fuller,Retail,GB,2021-07-22
4231,Jennifer Nguyen,Retail,GB,2021-07-25
4232,Amanda Campbell,Retail,IE,2019-11-05
4233,Laura Ware,Premier,DE,2024-06-17
4234,Mitchell Anderson,Retail,GB,2018-07-23
4235,Barry Hernandez,Retail,IE,2020-09-11
4236,Teresa Young,Business,IE,2023-05-30
4237,Valerie Morgan,Retail,GB,2018-01-17
4238,Paul Vasquez,Retail,GB,2019-04-21
4239,Kelly May,Retail,US,2020-10-13
4240,Christopher Carson,Business,GB,2018-07-29
4241,Joan Wilson,Retail,US,2019-05-14
4242,Debbie Allen,Retail,GB,2019-03-05
4243,Kristin Williams,Retail,GB,2021-08-22
4244,Courtney Williams,Retail,DE,2023-10-07
4245,David Hernandez,Retail,GB,2022-04-03
4246,Kathryn Morris,Retail,GB,2021-05-16
4247,Meagan Smith,Business,US,2022-03-15
4248,Katherine Caldwell,Retail,US,2023-02-11
4249,Krista Williams,Retail,DE,2023-02-20
4250,Christine Aguilar,Retail,GB,2020-06-17
4251,Michael Perkins,Retail,GB,2021-01-11
4252,Steven Martin,Premier,US,2020-12-03
4253,Joshua Herman,Retail,IE,2022-02-15
4254,Diana Hawkins,Retail,IE,2022-07-26
4255,Caitlin Harris,Retail,IE,2019-05-08
4256,Felicia Murphy,Retail,US,2024-12-21
4257,Bryan Mitchell,Retail,US,2019-08-28
4258,Larry Curtis,Retail,IE,2020-08-05
4259,Jennifer Lopez,Premier,IE,2018-10-21
4260,Robert Newton,Business,GB,2021-03-17
4261,Christina Hudson,Retail,US,2023-07-12
4262,Sandra Craig,Business,US,2018-06-21
4263,Sabrina Ward,Retail,IE,2022-05-06
4264,Mark Knight,Retail,IE,2019-06-15
4265,Darlene Dixon,Retail,DE,2021-02-17
4266,Daniel White,Retail,US,2023-02-03
4267,Jonathan Cortez,Retail,DE,2022-10-27
4268,Judith Myers,Retail,GB,2023-10-15
4269,Tammie Castillo,Retail,DE,2023-12-29
4270,Rebecca Estrada,Retail,IE,2024-10-29
4271,Angela Rodriguez,Retail,US,2018-07-08
4272,Andre Williams,Premier,US,2018-06-07
4273,Donald Smith,Retail,DE,2023-05-25
4274,Nicholas Ali,Retail,DE,2018-09-03
4275,Jacob Brewer,Retail,GB,2024-07-05
4276,Natalie Watson,Retail,GB,2020-04-29
4277,Matthew Evans,Premier,IE,2022-12-16
4278,Bryan Thomas,Retail,IE,2020-12-30
4279,Timothy Lucero,Retail,IE,2021-08-29
4280,Barbara Fields,Premier,DE,2023-10-28
4281,Rebecca Beard,Retail,DE,2018-06-18
4282,Carrie Rodriguez,Retail,US,2024-02-06
4283,Jordan Tanner,Retail,IE,2022-07-10
4284,Denise Johnson,Business,DE,2024-04-26
4285,Amy Holt,Retail,US,2022-02-18
4286,James Bennett,Retail,IE,2022-12-01
4287,Jeffrey Owens,Retail,GB,2024-06-02
4288,Adam Merritt,Retail,GB,2019-09-12
4289,Tina Walter,Retail,DE,2024-08-04
4290,Michelle Harris,Retail,US,2023-12-05
4291,Michael Richmond,Retail,GB,2018-12-23
4292,Michael Patrick,Business,US,2024-10-22
4293,Amanda Hart DVM,Premier,US,2022-08-05
4294,Michele Conner,Retail,GB,2021-04-26
4295,Natalie Mitchell,Premier,US,2021-07-28
4296,Jacob Hoover,Retail,GB,2022-03-15
4297,Jacqueline Winters,Retail,DE,2022-01-29
4298,Kimberly Flores,Retail,IE,2023-05-18
4299,Jennifer Carpenter,Premier,IE,2021-09-23
4300,William Saunders,Premier,DE,2018-07-18
4301,Michael Preston,Retail,GB,2022-11-23
4302,Jennifer Ali,Business,GB,2020-12-09
4303,David Taylor,Retail,GB,2021-03-11
4304,Maria Hayes,Premier,GB,2022-12-12
4305,Melanie Preston,Business,DE,2022-03-18
4306,Thomas Mcgrath,Retail,IE,2018-01-31
4307,Glenn Chen,Premier,US,2024-07-08
4308,Sarah Berry,Retail,US,2019-10-22
4309,Rebecca Summers,Retail,IE,2024-02-03
4310,Rodney Gilmore,Retail,DE,2024-08-14
4311,Kimberly Stone DDS,Retail,US,2019-07-01
4312,Joshua Dunlap,Business,IE,2021-02-03
4313,Melinda French,Retail,DE,2023-11-15
4314,Gabriel Copeland MD,Retail,US,2024-03-27
4315,Kelly Weiss,Premier,GB,2024-03-24
4316,Gregory Russell,Business,GB,2019-01-06
4317,Ashley Bowman,Retail,DE,2021-01-28
4318,Ruben Woodard,Business,GB,2022-01-08
4319,Aaron Leon,Retail,DE,2022-01-31
4320,Ashley Thomas,Premier,IE,2023-10-04
4321,Travis Allen,Retail,IE,2024-10-07
4322,Roger Weaver,Retail,US,2024-06-20
4323,Robert Johnson,Retail,DE,2021-02-25
4324,Bryan Lopez,Retail,US,2023-09-11
4325,Andrea King,Retail,US,2018-04-03
4326,Jennifer Howard,Retail,IE,2021-07-05
4327,Michael Evans,Retail,US,2023-04-10
4328,Daniel Patterson,Business,GB,2021-05-28
4329,Karen Mendez,Retail,US,2022-04-21
4330,John Johnson,Retail,DE,2019-02-20
4331,Andre Haynes,Retail,GB,2024-08-10
4332,Janet Ryan,Retail,IE,2022-03-25
4333,Michael Oliver,Premier,DE,2024-07-06
4334,Wesley Henry,Premier,GB,2019-11-20
4335,Andrew Freeman,Retail,DE,2022-07-24
4336,Karen Stephens,Retail,GB,2023-08-21
4337,Nathaniel Baldwin,Premier,DE,2022-03-11
4338,Jordan Curry,Retail,DE,2019-02-23
4339,William Johnson,Premier,GB,2021-02-19
4340,Richard Bond,Retail,IE,2020-06-29
4341,Jason Smith,Premier,IE,2021-09-16
4342,Scott Norman,Retail,DE,2022-04-16
4343,Jill Shaw,Retail,DE,2024-07-23
4344,Michael Price,Business,IE,2019-02-16
4345,Martha Williams,Retail,IE,2021-06-01
4346,Melissa Henry,Retail,US,2018-06-02
4347,Elaine Martin,Retail,IE,2021-05-20
4348,Gary Rodriguez,Retail,DE,2018-04-02
4349,Ryan Gonzalez,Retail,GB,2018-11-27
4350,Mr. Reginald Roman,Retail,IE,2022-07-23
4351,Patricia Williams,Retail,US,2020-08-12
4352,Gerald Vega,Retail,US,2021-06-05
4353,Crystal Wallace,Premier,US,2018-07-13
4354,Susan Garcia,Retail,GB,2019-06-14
4355,Patrick Potts,Retail,IE,2021-06-20
4356,Jessica Richardson,Retail,IE,2022-01-13
4357,Alicia Warren,Retail,IE,2019-10-01
4358,Madison Rodriguez,Retail,GB,2022-05-30
4359,Douglas Grant,Retail,GB,2022-05-17
4360,Austin Baker,Retail,DE,2024-11-30
4361,Heather Morales,Retail,US,2024-12-02
4362,Susan Hutchinson,Retail,US,2024-05-24
4363,Christopher Hudson,Retail,IE,2019-11-29
4364,Jill Barajas,Retail,GB,2023-08-08
4365,Dennis Jones,Retail,GB,2022-08-29
4366,Charlene Gutierrez,Retail,IE,2019-06-24
4367,Crystal Hernandez,Retail,IE,2018-11-26
4368,Michael Smith,Premier,DE,2019-04-15
4369,Richard Rodriguez,Retail,US,2019-06-18
4370,Lauren Smith,Retail,US,2023-05-17
4371,Breanna Mccall,Retail,US,2019-04-12
4372,Rebecca Lopez,Retail,DE,2024-10-03
4373,John Garcia,Retail,IE,2020-02-01
4374,Mark Weaver,Retail,IE,2020-10-02
4375,Brianna Martinez,Premier,US,2020-06-09
4376,Shannon Jones,Retail,US,2024-06-13
4377,Victoria Knight,Business,DE,2023-05-10
4378,Paul Franco,Retail,GB,2024-07-09
4379,Darin Baker,Retail,GB,2020-08-11
4380,Jeffrey Harrell,Retail,US,2021-12-14
4381,Alyssa Powers,Retail,DE,2022-07-31
4382,Jeanette Obrien,Retail,US,2020-04-11
4383,Nicole Anderson,Retail,GB,2020-04-23
4384,Rachel Oneal,Retail,US,2024-04-16
4385,Nicole Moore,Business,GB,2021-08-12
4386,Donna Mejia,Premier,GB,2018-07-03
4387,Andre Jones,Retail,GB,2021-07-07
4388,Steven Thomas,Retail,IE,2022-08-18
4389,Jaclyn Long,Retail,IE,2024-02-12
4390,Robert Stark,Retail,US,2021-12-03
4391,Joseph Murphy,Retail,GB,2022-12-02
4392,Travis Dixon,Retail,IE,2019-09-19
4393,Seth Barker,Retail,US,2023-08-18
4394,Tammy Jacobs,Retail,US,2020-02-22
4395,Laura Harrison,Business,US,2022-02-16
4396,John Peterson,Retail,US,2022-11-20
4397,Lynn King,Business,US,2020-02-14
4398,Devon Roberts,Retail,DE,2022-10-26
4399,Emily Bullock,Retail,GB,2023-02-07
4400,Kylie Bailey,Retail,US,2020-10-03
4401,Roger Holmes,Retail,DE,2019-11-08
4402,Dennis Coleman,Retail,GB,2023-01-05
4403,Patricia Zamora,Retail,IE,2018-07-30
4404,Randy Phillips,Retail,US,2021-08-29
4405,Heather Daniels,Retail,DE,2022-06-16
4406,Robert Perkins,Retail,IE,2021-09-22
4407,Nathaniel Walter,Retail,DE,2019-05-05
4408,Christine Tyler,Retail,GB,2021-11-27
4409,Catherine Holland,Retail,GB,2018-07-10
4410,David Washington III,Retail,IE,2020-04-22
4411,Kimberly Thomas,Retail,DE,2018-12-01
4412,Dawn Levy,Business,US,2022-07-01
4413,Victoria Smith,Retail,US,2021-01-15
4414,Timothy Reilly,Premier,IE,2019-08-02
4415,William Silva,Retail,IE,2018-03-03
4416,Keith Gonzalez,Retail,IE,2019-01-22
4417,Jeffrey Holden,Retail,DE,2021-03-15
4418,Karen Hughes,Retail,US,2024-01-10
4419,Christopher Ward,Retail,US,2019-09-11
4420,Amy Boone,Premier,US,2022-08-11
4421,Joshua Adams,Retail,IE,2023-02-21
4422,Tammy Mcdaniel,Retail,US,2024-02-04
4423,Steven Knight,Retail,GB,2019-05-02
4424,George Weber,Business,IE,2021-07-01
4425,Jeffrey Hall,Retail,US,2024-12-22
4426,Laura Adams,Retail,DE,2019-06-25
4427,Sara Hernandez,Retail,IE,2022-03-16
4428,Emily Robinson,Premier,GB,2023-08-23
4429,Samantha Harris,Business,GB,2018-05-31
4430,Tiffany Davis,Retail,DE,2020-12-09
4431,Veronica Nelson,Premier,DE,2021-05-23
4432,Mr. Ryan Walker,Premier,IE,2020-09-17
4433,Christopher Thompson,Retail,IE,2019-01-07
4434,Brian Allen,Retail,GB,2021-02-10
4435,Kevin Greene,Retail,DE,2024-04-18
4436,Daniel Garcia,Business,IE,2023-10-02
4437,Micheal Ramos,Retail,GB,2021-02-27
4438,Janice Gilbert,Premier,DE,2018-07-12
4439,Joshua Nelson,Retail,GB,2020-12-16
4440,Katherine Clarke,Premier,US,2023-11-15
4441,Erica Porter,Retail,DE,2018-07-17
4442,Sara Obrien,Retail,IE,2024-01-04
4443,Michael Burke,Premier,IE,2022-05-18
4444,Jamie French,Premier,US,2022-05-20
4445,Ernest Sullivan,Premier,DE,2019-11-15
4446,Earl Hall,Retail,GB,2018-11-29
4447,Julie Johnson,Retail,IE,2021-05-28
4448,Dana Wolfe,Retail,US,2021-11-22
4449,Robert Price,Retail,US,2021-09-27
4450,James Henry,Retail,DE,2022-12-27
4451,Susan Davis,Retail,DE,2024-01-29
4452,Darryl Richardson,Retail,IE,2022-01-31
4453,Karen Jackson DVM,Business,US,2022-11-07
4454,Linda Patrick,Retail,GB,2023-07-04
4455,Veronica Diaz,Retail,US,2021-04-27
4456,Ann Moon,Retail,GB,2021-02-17
4457,Michael Williams,Retail,GB,2018-04-15
4458,Timothy Chavez,Retail,IE,2020-03-17
4459,Scott Ramirez,Business,US,2020-11-30
4460,Crystal Collins,Premier,GB,2020-06-07
4461,Crystal Davis,Business,DE,2018-11-17
4462,Matthew Mueller,Business,GB,2024-07-10
4463,Teresa Thompson,Retail,DE,2024-04-30
4464,Teresa Jacobson,Retail,DE,2022-02-09
4465,Robert Gonzalez,Retail,US,2024-07-27
4466,Andrea Garcia,Retail,DE,2022-04-18
4467,Cassandra Martinez,Retail,GB,2022-12-02
4468,Philip Cummings,Retail,DE,2022-02-28
4469,Timothy Sanchez,Retail,US,2023-04-03
4470,Scott Miranda,Retail,IE,2023-02-09
4471,Alicia Wagner,Retail,GB,2021-11-06
4472,Chad Williams,Retail,GB,2022-02-13
4473,Carlos Hensley,Retail,US,2023-05-14
4474,Laura Ramirez,Retail,US,2018-01-05
4475,Christopher Rodriguez,Retail,US,2023-09-13
4476,Mark Webster,Premier,US,2021-03-14
4477,James Smith,Retail,GB,2024-07-26
4478,Robert Byrd,Retail,IE,2024-11-17
4479,Joshua Powell,Premier,DE,2018-12-14
4480,Tonya Harding,Retail,DE,2022-11-01
4481,Larry Higgins,Retail,IE,2018-05-05
4482,Nicole Mills,Retail,IE,2022-12-19
4483,Jonathan Porter,Retail,IE,2024-08-01
4484,Christine Greene,Premier,US,2019-05-13
4485,Edwin Munoz,Premier,GB,2021-03-22
4486,James Brooks,Retail,GB,2018-02-22
4487,Craig Smith,Retail,GB,2018-05-29
4488,Mark Thomas,Retail,US,2019-05-18
4489,Rachel Curry,Retail,GB,2020-05-19
4490,Elizabeth Sanchez,Retail,US,2018-08-07
4491,Darren Gonzales,Retail,GB,2021-07-24
4492,Mr. John Khan,Retail,IE,2024-11-04
4493,Jason Williams,Retail,DE,2023-11-01
4494,Stephanie Livingston,Retail,DE,2020-01-08
4495,Anthony Marshall,Retail,US,2024-09-17
4496,Matthew Hamilton,Retail,GB,2018-10-17
4497,Heather Hunt,Premier,DE,2024-10-03
4498,Timothy Melton,Retail,IE,2018-12-05
4499,Harold Lee,Retail,IE,2022-08-21
4500,Carol Gay,Business,IE,2023-02-12
4501,Michael Nelson,Retail,US,2020-09-13
4502,Daniel Meyer,Retail,US,2020-08-16
4503,Jamie Lindsey,Retail,GB,2021-05-15
4504,Marc Mitchell,Retail,IE,2021-07-12
4505,Jose Martinez,Retail,GB,2023-06-30
4506,John Gallagher,Retail,GB,2019-01-08
4507,Richard Chandler,Retail,IE,2022-02-20
4508,Andrea Donaldson,Premier,GB,2019-06-15
4509,Jamie Guerrero,Retail,DE,2020-07-12
4510,Nathan Adams,Retail,US,2018-01-23
4511,Thomas Davis,Premier,GB,2023-11-22
4512,James Williams,Retail,IE,2018-08-29
4513,Troy Lee,Premier,US,2020-10-01
4514,Jennifer Mckenzie,Retail,US,2023-03-12
4515,Joshua Scott,Premier,GB,2021-03-11
4516,April Jones,Retail,DE,2020-03-24
4517,Deborah Webb,Premier,GB,2019-10-17
4518,John Zavala,Business,DE,2020-02-22
4519,Katherine Miller,Retail,US,2024-06-12
4520,Steven Jensen,Retail,GB,2018-01-08
4521,Sarah Sosa,Retail,IE,2022-09-11
4522,Justin Small,Retail,GB,2019-07-29
4523,Erin Ortega,Retail,DE,2020-06-30
4524,Mary Conley,Retail,DE,2019-06-02
4525,Melanie Drake,Retail,GB,2022-03-22
4526,Danielle Briggs,Retail,DE,2019-04-28
4527,Dillon Case,Retail,US,2024-03-04
4528,William Esparza,Retail,GB,2019-08-02
4529,Kevin Solis,Retail,DE,2019-01-22
4530,Roger Peters,Retail,GB,2019-02-16
4531,Colleen Blanchard,Retail,GB,2023-02-09
4532,Christian Garcia,Retail,IE,2021-10-25
4533,Heidi Newton,Retail,GB,2021-10-08
4534,Gary Miller,Retail,IE,2023-05-22
4535,John Hebert,Retail,DE,2021-09-21
4536,Erik Small,Premier,IE,2020-06-24
4537,Robert Moore,Retail,IE,2021-08-05
4538,Andre Pace,Retail,IE,2020-08-20
4539,David Koch,Retail,US,2020-08-22
4540,Tyler Chapman MD,Premier,IE,2023-12-28
4541,Donna Bishop,Business,GB,2023-05-31
4542,Christopher Murphy,Retail,IE,2024-06-05
4543,Bradley Miller,Retail,GB,2020-11-02
4544,Alejandra Fernandez,Premier,IE,2019-10-26
4545,Brandon Cordova PhD,Retail,US,2020-04-04
4546,Wendy Smith,Retail,DE,2023-03-03
4547,Casey Terrell,Retail,IE,2024-09-13
4548,Michael Serrano,Retail,IE,2020-09-18
4549,Kenneth Williams,Business,US,2021-02-06
4550,Erin Williams,Business,IE,2024-01-06
4551,Virginia Mendez,Premier,GB,2022-10-06
4552,Cheryl Jackson,Retail,IE,2024-06-12
4553,Wyatt Rodriguez,Premier,IE,2020-12-19
4554,Lisa Fox,Retail,DE,2019-03-11
4555,Diane Brown,Retail,DE,2018-01-21
4556,Debbie Schneider,Premier,IE,2024-08-26
4557,Anne Obrien,Retail,US,2024-04-11
4558,Amanda Phelps,Retail,DE,2023-04-10
4559,Melissa Patrick,Retail,IE,2022-01-12
4560,Jordan Carter,Premier,DE,2021-01-04
4561,Jennifer Roman,Retail,IE,2019-01-25
4562,William Parker,Retail,DE,2021-09-16
4563,David Hernandez,Retail,DE,2024-04-25
4564,Bobby Matthews,Premier,GB,2019-03-02
4565,Brian Cole,Premier,IE,2022-09-22
4566,Benjamin Townsend,Retail,IE,2020-10-26
4567,Lauren Higgins,Retail,IE,2018-01-06
4568,Bryan Newman,Retail,IE,2018-07-10
4569,Kristen Matthews,Business,DE,2018-05-28
4570,Christine Kennedy,Retail,GB,2019-02-09
4571,Christopher Lee,Business,GB,2018-09-15
4572,Andre Farrell,Retail,US,2023-11-08
4573,Cody Jimenez,Premier,IE,2020-04-03
4574,Jennifer Fletcher,Premier,US,2018-01-10
4575,Casey Murphy,Retail,DE,2021-01-15
4576,Jennifer Edwards,Business,US,2020-04-17
4577,Lacey Graves,Retail,IE,2020-09-14
4578,Richard Best,Retail,GB,2019-09-17
4579,John Mcneil,Retail,GB,2018-01-30
4580,Stephen Allen,Premier,IE,2023-12-16
4581,Tina Solomon,Retail,DE,2024-10-04
4582,Jennifer Townsend,Retail,IE,2020-12-14
4583,Michelle Mcbride,Retail,DE,2024-06-10
4584,Aaron Webb,Retail,GB,2019-06-30
4585,Kathryn Clark,Retail,DE,2021-02-02
4586,Matthew Doyle,Retail,IE,2021-04-10
4587,Kiara Preston,Premier,IE,2022-03-03
4588,Lisa Salazar MD,Retail,IE,2023-09-01
4589,Rebecca Gibson,Retail,DE,2024-09-04
4590,Kimberly Ryan,Retail,DE,2019-09-09
4591,Amanda Cook,Retail,DE,2018-05-29
4592,Mark Conner,Premier,GB,2022-12-17
4593,Shawn Hickman,Business,US,2024-06-04
4594,Lisa Hall,Retail,US,2018-06-21
4595,Kevin Cole,Premier,IE,2018-02-16
4596,Matthew Williams,Premier,GB,2019-09-18
4597,Tanner King,Premier,DE,2022-12-16
4598,Joseph Williams,Retail,IE,2024-03-04
4599,Joann Sanders,Business,GB,2019-03-29
4600,Tyler Lang,Retail,IE,2021-11-19
4601,Robert Payne,Retail,GB,2020-01-24
4602,Jonathan Cisneros,Retail,GB,2020-10-05
4603,Margaret Torres,Retail,US,2021-02-07
4604,Amber Zhang,Retail,IE,2021-05-10
4605,Matthew Roberts,Retail,DE,2018-06-17
4606,David Hays,Retail,US,2018-03-27
4607,Erin Gardner,Premier,US,2022-08-05
4608,Michael Miller,Premier,DE,2023-06-06
4609,Theresa Smith,Retail,GB,2020-04-28
4610,Paul Scott,Premier,DE,2022-01-26
4611,Megan Perry,Premier,IE,2019-03-18
4612,Christina Martin,Premier,DE,2018-09-28
4613,Timothy Collins,Retail,GB,2022-05-20
4614,Kimberly Jones,Retail,DE,2018-12-10
4615,Dr. Sarah Smith,Business,GB,2021-04-21
4616,Richard Bauer,Retail,GB,2024-12-25
4617,Traci Wilson,Retail,IE,2024-12-16
4618,Bryan Miranda,Retail,DE,2021-06-11
4619,Julie Martinez,Retail,DE,2024-04-10
4620,Diana Miller,Retail,IE,2022-03-13
4621,Heather Hughes,Retail,GB,2018-09-24
4622,Tony Swanson,Retail,DE,2022-07-12
4623,Lisa Montes,Premier,IE,2020-06-11
4624,Wendy Martin,Premier,GB,2024-02-27
4625,Joseph Norris,Retail,IE,2018-08-27
4626,William Todd,Business,DE,2020-07-03
4627,Gerald Price,Retail,IE,2021-12-09
4628,Ashley Hunt,Retail,US,2024-12-06
4629,Christy Lee,Premier,GB,2021-12-31
4630,Patricia Adkins,Premier,US,2024-04-12
4631,Willie Perez,Business,US,2023-02-25
4632,Susan Snyder,Retail,GB,2024-01-09
4633,Jasmine Day,Premier,GB,2021-11-16
4634,Andrew Chavez,Retail,IE,2024-03-08
4635,Henry Huerta,Premier,GB,2019-01-02
4636,Mariah Perry,Premier,US,2022-05-13
4637,Tracy Atkins,Retail,US,2018-03-27
4638,Ryan Wheeler,Retail,DE,2022-10-03
4639,Audrey Taylor,Premier,GB,2022-07-16
4640,Zachary Swanson MD,Retail,US,2023-08-04
4641,Amanda Conley,Retail,DE,2024-10-29
4642,Eric Short,Premier,DE,2019-09-12
4643,Scott Brown,Retail,IE,2024-06-09
4644,Victor Taylor,Premier,US,2018-05-12
4645,James Hernandez,Retail,IE,2020-06-22
4646,Jason Jones,Retail,US,2020-09-14
4647,Angela Parker,Premier,IE,2021-05-06
4648,Alexander Zavala,Retail,IE,2023-09-26
4649,Michael Kane,Retail,GB,2022-10-30
4650,Lindsey York,Premier,IE,2021-05-11
4651,Brandon Baker,Retail,GB,2021-07-08
4652,Stephen White,Retail,DE,2019-11-21
4653,Robert Hall,Retail,US,2020-11-13
4654,Ryan Pierce,Premier,DE,2019-11-18
4655,Shannon Cain,Premier,US,2020-02-25
4656,Laura Vaughn,Premier,DE,2018-12-06
4657,Juan Evans,Retail,US,2019-02-16
4658,Nicole Williams,Premier,IE,2023-06-20
4659,Jennifer Barrett,Retail,US,2018-10-13
4660,Anthony Jones,Retail,US,2021-01-14
4661,Leah Rodriguez,Retail,DE,2020-04-29
4662,John Ward,Premier,DE,2019-03-06
4663,Deborah Garza,Premier,DE,2022-05-24
4664,Rebecca Miller,Retail,GB,2018-01-31
4665,Matthew Carroll,Retail,GB,2019-08-26
4666,Lynn Smith,Premier,US,2019-03-16
4667,Michael Jackson,Retail,US,2020-09-11
4668,Sharon Hicks,Business,IE,2021-10-04
4669,Abigail Mills MD,Retail,IE,2023-04-03
4670,Paula Lopez,Retail,US,2019-02-16
4671,Amy Clark,Retail,GB,2019-06-12
4672,Cheryl Rose,Retail,US,2018-11-06
4673,Jared Garza,Business,IE,2022-12-17
4674,Donna Wright,Retail,GB,2021-09-23
4675,Belinda Fisher,Premier,GB,2023-08-01
4676,Kathleen Levine,Retail,IE,2024-10-20
4677,Corey King,Retail,US,2019-12-05
4678,Cody Davidson,Retail,DE,2019-10-25
4679,Michael Anderson,Retail,US,2018-12-31
4680,Zachary Mcgee,Business,US,2020-07-11
4681,Melinda Anderson,Retail,IE,2023-12-01
4682,Tyler Andrews,Retail,GB,2018-06-25
4683,Michelle Greer,Retail,IE,2021-03-18
4684,Brian Clark,Retail,US,2021-04-16
4685,Nathaniel Floyd,Retail,DE,2020-07-24
4686,Erika Jenkins,Premier,DE,2019-01-17
4687,Melanie Ramos,Retail,DE,2021-07-06
4688,Mark Clark,Retail,IE,2021-04-27
4689,Sergio Hodge,Retail,GB,2018-11-02
4690,Katherine Avery,Business,IE,2021-11-02
4691,David Hamilton,Retail,DE,2019-08-25
4692,Richard Bass,Retail,US,2024-07-18
4693,Kelly Harris,Retail,GB,2024-01-13
4694,Dustin Campbell,Retail,IE,2019-12-13
4695,Randy Kennedy,Retail,IE,2022-01-05
4696,Ana Gibson,Retail,GB,2019-02-07
4697,Danny Harris,Premier,GB,2019-09-06
4698,Sara Stuart,Retail,US,2022-12-07
4699,John Kim,Premier,GB,2018-06-26
4700,Richard Brewer,Retail,US,2019-03-25
4701,William Arnold,Retail,DE,2020-01-13
4702,Brianna Adams,Retail,DE,2022-04-14
4703,David Garcia,Retail,IE,2023-06-02
4704,Kelli Collins,Premier,DE,2024-06-06
4705,Arthur Krueger,Retail,DE,2018-11-03
4706,Steven King,Retail,US,2020-01-21
4707,Tyler Velazquez,Retail,IE,2020-05-18
4708,Laura Middleton,Business,GB,2018-08-02
4709,Lori Madden,Retail,IE,2022-06-06
4710,Tyler Murphy,Business,DE,2022-07-22
4711,Kristen Bradley,Retail,GB,2024-12-05
4712,Corey Rodriguez,Retail,IE,2022-05-17
4713,Phillip King,Retail,IE,2023-12-21
4714,Laurie Fuller,Retail,IE,2022-07-31
4715,Toni Cunningham,Retail,IE,2019-05-27
4716,James Weber,Retail,US,2024-03-08
4717,Erika Hodge,Business,IE,2020-09-13
4718,Peter Patel,Premier,DE,2018-09-10
4719,Jeffrey Hart DDS,Premier,DE,2018-02-07
4720,Steven Hall,Retail,US,2019-09-21
4721,Christine Gutierrez,Retail,GB,2020-09-13
4722,Angel Becker DVM,Retail,GB,2022-09-22
4723,Chad Rojas,Premier,DE,2023-09-25
4724,Brent Scott,Business,DE,2022-01-17
4725,Jennifer Esparza,Retail,US,2022-08-29
4726,Stacy Orozco,Retail,GB,2018-11-01
4727,Thomas Carr,Retail,GB,2022-10-05
4728,David George,Retail,IE,2024-03-30
4729,Teresa Allen,Retail,IE,2018-09-02
4730,Donald Jackson,Retail,IE,2022-10-11
4731,Monica Howe,Premier,US,2024-01-15
4732,Willie Flynn PhD,Retail,DE,2020-10-21
4733,Jonathan Perez,Retail,US,2018-08-05
4734,April Horton,Business,GB,2019-05-22
4735,Nicole Hawkins,Retail,DE,2020-01-31
4736,Patrick Hooper,Retail,IE,2020-11-19
4737,Mary Lee,Retail,US,2023-03-20
4738,Cynthia Williams,Retail,US,2018-10-02
4739,Ronald Gonzalez,Retail,IE,2019-05-07
4740,Antonio Cole,Premier,US,2020-04-06
4741,Amanda Swanson,Retail,IE,2020-08-08
4742,Holly Sherman,Retail,GB,2021-03-24
4743,Sandy Reynolds,Retail,DE,2021-01-05
4744,Sandra Moore,Retail,GB,2022-06-25
4745,Christopher Johnson,Premier,GB,2021-12-26
4746,Ryan Fisher,Premier,IE,2018-02-08
4747,Christopher Jones,Retail,US,2024-04-05
4748,Jeffrey Lyons,Premier,GB,2023-12-10
4749,Miguel Reeves,Retail,GB,2018-05-24
4750,Kiara Santana,Business,GB,2024-11-07
4751,Tonya Richards,Retail,US,2024-08-12
4752,Jesse Poole,Business,US,2020-01-29
4753,Mary Lewis,Premier,IE,2018-09-04
4754,Christopher Copeland,Retail,GB,2020-02-04
4755,Ethan Obrien,Retail,DE,2024-08-19
4756,Rebecca Houston,Business,US,2021-08-07
4757,Edward Barton,Premier,IE,2018-07-26
4758,Brandon Perkins,Retail,GB,2023-07-12
4759,Beth Brown,Premier,DE,2024-04-08
4760,Kim Vincent,Retail,US,2024-06-07
4761,Jennifer Banks,Retail,DE,2021-08-10
4762,Ruth Brown,Retail,US,2019-12-02
4763,Shawn Lindsey,Retail,IE,2018-10-15
4764,Anthony Garrison,Premier,DE,2024-01-11
4765,Angela Ryan,Retail,GB,2022-05-13
4766,Joseph Davis,Premier,GB,2024-10-06
4767,Joshua Clayton,Retail,US,2020-04-29
4768,John Massey,Retail,GB,2018-02-19
4769,Richard Hale,Retail,DE,2021-05-15
4770,Charles Ramos,Retail,IE,2024-03-10
4771,Mark Miller,Retail,US,2023-03-24
4772,Julia Maldonado,Retail,DE,2022-08-14
4773,Gail Johnson MD,Retail,US,2022-10-07
4774,Maurice Johnson,Retail,IE,2021-09-05
4775,Amanda Morris,Retail,US,2022-11-26
4776,Rhonda Willis,Retail,GB,2023-05-15
4777,Connor Benton,Premier,GB,2020-12-24
4778,Richard Ryan,Business,US,2021-03-01
4779,Richard Goodman,Retail,IE,2024-07-09
4780,Michelle Mcneil,Retail,IE,2018-02-01
4781,Michael Norton,Retail,GB,2020-05-17
4782,Donna Carter,Business,IE,2021-06-20
4783,Joshua Hernandez,Retail,US,2021-04-30
4784,Kimberly Mitchell,Retail,DE,2021-03-11
4785,Patricia Hernandez,Retail,US,2022-08-11
4786,Donna Howell,Retail,GB,2019-08-24
4787,James Williams,Retail,GB,2023-07-19
4788,Alexander Greene,Premier,GB,2022-05-04
4789,Dean Sanchez,Retail,IE,2020-09-14
4790,Glenn Ward,Retail,US,2021-04-29
4791,Kendra Sullivan,Retail,DE,2023-05-20
4792,Cynthia Hernandez,Retail,US,2021-12-10
4793,Darren Morris,Business,DE,2019-06-04
4794,Holly Underwood,Retail,US,2022-10-25
4795,Jaime Williams,Premier,GB,2020-05-18
4796,Lori Brown,Retail,DE,2023-08-26
4797,Jason Chase,Retail,US,2023-01-06
4798,Lisa Buchanan,Business,IE,2021-02-03
4799,Marcus Fields,Retail,IE,2018-10-10
4800,Tammy Lopez,Premier,US,2018-12-27
4801,Derek Williams,Retail,GB,2020-11-24
4802,James Davenport,Premier,DE,2023-12-01
4803,Justin Moreno,Retail,US,2024-06-13
4804,Mario Green,Retail,IE,2023-04-19
4805,Cassandra Fry,Premier,DE,2020-08-16
4806,Dr. Jose Gray DDS,Business,IE,2020-12-12
4807,Amy Adams,Business,IE,2021-01-09
4808,Austin Horton,Premier,US,2022-06-28
4809,Elizabeth Jackson,Premier,IE,2021-10-24
4810,Maureen Cross,Retail,DE,2024-04-08
4811,Christopher Sanchez,Retail,GB,2018-01-31
4812,Mitchell Richardson,Retail,US,2019-12-05
4813,Kelsey Lewis,Retail,DE,2020-05-18
4814,Richard Miller,Retail,US,2021-10-16
4815,Samantha Carter,Retail,IE,2018-08-21
4816,Mrs. Heather Christensen,Retail,IE,2020-11-23
4817,Sharon Williams,Retail,DE,2021-06-20
4818,Daryl Lowe,Retail,DE,2020-08-08
4819,Michael Carter,Retail,GB,2018-02-28
4820,Susan Johnson,Retail,DE,2018-10-29
4821,James Jenkins,Premier,DE,2023-08-08
4822,Dylan Johnston,Premier,US,2023-11-30
4823,Kathy Hull,Retail,IE,2023-04-08
4824,Monica Richardson,Retail,DE,2018-11-13
4825,Kathryn White,Retail,GB,2023-03-04
4826,Mrs. Valerie Owens,Retail,DE,2021-03-14
4827,Amy Watts,Retail,IE,2019-11-21
4828,Michael Brown,Retail,DE,2023-02-25
4829,Cynthia Hendricks,Retail,US,2023-05-08
4830,Phillip Kelly,Retail,IE,2018-01-18
4831,Deanna Edwards,Business,DE,2021-03-24
4832,Jennifer Walker,Business,US,2022-03-10
4833,Brian Davis,Retail,IE,2020-02-17
4834,Kelsey Griffith,Retail,DE,2018-12-26
4835,Kimberly Obrien,Retail,US,2018-11-28
4836,Kevin Mccoy,Retail,GB,2023-04-26
4837,Daniel Sullivan,Business,US,2019-06-12
4838,Darius Khan,Retail,GB,2023-08-22
4839,Miranda Huber,Premier,DE,2021-01-03
4840,Lisa Wagner,Retail,US,2018-07-31
4841,Erin Price,Business,GB,2022-09-11
4842,Jonathan Russell,Retail,IE,2024-05-19
4843,Sharon Snow,Premier,US,2020-11-19
4844,Cody Hoover,Retail,DE,2020-10-29
4845,Alyssa Rodriguez PhD,Retail,IE,2021-08-25
4846,Carl Harper,Retail,GB,2021-08-26
4847,Dana Bennett,Retail,US,2024-10-09
4848,Michael Baker,Business,US,2023-01-15
4849,William Wilson,Business,DE,2022-12-01
4850,Jennifer Smith,Premier,IE,2022-09-24
4851,Cindy Richardson,Retail,US,2019-08-14
4852,Brandi Brown,Premier,US,2022-09-11
4853,Benjamin Martinez,Retail,IE,2023-11-09
4854,Patricia Mitchell,Retail,US,2019-04-01
4855,Courtney Sanders,Retail,IE,2019-03-20
4856,Ryan Willis,Retail,IE,2018-03-20
4857,Jennifer Jackson,Retail,IE,2022-02-07
4858,Teresa Obrien,Retail,DE,2020-07-15
4859,Angel Hayes,Retail,IE,2023-11-21
4860,Jason Davis,Premier,IE,2019-09-15
4861,Melissa Mathews,Retail,GB,2022-01-19
4862,Joseph Russell,Retail,GB,2018-08-22
4863,Sandra Mccoy,Retail,DE,2022-06-06
4864,Gail Vasquez,Retail,IE,2023-07-24
4865,Jeffrey Gibbs,Retail,GB,2019-01-22
4866,Michael Wilson,Retail,GB,2022-06-23
4867,Richard Smith,Retail,US,2018-02-07
4868,Corey Mooney,Retail,IE,2021-03-30
4869,Christina Myers,Retail,GB,2022-01-25
4870,Anita Pitts,Premier,DE,2023-05-22
4871,Christian Bryant,Retail,US,2022-01-12
4872,Patrick Garcia,Retail,US,2018-08-29
4873,Daniel Merritt,Premier,IE,2020-11-15
4874,Robert Hicks,Retail,IE,2022-07-30
4875,Kenneth Washington,Retail,US,2019-07-16
4876,Jessica Hoffman,Premier,DE,2023-06-23
4877,Lisa Riggs,Retail,IE,2020-03-16
4878,Donna Mccarty,Retail,IE,2023-04-14
4879,Eric Spencer,Retail,US,2024-06-03
4880,Victoria Deleon,Retail,US,2020-03-15
4881,David Roy,Retail,IE,2024-01-11
4882,Nancy Rice,Retail,GB,2022-08-03
4883,Daniel Brewer,Retail,IE,2024-11-20
4884,Becky Garcia,Retail,GB,2023-09-28
4885,Michael Smith,Retail,US,2022-08-05
4886,Katie Kaiser,Retail,GB,2018-02-15
4887,Amy Roberts,Retail,DE,2022-07-10
4888,Taylor Espinoza,Retail,US,2018-03-23
4889,David Aguirre,Retail,IE,2024-05-09
4890,Kyle Armstrong,Business,IE,2024-09-07
4891,Jennifer Weber,Retail,US,2022-12-15
4892,Sheila Douglas,Retail,US,2020-02-29
4893,Maria Malone,Retail,DE,2019-08-18
4894,Megan Juarez,Retail,US,2023-10-07
4895,Ann Boyd,Business,IE,2018-01-01
4896,Richard Riley,Retail,DE,2024-03-13
4897,Laura Thomas,Business,IE,2022-02-05
4898,Elizabeth Barton,Retail,GB,2020-02-05
4899,Laura Sparks,Premier,US,2019-11-02
4900,Tiffany Zamora,Retail,GB,2022-05-21
4901,Ryan Roman,Premier,IE,2020-07-03
4902,Richard Parsons,Retail,GB,2023-01-19
4903,Justin Yu,Retail,GB,2023-06-19
4904,Marcus Johnson,Retail,IE,2018-04-05
4905,Brittney Bowman,Retail,IE,2019-05-08
4906,Jason Snow,Business,US,2018-05-30
4907,Carrie Lewis,Retail,GB,2020-11-12
4908,Wendy Perez,Retail,DE,2021-05-23
4909,Erika Bates,Premier,DE,2019-02-03
4910,Marie Roach,Retail,IE,2024-09-23
4911,Mary Hoffman,Business,IE,2023-12-19
4912,Robert Mitchell,Premier,GB,2020-05-04
4913,Gregory Russell,Retail,IE,2024-01-05
4914,Vicki Barrera,Premier,DE,2019-01-16
4915,Jessica Johnson,Retail,US,2019-07-06
4916,Rachel Sullivan,Retail,US,2018-10-22
4917,Kimberly Thomas,Retail,GB,2021-02-17
4918,Anna Pierce,Retail,US,2019-04-01
4919,Haley Mccoy,Premier,IE,2022-04-03
4920,Claire Hoffman,Business,IE,2018-06-18
4921,Annette Rivas,Retail,IE,2019-12-11
4922,Pamela Aguirre,Retail,IE,2023-05-01
4923,George Bradshaw,Business,GB,2023-07-13
4924,Ryan Waters,Retail,US,2023-09-16
4925,Chase Matthews,Retail,DE,2022-09-18
4926,Sarah Nelson,Retail,US,2021-07-08
4927,Sarah Wall,Business,IE,2024-03-28
4928,Paul Smith,Retail,DE,2018-09-11
4929,Kayla Burke,Premier,GB,2024-07-04
4930,Jean Murillo,Premier,IE,2021-08-13
4931,William Hughes,Retail,IE,2023-08-20
4932,Brad Lee,Retail,DE,2024-10-29
4933,Samantha Morrow,Premier,GB,2023-10-27
4934,Tony Brooks,Retail,DE,2024-02-19
4935,Matthew Miller,Premier,GB,2019-02-05
4936,Angel Rojas,Business,IE,2023-11-27
4937,Jason Thompson,Retail,US,2023-05-01
4938,Christina Aguilar,Premier,IE,2024-04-29
4939,Jason Thomas,Premier,US,2024-07-04
4940,Connie Ramirez,Premier,US,2018-12-29
4941,Jon Ramos,Retail,GB,2024-04-25
4942,Christopher Klein,Retail,DE,2021-09-20
4943,Charles Powell,Retail,GB,2018-03-26
4944,Megan Carlson,Retail,IE,2022-03-26
4945,Justin Davis,Retail,DE,2022-12-30
4946,Molly Mckenzie,Premier,US,2018-11-04
4947,Tammy Hendrix,Retail,US,2018-09-19
4948,Tara Jones,Retail,IE,2023-04-06
4949,Alison Zuniga,Retail,DE,2019-09-23
4950,Deborah Waller,Premier,IE,2019-11-11
4951,Jesse Davis,Retail,IE,2020-05-14
4952,Timothy Howard,Retail,GB,2024-06-29
4953,Christina Moon,Retail,IE,2022-09-22
4954,John Ho,Premier,DE,2023-01-26
4955,Daniel Ferrell,Retail,IE,2019-12-28
4956,Megan Miller,Retail,DE,2021-06-14
4957,James Robinson,Business,US,2022-07-07
4958,Roger Petty,Premier,IE,2018-08-05
4959,John Payne,Business,DE,2021-06-23
4960,Jamie Lee,Retail,US,2019-03-24
4961,Steven Gardner,Retail,DE,2018-11-15
4962,Kevin Barber,Premier,US,2023-03-25
4963,Kenneth Williams,Retail,GB,2023-09-16
4964,Elizabeth Williams,Premier,IE,2020-11-23
4965,Jessica Mitchell,Retail,IE,2018-02-08
4966,Jesse Fleming,Retail,US,2022-05-22
4967,Jennifer Ferguson,Retail,GB,2024-03-06
4968,Susan Figueroa,Retail,DE,2020-04-09
4969,Mr. Thomas Jones PhD,Retail,GB,2020-05-05
4970,Sherry Shannon,Retail,DE,2023-02-02
4971,Samantha Garcia,Business,DE,2021-01-07
4972,Joseph Beltran,Retail,IE,2022-02-09
4973,Joshua Navarro,Retail,US,2024-10-17
4974,Nicholas Obrien II,Premier,IE,2022-12-26
4975,Ronald Baxter,Retail,IE,2020-04-21
4976,Sherri Charles,Retail,IE,2023-09-11
4977,Michael Flores,Premier,DE,2024-09-06
4978,Darryl Christensen,Retail,IE,2021-06-09
4979,Allison Floyd,Premier,DE,2024-02-18
4980,Michelle Patterson,Premier,US,2023-04-24
4981,Wendy Chavez,Business,DE,2018-09-27
4982,Jennifer Hurley,Retail,DE,2023-10-26
4983,Jared Chan,Retail,GB,2020-01-05
4984,Ricky Diaz,Retail,IE,2020-06-02
4985,Joshua Miller,Retail,IE,2024-05-20
4986,Catherine Soto,Premier,IE,2021-01-17
4987,Christopher Gay,Retail,IE,2019-10-11
4988,Mary Smith,Retail,GB,2021-03-25
4989,William Giles,Premier,GB,2024-04-16
4990,Jennifer Hernandez,Retail,GB,2023-11-13
4991,Matthew Giles,Retail,GB,2018-01-17
4992,Kenneth Murphy,Retail,IE,2018-04-27
4993,Jesus Wheeler,Premier,DE,2020-09-09
4994,Kevin Barton,Retail,US,2024-07-08
4995,Jeffrey Lynch,Premier,GB,2023-01-21
4996,Joshua Smith,Retail,DE,2022-03-26
4997,Steven Johnson,Premier,GB,2023-12-04
4998,Andrew Jacobs,Premier,IE,2020-08-20
4999,Mary Daniels,Retail,IE,2021-06-30
5000,Linda Holt,Retail,DE,2020-04-26
